公司代號,投資公司名稱,投資公司英文全稱,英文簡稱,產業類別,境外投資公司名稱,境外子公司名稱,地區別代號,持股比例,FACILITY_NAME,facility_address,city,state,zip,latitude,longitude,ICIS_FACILITY_ID,NPDES_ID,資料來源,匹配分數,匹配英文名稱,匹配英文名稱類型,董事長,成立日期,上市日期,實收資本額(元),公司網址,住址,LOGO網址,NPDES_VIOLATION_ID,VIOLATION_TYPE_CODE,VIOLATION_CODE,VIOLATION_DESC,SINGLE_EVENT_VIOLATION_DATE,SINGLE_EVENT_END_DATE,SINGLE_EVENT_VIOLATION_COMMENT,SINGLE_EVENT_AGENCY_TYPE_CODE,RNC_DETECTION_CODE,RNC_DETECTION_DESC,RNC_DETECTION_DATE,RNC_RESOLUTION_CODE,RNC_RESOLUTION_DESC,RNC_RESOLUTION_DATE,VIOLATION_TYPE,VIOLATION_TYPE_DESC,COMP_SCHEDULE_EVENT_ID,COMP_SCHEDULE_NMBR,SCHEDULE_EVENT_CODE,SCHEDULE_EVENT_DESC,SCHEDULE_DATE,ACTUAL_DATE,REPORT_RECEIVED_DATE,PERM_SCHEDULE_EVENT_ID,VERSION_NMBR,ACTIVITY_ID,PERM_FEATURE_NMBR,PERMIT_ACTIVITY_ID,LIMIT_SET_DESIGNATOR,MONITORING_LOCATION_CODE,DMR_FORM_VALUE_ID,DMR_VALUE_NMBR,DMR_VALUE_ID,DMR_PARAMETER_ID,NODI_CODE,ADJUSTED_DMR_VALUE_NMBR,LIMIT_VALUE_STANDARD_UNITS,PARAMETER_CODE,PARAMETER_DESC,STANDARD_UNIT_CODE,STANDARD_UNIT_DESC,MONITORING_PERIOD_END_DATE,NMBR_OF_REPORT,EXCEEDENCE_PCT,VALUE_QUALIFIER_CODE,UNIT_CODE,VALUE_RECEIVED_DATE,DAYS_LATE,ADJUSTED_DMR_STANDARD_UNITS,LIMIT_ID,DMR_VALUE_STANDARD_UNITS,VALUE_TYPE_CODE,STATISTICAL_BASE_CODE,STATISTICAL_BASE_MONTHLY_AVG,STATISTICAL_BASE_SHORT_DESC
1301,台灣塑膠工業股份有限公司,Formosa Plastics Corporation,FPC,塑膠工業,,"Formosa Plastics Corporation, U.S.A.",211--美國,,FORMOSA POINT COMFORT PLANT,201 FORMOSA DRIVE,POINT COMFORT,TX,77978,28.6825,-96.545278,1600028209,TX0085570,ECHO覆蓋率稽核,100,"Formosa Plastics Corporation, U.S.A.",台塑集團關係企業 FPC USA 德州 Point Comfort 主廠,郭文筆,1954/11/05,1964/07/27,63657407810,http://www.fpc.com.tw,高雄市仁武區水管路100號,https://www.fpcusa.com/content/uploads/2021/04/formosa-logo-stacked.png,1606963534,,D80,"DMR, Monitor Only - Overdue",,,,,,,,,,,E,Effluent Violations,,,,,,,,,1,1600141665,TX1,1600141665,Q,1,1651154972,100,1626028677,1610230994,,,,22414,Whole effluent toxicity,23,%,09/30/2001,3,,>,,11/20/2001,31,,1601848640,100,C1,2E,,24HR MIN
1301,台灣塑膠工業股份有限公司,Formosa Plastics Corporation,FPC,塑膠工業,,"Formosa Plastics Corporation, U.S.A.",211--美國,,FORMOSA POINT COMFORT PLANT,201 FORMOSA DRIVE,POINT COMFORT,TX,77978,28.6825,-96.545278,1600028209,TX0085570,ECHO覆蓋率稽核,100,"Formosa Plastics Corporation, U.S.A.",台塑集團關係企業 FPC USA 德州 Point Comfort 主廠,郭文筆,1954/11/05,1964/07/27,63657407810,http://www.fpc.com.tw,高雄市仁武區水管路100號,https://www.fpcusa.com/content/uploads/2021/04/formosa-logo-stacked.png,1606963565,,D80,"DMR, Monitor Only - Overdue",,,,,,,,,,,E,Effluent Violations,,,,,,,,,2,1600141664,TX1,1600141664,Q,1,1651154793,13,1626028773,1610230958,,,,TOP6B,NOEC Lethal Static Renewal 7 Day Chronic Menidia menidia,23,%,12/31/2005,3,,,,09/27/2006,99,,1601848630,13,C2,MJ,,MO AV MN
1301,台灣塑膠工業股份有限公司,Formosa Plastics Corporation,FPC,塑膠工業,,"Formosa Plastics Corporation, U.S.A.",211--美國,,FORMOSA POINT COMFORT PLANT,201 FORMOSA DRIVE,POINT COMFORT,TX,77978,28.6825,-96.545278,1600028209,TX0085570,ECHO覆蓋率稽核,100,"Formosa Plastics Corporation, U.S.A.",台塑集團關係企業 FPC USA 德州 Point Comfort 主廠,郭文筆,1954/11/05,1964/07/27,63657407810,http://www.fpc.com.tw,高雄市仁武區水管路100號,https://www.fpcusa.com/content/uploads/2021/04/formosa-logo-stacked.png,3001159395,,D90,"DMR, Limited - Overdue",,,,,K,"Non-receipt Violation, Non-Monthly Average",10/21/2012,2,RE - Back into Compliance,11/06/2012,E,Effluent Violations,,,,,,,,,2,1600141664,005,1600141664,A,1,2201924395,,3006967932,3003786932,C,,.4,32103,"1,2-Dichloroethane",19,mg/L,08/31/2012,1,,,,11/06/2012,47,,1601848433,,C3,DD,N,DAILY MX
1301,台灣塑膠工業股份有限公司,Formosa Plastics Corporation,FPC,塑膠工業,,"Formosa Plastics Corporation, U.S.A.",211--美國,,FORMOSA POINT COMFORT PLANT,201 FORMOSA DRIVE,POINT COMFORT,TX,77978,28.6825,-96.545278,1600028209,TX0085570,ECHO覆蓋率稽核,100,"Formosa Plastics Corporation, U.S.A.",台塑集團關係企業 FPC USA 德州 Point Comfort 主廠,郭文筆,1954/11/05,1964/07/27,63657407810,http://www.fpc.com.tw,高雄市仁武區水管路100號,https://www.fpcusa.com/content/uploads/2021/04/formosa-logo-stacked.png,3622568014,,E90,"DMR, Limited - Numeric Violation",,,,,,,,,,,E,Effluent Violations,,,,,,,,,0,3600742495,006,3600742495,A,1,3637794619,9.4,3639260526,3622236456,,,9,00400,pH,12,SU,04/30/2017,1,,=,12,05/19/2017,,,3601385641,9.4,C3,MB,N,MAXIMUM
1301,台灣塑膠工業股份有限公司,Formosa Plastics Corporation,FPC,塑膠工業,,"Formosa Plastics Corporation, U.S.A.",211--美國,,FORMOSA POINT COMFORT PLANT,201 FORMOSA DRIVE,POINT COMFORT,TX,77978,28.6825,-96.545278,1600028209,TX0085570,ECHO覆蓋率稽核,100,"Formosa Plastics Corporation, U.S.A.",台塑集團關係企業 FPC USA 德州 Point Comfort 主廠,郭文筆,1954/11/05,1964/07/27,63657407810,http://www.fpc.com.tw,高雄市仁武區水管路100號,https://www.fpcusa.com/content/uploads/2021/04/formosa-logo-stacked.png,3600764228,,D90,"DMR, Limited - Overdue",,,,,,,,,,,E,Effluent Violations,,,,,,,,,2,1600141664,TX1,1600141664,S,V,3005426655,,3606189322,3603470655,9,,10,22414,Whole effluent toxicity,23,%,12/31/2014,6,,,,04/08/2015,77,,1601848642,,C1,7D,,7 DA MIN
1301,台灣塑膠工業股份有限公司,Formosa Plastics Corporation,FPC,塑膠工業,,"Formosa Plastics Corporation, U.S.A.",211--美國,,FORMOSA POINT COMFORT PLANT,201 FORMOSA DRIVE,POINT COMFORT,TX,77978,28.6825,-96.545278,1600028209,TX0085570,ECHO覆蓋率稽核,100,"Formosa Plastics Corporation, U.S.A.",台塑集團關係企業 FPC USA 德州 Point Comfort 主廠,郭文筆,1954/11/05,1964/07/27,63657407810,http://www.fpc.com.tw,高雄市仁武區水管路100號,https://www.fpcusa.com/content/uploads/2021/04/formosa-logo-stacked.png,1606963267,,D90,"DMR, Limited - Overdue",,,,,N,Non-Receipt of DMR/Schedule Report,07/20/2006,2,RE - Back into Compliance,09/27/2006,E,Effluent Violations,,,,,,,,,2,1600141664,101,1600141664,Q,J,1651145715,0,1626021150,1610229143,,,1.23488,85811,Chloroethane,01,kg/d,05/31/2006,3,,,,09/27/2006,99,,1601848524,0,Q1,DB,A,DAILY AV
1301,台灣塑膠工業股份有限公司,Formosa Plastics Corporation,FPC,塑膠工業,,"Formosa Plastics Corporation, U.S.A.",211--美國,,FORMOSA POINT COMFORT PLANT,201 FORMOSA DRIVE,POINT COMFORT,TX,77978,28.6825,-96.545278,1600028209,TX0085570,ECHO覆蓋率稽核,100,"Formosa Plastics Corporation, U.S.A.",台塑集團關係企業 FPC USA 德州 Point Comfort 主廠,郭文筆,1954/11/05,1964/07/27,63657407810,http://www.fpc.com.tw,高雄市仁武區水管路100號,https://www.fpcusa.com/content/uploads/2021/04/formosa-logo-stacked.png,3639865427,,E90,"DMR, Limited - Numeric Violation",,,,,,,,,,,E,Effluent Violations,,,,,,,,,0,3600742495,001,3600742495,A,1,3650126964,172,3680801062,3643448816,,,80,00530,"Solids, total suspended",19,mg/L,11/30/2018,1,115,=,19,12/18/2018,,,3601385609,172,C3,DD,N,DAILY MX
1301,台灣塑膠工業股份有限公司,Formosa Plastics Corporation,FPC,塑膠工業,,"Formosa Plastics Corporation, U.S.A.",211--美國,,FORMOSA POINT COMFORT PLANT,201 FORMOSA DRIVE,POINT COMFORT,TX,77978,28.6825,-96.545278,1600028209,TX0085570,ECHO覆蓋率稽核,100,"Formosa Plastics Corporation, U.S.A.",台塑集團關係企業 FPC USA 德州 Point Comfort 主廠,郭文筆,1954/11/05,1964/07/27,63657407810,http://www.fpc.com.tw,高雄市仁武區水管路100號,https://www.fpcusa.com/content/uploads/2021/04/formosa-logo-stacked.png,1606963490,,D80,"DMR, Monitor Only - Overdue",,,,,N,Non-Receipt of DMR/Schedule Report,09/19/2001,2,RE - Back into Compliance,11/02/2001,E,Effluent Violations,,,,,,,,,1,1600141665,201,1600141665,A,J,1651153738,.01,1626024008,1610230747,,,,01067,"Nickel, total [as Ni]",19,mg/L,07/31/2001,1,,,,11/02/2001,74,,1601848623,.01,C2,DB,A,DAILY AV
1301,台灣塑膠工業股份有限公司,Formosa Plastics Corporation,FPC,塑膠工業,,"Formosa Plastics Corporation, U.S.A.",211--美國,,FORMOSA POINT COMFORT PLANT,201 FORMOSA DRIVE,POINT COMFORT,TX,77978,28.6825,-96.545278,1600028209,TX0085570,ECHO覆蓋率稽核,100,"Formosa Plastics Corporation, U.S.A.",台塑集團關係企業 FPC USA 德州 Point Comfort 主廠,郭文筆,1954/11/05,1964/07/27,63657407810,http://www.fpc.com.tw,高雄市仁武區水管路100號,https://www.fpcusa.com/content/uploads/2021/04/formosa-logo-stacked.png,1606962875,,D80,"DMR, Monitor Only - Overdue",,,,,N,Non-Receipt of DMR/Schedule Report,09/19/2001,2,RE - Back into Compliance,11/02/2001,E,Effluent Violations,,,,,,,,,1,1600141665,101,1600141665,A,J,1651140818,0,1626008958,1610228163,,,,34694,Phenol,19,mg/L,07/31/2001,1,,,,11/02/2001,74,,1601848513,0,C2,DB,A,DAILY AV
1301,台灣塑膠工業股份有限公司,Formosa Plastics Corporation,FPC,塑膠工業,,"Formosa Plastics Corporation, U.S.A.",211--美國,,FORMOSA POINT COMFORT PLANT,201 FORMOSA DRIVE,POINT COMFORT,TX,77978,28.6825,-96.545278,1600028209,TX0085570,ECHO覆蓋率稽核,100,"Formosa Plastics Corporation, U.S.A.",台塑集團關係企業 FPC USA 德州 Point Comfort 主廠,郭文筆,1954/11/05,1964/07/27,63657407810,http://www.fpc.com.tw,高雄市仁武區水管路100號,https://www.fpcusa.com/content/uploads/2021/04/formosa-logo-stacked.png,1606963680,,D80,"DMR, Monitor Only - Overdue",,,,,,,,,,,E,Effluent Violations,,,,,,,,,2,1600141664,TX1,1600141664,Q,1,1651154783,13,1626028888,1610230956,,,,TOP3E,NOEC Lethal Static Renewal 7 Day Chronic Americamysis bahia (formerly Mysidopsis bahia),23,%,06/30/2006,3,,,,09/27/2006,69,,1601848629,13,C2,MJ,,MO AV MN
1301,台灣塑膠工業股份有限公司,Formosa Plastics Corporation,FPC,塑膠工業,,"Formosa Plastics Corporation, U.S.A.",211--美國,,FORMOSA POINT COMFORT PLANT,201 FORMOSA DRIVE,POINT COMFORT,TX,77978,28.6825,-96.545278,1600028209,TX0085570,ECHO覆蓋率稽核,100,"Formosa Plastics Corporation, U.S.A.",台塑集團關係企業 FPC USA 德州 Point Comfort 主廠,郭文筆,1954/11/05,1964/07/27,63657407810,http://www.fpc.com.tw,高雄市仁武區水管路100號,https://www.fpcusa.com/content/uploads/2021/04/formosa-logo-stacked.png,1606963580,,D80,"DMR, Monitor Only - Overdue",,,,,,,,,,,E,Effluent Violations,,,,,,,,,2,1600141664,TX1,1600141664,Q,1,1651154853,0,1626028788,1610230970,,,,TWP3E,Pass/Fail Sub-Lethal Static Renewal 7 Day Chronic Americamysis bahia (formerly Mysidopsis bahia),9A,pass=0;fail=1,12/31/2005,3,,,,09/27/2006,99,,1601848633,0,C2,MJ,,MO AV MN
1301,台灣塑膠工業股份有限公司,Formosa Plastics Corporation,FPC,塑膠工業,,"Formosa Plastics Corporation, U.S.A.",211--美國,,FORMOSA POINT COMFORT PLANT,201 FORMOSA DRIVE,POINT COMFORT,TX,77978,28.6825,-96.545278,1600028209,TX0085570,ECHO覆蓋率稽核,100,"Formosa Plastics Corporation, U.S.A.",台塑集團關係企業 FPC USA 德州 Point Comfort 主廠,郭文筆,1954/11/05,1964/07/27,63657407810,http://www.fpc.com.tw,高雄市仁武區水管路100號,https://www.fpcusa.com/content/uploads/2021/04/formosa-logo-stacked.png,1606963634,,D80,"DMR, Monitor Only - Overdue",,,,,,,,,,,E,Effluent Violations,,,,,,,,,2,1600141664,TX1,1600141664,Q,1,1651154837,13,1626028842,1610230967,,,,TPP6B,NOEC Sub-Lethal Static Renewal 7 Day Chronic Menidia menidia,23,%,03/31/2006,3,,,,09/27/2006,99,,1601848632,13,C1,7D,,7 DA MIN
1301,台灣塑膠工業股份有限公司,Formosa Plastics Corporation,FPC,塑膠工業,,"Formosa Plastics Corporation, U.S.A.",211--美國,,FORMOSA POINT COMFORT PLANT,201 FORMOSA DRIVE,POINT COMFORT,TX,77978,28.6825,-96.545278,1600028209,TX0085570,ECHO覆蓋率稽核,100,"Formosa Plastics Corporation, U.S.A.",台塑集團關係企業 FPC USA 德州 Point Comfort 主廠,郭文筆,1954/11/05,1964/07/27,63657407810,http://www.fpc.com.tw,高雄市仁武區水管路100號,https://www.fpcusa.com/content/uploads/2021/04/formosa-logo-stacked.png,1606963403,,D90,"DMR, Limited - Overdue",,,,,K,"Non-receipt Violation, Non-Monthly Average",07/20/2006,2,RE - Back into Compliance,09/27/2006,E,Effluent Violations,,,,,,,,,2,1600141664,101,1600141664,Q,J,1651144956,0,1626021286,1610228991,,,7.59996,34626,"2,6-Dinitrotoluene",01,kg/d,05/31/2006,3,,,,09/27/2006,99,,1601848551,0,Q2,DD,N,DAILY MX
1301,台灣塑膠工業股份有限公司,Formosa Plastics Corporation,FPC,塑膠工業,,"Formosa Plastics Corporation, U.S.A.",211--美國,,FORMOSA POINT COMFORT PLANT,201 FORMOSA DRIVE,POINT COMFORT,TX,77978,28.6825,-96.545278,1600028209,TX0085570,ECHO覆蓋率稽核,100,"Formosa Plastics Corporation, U.S.A.",台塑集團關係企業 FPC USA 德州 Point Comfort 主廠,郭文筆,1954/11/05,1964/07/27,63657407810,http://www.fpc.com.tw,高雄市仁武區水管路100號,https://www.fpcusa.com/content/uploads/2021/04/formosa-logo-stacked.png,1606963262,,D90,"DMR, Limited - Overdue",,,,,N,Non-Receipt of DMR/Schedule Report,07/20/2006,2,RE - Back into Compliance,09/27/2006,E,Effluent Violations,,,,,,,,,2,1600141664,101,1600141664,Q,J,1651142390,0,1626021145,1610228478,,,.2724,34247,Benzo[a]pyrene,01,kg/d,05/31/2006,3,,,,09/27/2006,99,,1601848523,0,Q1,DB,A,DAILY AV
1301,台灣塑膠工業股份有限公司,Formosa Plastics Corporation,FPC,塑膠工業,,"Formosa Plastics Corporation, U.S.A.",211--美國,,FORMOSA POINT COMFORT PLANT,201 FORMOSA DRIVE,POINT COMFORT,TX,77978,28.6825,-96.545278,1600028209,TX0085570,ECHO覆蓋率稽核,100,"Formosa Plastics Corporation, U.S.A.",台塑集團關係企業 FPC USA 德州 Point Comfort 主廠,郭文筆,1954/11/05,1964/07/27,63657407810,http://www.fpc.com.tw,高雄市仁武區水管路100號,https://www.fpcusa.com/content/uploads/2021/04/formosa-logo-stacked.png,1606963498,,D80,"DMR, Monitor Only - Overdue",,,,,K,"Non-receipt Violation, Non-Monthly Average",09/19/2001,2,RE - Back into Compliance,11/02/2001,E,Effluent Violations,,,,,,,,,1,1600141665,201,1600141665,A,J,1651154236,3.934,1626024016,1610230847,,,,50050,"Flow, in conduit or thru treatment plant",03,MGD,07/31/2001,1,,,,11/02/2001,74,,1601848625,3.934,Q2,DD,N,DAILY MX
1301,台灣塑膠工業股份有限公司,Formosa Plastics Corporation,FPC,塑膠工業,,"Formosa Plastics Corporation, U.S.A.",211--美國,,FORMOSA POINT COMFORT PLANT,201 FORMOSA DRIVE,POINT COMFORT,TX,77978,28.6825,-96.545278,1600028209,TX0085570,ECHO覆蓋率稽核,100,"Formosa Plastics Corporation, U.S.A.",台塑集團關係企業 FPC USA 德州 Point Comfort 主廠,郭文筆,1954/11/05,1964/07/27,63657407810,http://www.fpc.com.tw,高雄市仁武區水管路100號,https://www.fpcusa.com/content/uploads/2021/04/formosa-logo-stacked.png,1606962867,,D90,"DMR, Limited - Overdue",,,,,N,Non-Receipt of DMR/Schedule Report,09/19/2001,2,RE - Back into Compliance,11/02/2001,E,Effluent Violations,,,,,,,,,1,1600141665,101,1600141665,A,J,1651138565,0,1626008950,1610227713,,,.80812,32103,"1,2-Dichloroethane",01,kg/d,07/31/2001,1,,,,11/02/2001,74,,1601848512,0,Q1,DB,A,DAILY AV
1301,台灣塑膠工業股份有限公司,Formosa Plastics Corporation,FPC,塑膠工業,,"Formosa Plastics Corporation, U.S.A.",211--美國,,FORMOSA POINT COMFORT PLANT,201 FORMOSA DRIVE,POINT COMFORT,TX,77978,28.6825,-96.545278,1600028209,TX0085570,ECHO覆蓋率稽核,100,"Formosa Plastics Corporation, U.S.A.",台塑集團關係企業 FPC USA 德州 Point Comfort 主廠,郭文筆,1954/11/05,1964/07/27,63657407810,http://www.fpc.com.tw,高雄市仁武區水管路100號,https://www.fpcusa.com/content/uploads/2021/04/formosa-logo-stacked.png,1606963625,,D80,"DMR, Monitor Only - Overdue",,,,,,,,,,,E,Effluent Violations,,,,,,,,,2,1600141664,TX1,1600141664,Q,1,1651154798,13,1626028833,1610230959,,,,TOP6B,NOEC Lethal Static Renewal 7 Day Chronic Menidia menidia,23,%,03/31/2006,3,,,,09/27/2006,99,,1601848630,13,C2,MJ,,MO AV MN
1301,台灣塑膠工業股份有限公司,Formosa Plastics Corporation,FPC,塑膠工業,,"Formosa Plastics Corporation, U.S.A.",211--美國,,FORMOSA POINT COMFORT PLANT,201 FORMOSA DRIVE,POINT COMFORT,TX,77978,28.6825,-96.545278,1600028209,TX0085570,ECHO覆蓋率稽核,100,"Formosa Plastics Corporation, U.S.A.",台塑集團關係企業 FPC USA 德州 Point Comfort 主廠,郭文筆,1954/11/05,1964/07/27,63657407810,http://www.fpc.com.tw,高雄市仁武區水管路100號,https://www.fpcusa.com/content/uploads/2021/04/formosa-logo-stacked.png,1606963478,,D80,"DMR, Monitor Only - Overdue",,,,,K,"Non-receipt Violation, Non-Monthly Average",09/19/2001,2,RE - Back into Compliance,11/02/2001,E,Effluent Violations,,,,,,,,,1,1600141665,201,1600141665,A,J,1651153236,.76,1626023996,1610230647,,,,01042,"Copper, total [as Cu]",01,kg/d,07/31/2001,1,,,,11/02/2001,74,,1601848621,.34504,Q2,DD,N,DAILY MX
1301,台灣塑膠工業股份有限公司,Formosa Plastics Corporation,FPC,塑膠工業,,"Formosa Plastics Corporation, U.S.A.",211--美國,,FORMOSA POINT COMFORT PLANT,201 FORMOSA DRIVE,POINT COMFORT,TX,77978,28.6825,-96.545278,1600028209,TX0085570,ECHO覆蓋率稽核,100,"Formosa Plastics Corporation, U.S.A.",台塑集團關係企業 FPC USA 德州 Point Comfort 主廠,郭文筆,1954/11/05,1964/07/27,63657407810,http://www.fpc.com.tw,高雄市仁武區水管路100號,https://www.fpcusa.com/content/uploads/2021/04/formosa-logo-stacked.png,1606963023,,D90,"DMR, Limited - Overdue",,,,,K,"Non-receipt Violation, Non-Monthly Average",04/19/2006,2,RE - Back into Compliance,04/24/2006,E,Effluent Violations,,,,,,,,,2,1600141664,101,1600141664,Q,J,1651141816,0,1626020906,1610228363,,,.69916,34200,Acenaphthylene,01,kg/d,02/28/2006,3,,,,04/24/2006,35,,1601848517,0,Q2,DD,N,DAILY MX
1301,台灣塑膠工業股份有限公司,Formosa Plastics Corporation,FPC,塑膠工業,,"Formosa Plastics Corporation, U.S.A.",211--美國,,FORMOSA POINT COMFORT PLANT,201 FORMOSA DRIVE,POINT COMFORT,TX,77978,28.6825,-96.545278,1600028209,TX0085570,ECHO覆蓋率稽核,100,"Formosa Plastics Corporation, U.S.A.",台塑集團關係企業 FPC USA 德州 Point Comfort 主廠,郭文筆,1954/11/05,1964/07/27,63657407810,http://www.fpc.com.tw,高雄市仁武區水管路100號,https://www.fpcusa.com/content/uploads/2021/04/formosa-logo-stacked.png,1606962681,,D90,"DMR, Limited - Overdue",,,,,K,"Non-receipt Violation, Non-Monthly Average",01/19/2006,2,RE - Back into Compliance,09/27/2006,E,Effluent Violations,,,,,,,,,2,1600141664,001,1600141664,Q,1,1651109484,0,1625989254,1610221896,,,.0000000202,34675,"2,3,7,8-Tetrachlorodibenzo-p-dioxin",19,mg/L,11/30/2005,3,,,,09/27/2006,99,,1601848397,0,C3,DD,N,DAILY MX
1301,台灣塑膠工業股份有限公司,Formosa Plastics Corporation,FPC,塑膠工業,,"Formosa Plastics Corporation, U.S.A.",211--美國,,FORMOSA POINT COMFORT PLANT,201 FORMOSA DRIVE,POINT COMFORT,TX,77978,28.6825,-96.545278,1600028209,TX0085570,ECHO覆蓋率稽核,100,"Formosa Plastics Corporation, U.S.A.",台塑集團關係企業 FPC USA 德州 Point Comfort 主廠,郭文筆,1954/11/05,1964/07/27,63657407810,http://www.fpc.com.tw,高雄市仁武區水管路100號,https://www.fpcusa.com/content/uploads/2021/04/formosa-logo-stacked.png,1606963158,,D90,"DMR, Limited - Overdue",,,,,K,"Non-receipt Violation, Non-Monthly Average",04/19/2006,2,RE - Back into Compliance,04/24/2006,E,Effluent Violations,,,,,,,,,2,1600141664,101,1600141664,Q,J,1651144286,0,1626021041,1610228857,,,.33142,34571,"1,4-Dichlorobenzene",01,kg/d,02/28/2006,3,,,,04/24/2006,35,,1601848544,0,Q2,DD,N,DAILY MX
1301,台灣塑膠工業股份有限公司,Formosa Plastics Corporation,FPC,塑膠工業,,"Formosa Plastics Corporation, U.S.A.",211--美國,,FORMOSA POINT COMFORT PLANT,201 FORMOSA DRIVE,POINT COMFORT,TX,77978,28.6825,-96.545278,1600028209,TX0085570,ECHO覆蓋率稽核,100,"Formosa Plastics Corporation, U.S.A.",台塑集團關係企業 FPC USA 德州 Point Comfort 主廠,郭文筆,1954/11/05,1964/07/27,63657407810,http://www.fpc.com.tw,高雄市仁武區水管路100號,https://www.fpcusa.com/content/uploads/2021/04/formosa-logo-stacked.png,1606963699,,D80,"DMR, Monitor Only - Overdue",,,,,,,,,,,E,Effluent Violations,,,,,,,,,2,1600141664,TX1,1600141664,Q,1,1651154862,0,1626028907,1610230972,,,,TWP3E,Pass/Fail Sub-Lethal Static Renewal 7 Day Chronic Americamysis bahia (formerly Mysidopsis bahia),9A,pass=0;fail=1,06/30/2006,3,,,,09/27/2006,69,,1601848633,0,C1,7D,,7 DA MIN
1301,台灣塑膠工業股份有限公司,Formosa Plastics Corporation,FPC,塑膠工業,,"Formosa Plastics Corporation, U.S.A.",211--美國,,FORMOSA POINT COMFORT PLANT,201 FORMOSA DRIVE,POINT COMFORT,TX,77978,28.6825,-96.545278,1600028209,TX0085570,ECHO覆蓋率稽核,100,"Formosa Plastics Corporation, U.S.A.",台塑集團關係企業 FPC USA 德州 Point Comfort 主廠,郭文筆,1954/11/05,1964/07/27,63657407810,http://www.fpc.com.tw,高雄市仁武區水管路100號,https://www.fpcusa.com/content/uploads/2021/04/formosa-logo-stacked.png,1606963503,,D90,"DMR, Limited - Overdue",,,,,K,"Non-receipt Violation, Non-Monthly Average",09/19/2001,2,RE - Back into Compliance,11/02/2001,E,Effluent Violations,,,,,,,,,1,1600141665,201,1600141665,A,J,1651154486,.8,1626024021,1610230897,,,20.12582,50060,"Chlorine, total residual",01,kg/d,07/31/2001,1,,,,11/02/2001,74,,1601848626,.3632,Q2,DD,N,DAILY MX
1301,台灣塑膠工業股份有限公司,Formosa Plastics Corporation,FPC,塑膠工業,,"Formosa Plastics Corporation, U.S.A.",211--美國,,FORMOSA POINT COMFORT PLANT,201 FORMOSA DRIVE,POINT COMFORT,TX,77978,28.6825,-96.545278,1600028209,TX0085570,ECHO覆蓋率稽核,100,"Formosa Plastics Corporation, U.S.A.",台塑集團關係企業 FPC USA 德州 Point Comfort 主廠,郭文筆,1954/11/05,1964/07/27,63657407810,http://www.fpc.com.tw,高雄市仁武區水管路100號,https://www.fpcusa.com/content/uploads/2021/04/formosa-logo-stacked.png,3403429312,,E90,"DMR, Limited - Numeric Violation",,,,,,,,,,,E,Effluent Violations,,,,,,,,,2,1600141664,001,1600141664,A,1,2614033239,6.1,3414334276,3408198081,,,2.497,01092,"Zinc, total [as Zn]",01,kg/d,11/30/2013,1,11,=,26,12/18/2013,,,1601848359,2.76939998,Q2,DD,N,DAILY MX
1301,台灣塑膠工業股份有限公司,Formosa Plastics Corporation,FPC,塑膠工業,,"Formosa Plastics Corporation, U.S.A.",211--美國,,FORMOSA POINT COMFORT PLANT,201 FORMOSA DRIVE,POINT COMFORT,TX,77978,28.6825,-96.545278,1600028209,TX0085570,ECHO覆蓋率稽核,100,"Formosa Plastics Corporation, U.S.A.",台塑集團關係企業 FPC USA 德州 Point Comfort 主廠,郭文筆,1954/11/05,1964/07/27,63657407810,http://www.fpc.com.tw,高雄市仁武區水管路100號,https://www.fpcusa.com/content/uploads/2021/04/formosa-logo-stacked.png,1800273662,,D80,"DMR, Monitor Only - Overdue",,,,,K,"Non-receipt Violation, Non-Monthly Average",08/20/2009,2,RE - Back into Compliance,01/18/2010,E,Effluent Violations,,,,,,,,,2,1600141664,002,1600141664,A,1,1651110769,,1803541080,1801984462,C,,,03768,"Purgeable hydrocarbons, Meth. 601",19,mg/L,06/30/2009,1,,,,01/18/2010,182,,1601848402,,C3,DD,N,DAILY MX
1301,台灣塑膠工業股份有限公司,Formosa Plastics Corporation,FPC,塑膠工業,,"Formosa Plastics Corporation, U.S.A.",211--美國,,FORMOSA POINT COMFORT PLANT,201 FORMOSA DRIVE,POINT COMFORT,TX,77978,28.6825,-96.545278,1600028209,TX0085570,ECHO覆蓋率稽核,100,"Formosa Plastics Corporation, U.S.A.",台塑集團關係企業 FPC USA 德州 Point Comfort 主廠,郭文筆,1954/11/05,1964/07/27,63657407810,http://www.fpc.com.tw,高雄市仁武區水管路100號,https://www.fpcusa.com/content/uploads/2021/04/formosa-logo-stacked.png,1606963624,,D80,"DMR, Monitor Only - Overdue",,,,,,,,,,,E,Effluent Violations,,,,,,,,,2,1600141664,TX1,1600141664,Q,1,1651154797,13,1626028832,1610230959,,,,TOP6B,NOEC Lethal Static Renewal 7 Day Chronic Menidia menidia,23,%,03/31/2006,3,,,,09/27/2006,99,,1601848630,13,C1,7D,,7 DA MIN
1301,台灣塑膠工業股份有限公司,Formosa Plastics Corporation,FPC,塑膠工業,,"Formosa Plastics Corporation, U.S.A.",211--美國,,FORMOSA POINT COMFORT PLANT,201 FORMOSA DRIVE,POINT COMFORT,TX,77978,28.6825,-96.545278,1600028209,TX0085570,ECHO覆蓋率稽核,100,"Formosa Plastics Corporation, U.S.A.",台塑集團關係企業 FPC USA 德州 Point Comfort 主廠,郭文筆,1954/11/05,1964/07/27,63657407810,http://www.fpc.com.tw,高雄市仁武區水管路100號,https://www.fpcusa.com/content/uploads/2021/04/formosa-logo-stacked.png,1606962857,,D90,"DMR, Limited - Overdue",,,,,N,Non-Receipt of DMR/Schedule Report,09/19/2001,2,RE - Back into Compliance,11/02/2001,E,Effluent Violations,,,,,,,,,1,1600141665,101,1600141665,A,J,1651140315,0,1626008940,1610228063,,,.25878,34496,"1,1-Dichloroethane",01,kg/d,07/31/2001,1,,,,11/02/2001,74,,1601848510,0,Q1,DB,A,DAILY AV
1301,台灣塑膠工業股份有限公司,Formosa Plastics Corporation,FPC,塑膠工業,,"Formosa Plastics Corporation, U.S.A.",211--美國,,FORMOSA POINT COMFORT PLANT,201 FORMOSA DRIVE,POINT COMFORT,TX,77978,28.6825,-96.545278,1600028209,TX0085570,ECHO覆蓋率稽核,100,"Formosa Plastics Corporation, U.S.A.",台塑集團關係企業 FPC USA 德州 Point Comfort 主廠,郭文筆,1954/11/05,1964/07/27,63657407810,http://www.fpc.com.tw,高雄市仁武區水管路100號,https://www.fpcusa.com/content/uploads/2021/04/formosa-logo-stacked.png,1606963147,,D90,"DMR, Limited - Overdue",,,,,N,Non-Receipt of DMR/Schedule Report,04/19/2006,2,RE - Back into Compliance,04/24/2006,E,Effluent Violations,,,,,,,,,2,1600141664,101,1600141664,Q,J,1651144095,0,1626021030,1610228819,,,.80812,34551,"1,2,4-Trichlorobenzene",01,kg/d,02/28/2006,3,,,,04/24/2006,35,,1601848542,0,Q1,DB,A,DAILY AV
1301,台灣塑膠工業股份有限公司,Formosa Plastics Corporation,FPC,塑膠工業,,"Formosa Plastics Corporation, U.S.A.",211--美國,,FORMOSA POINT COMFORT PLANT,201 FORMOSA DRIVE,POINT COMFORT,TX,77978,28.6825,-96.545278,1600028209,TX0085570,ECHO覆蓋率稽核,100,"Formosa Plastics Corporation, U.S.A.",台塑集團關係企業 FPC USA 德州 Point Comfort 主廠,郭文筆,1954/11/05,1964/07/27,63657407810,http://www.fpc.com.tw,高雄市仁武區水管路100號,https://www.fpcusa.com/content/uploads/2021/04/formosa-logo-stacked.png,1606963177,,D90,"DMR, Limited - Overdue",,,,,N,Non-Receipt of DMR/Schedule Report,04/19/2006,2,RE - Back into Compliance,04/24/2006,E,Effluent Violations,,,,,,,,,2,1600141664,101,1600141664,Q,J,1651144665,0,1626021060,1610228933,,,.21338,34606,"2,4-Dimethylphenol",01,kg/d,02/28/2006,3,,,,04/24/2006,35,,1601848548,0,Q1,DB,A,DAILY AV
1301,台灣塑膠工業股份有限公司,Formosa Plastics Corporation,FPC,塑膠工業,,"Formosa Plastics Corporation, U.S.A.",211--美國,,FORMOSA POINT COMFORT PLANT,201 FORMOSA DRIVE,POINT COMFORT,TX,77978,28.6825,-96.545278,1600028209,TX0085570,ECHO覆蓋率稽核,100,"Formosa Plastics Corporation, U.S.A.",台塑集團關係企業 FPC USA 德州 Point Comfort 主廠,郭文筆,1954/11/05,1964/07/27,63657407810,http://www.fpc.com.tw,高雄市仁武區水管路100號,https://www.fpcusa.com/content/uploads/2021/04/formosa-logo-stacked.png,1606963088,,D90,"DMR, Limited - Overdue",,,,,K,"Non-receipt Violation, Non-Monthly Average",04/19/2006,2,RE - Back into Compliance,04/24/2006,E,Effluent Violations,,,,,,,,,2,1600141664,101,1600141664,Q,J,1651142956,0,1626020971,1610228591,,,.69916,34381,Fluorene,01,kg/d,02/28/2006,3,,,,04/24/2006,35,,1601848530,0,Q2,DD,N,DAILY MX
1301,台灣塑膠工業股份有限公司,Formosa Plastics Corporation,FPC,塑膠工業,,"Formosa Plastics Corporation, U.S.A.",211--美國,,FORMOSA POINT COMFORT PLANT,201 FORMOSA DRIVE,POINT COMFORT,TX,77978,28.6825,-96.545278,1600028209,TX0085570,ECHO覆蓋率稽核,100,"Formosa Plastics Corporation, U.S.A.",台塑集團關係企業 FPC USA 德州 Point Comfort 主廠,郭文筆,1954/11/05,1964/07/27,63657407810,http://www.fpc.com.tw,高雄市仁武區水管路100號,https://www.fpcusa.com/content/uploads/2021/04/formosa-logo-stacked.png,1606963585,,D80,"DMR, Monitor Only - Overdue",,,,,,,,,,,E,Effluent Violations,,,,,,,,,2,1600141664,TX1,1600141664,Q,1,1651154873,0,1626028793,1610230974,,,,TWP6B,Pass/Fail Sub-Lethal Static Renewal 7 Day Chronic Menidia menidia,9A,pass=0;fail=1,12/31/2005,3,,,,09/27/2006,99,,1601848634,0,C2,MJ,,MO AV MN
1301,台灣塑膠工業股份有限公司,Formosa Plastics Corporation,FPC,塑膠工業,,"Formosa Plastics Corporation, U.S.A.",211--美國,,FORMOSA POINT COMFORT PLANT,201 FORMOSA DRIVE,POINT COMFORT,TX,77978,28.6825,-96.545278,1600028209,TX0085570,ECHO覆蓋率稽核,100,"Formosa Plastics Corporation, U.S.A.",台塑集團關係企業 FPC USA 德州 Point Comfort 主廠,郭文筆,1954/11/05,1964/07/27,63657407810,http://www.fpc.com.tw,高雄市仁武區水管路100號,https://www.fpcusa.com/content/uploads/2021/04/formosa-logo-stacked.png,1606963108,,D90,"DMR, Limited - Overdue",,,,,K,"Non-receipt Violation, Non-Monthly Average",04/19/2006,2,RE - Back into Compliance,04/24/2006,E,Effluent Violations,,,,,,,,,2,1600141664,101,1600141664,Q,J,1651143336,0,1626020991,1610228667,,,.50848,34461,Phenanthrene,01,kg/d,02/28/2006,3,,,,04/24/2006,35,,1601848534,0,Q2,DD,N,DAILY MX
1301,台灣塑膠工業股份有限公司,Formosa Plastics Corporation,FPC,塑膠工業,,"Formosa Plastics Corporation, U.S.A.",211--美國,,FORMOSA POINT COMFORT PLANT,201 FORMOSA DRIVE,POINT COMFORT,TX,77978,28.6825,-96.545278,1600028209,TX0085570,ECHO覆蓋率稽核,100,"Formosa Plastics Corporation, U.S.A.",台塑集團關係企業 FPC USA 德州 Point Comfort 主廠,郭文筆,1954/11/05,1964/07/27,63657407810,http://www.fpc.com.tw,高雄市仁武區水管路100號,https://www.fpcusa.com/content/uploads/2021/04/formosa-logo-stacked.png,1606963168,,D90,"DMR, Limited - Overdue",,,,,K,"Non-receipt Violation, Non-Monthly Average",04/19/2006,2,RE - Back into Compliance,04/24/2006,E,Effluent Violations,,,,,,,,,2,1600141664,101,1600141664,Q,J,1651144476,0,1626021051,1610228895,,,.8172,34591,2-Nitrophenol,01,kg/d,02/28/2006,3,,,,04/24/2006,35,,1601848546,0,Q2,DD,N,DAILY MX
1301,台灣塑膠工業股份有限公司,Formosa Plastics Corporation,FPC,塑膠工業,,"Formosa Plastics Corporation, U.S.A.",211--美國,,FORMOSA POINT COMFORT PLANT,201 FORMOSA DRIVE,POINT COMFORT,TX,77978,28.6825,-96.545278,1600028209,TX0085570,ECHO覆蓋率稽核,100,"Formosa Plastics Corporation, U.S.A.",台塑集團關係企業 FPC USA 德州 Point Comfort 主廠,郭文筆,1954/11/05,1964/07/27,63657407810,http://www.fpc.com.tw,高雄市仁武區水管路100號,https://www.fpcusa.com/content/uploads/2021/04/formosa-logo-stacked.png,1606963202,,D90,"DMR, Limited - Overdue",,,,,N,Non-Receipt of DMR/Schedule Report,04/19/2006,2,RE - Back into Compliance,04/24/2006,E,Effluent Violations,,,,,,,,,2,1600141664,101,1600141664,Q,J,1651145140,0,1626021085,1610229028,,,.92616,34657,"4,6-Dinitro-o-cresol",01,kg/d,02/28/2006,3,,,,04/24/2006,35,,1601848553,0,Q1,DB,A,DAILY AV
1301,台灣塑膠工業股份有限公司,Formosa Plastics Corporation,FPC,塑膠工業,,"Formosa Plastics Corporation, U.S.A.",211--美國,,FORMOSA POINT COMFORT PLANT,201 FORMOSA DRIVE,POINT COMFORT,TX,77978,28.6825,-96.545278,1600028209,TX0085570,ECHO覆蓋率稽核,100,"Formosa Plastics Corporation, U.S.A.",台塑集團關係企業 FPC USA 德州 Point Comfort 主廠,郭文筆,1954/11/05,1964/07/27,63657407810,http://www.fpc.com.tw,高雄市仁武區水管路100號,https://www.fpcusa.com/content/uploads/2021/04/formosa-logo-stacked.png,3642423757,,E90,"DMR, Limited - Numeric Violation",,,,,,,,,,,E,Effluent Violations,,,,,,,,,0,3600742495,001,3600742495,A,1,3650127598,7168,3695917046,3651761693,,,2940.104,00530,"Solids, total suspended",01,kg/d,07/31/2019,1,11,=,26,08/20/2019,,,3601385609,3254.27197266,Q2,DD,N,DAILY MX
1301,台灣塑膠工業股份有限公司,Formosa Plastics Corporation,FPC,塑膠工業,,"Formosa Plastics Corporation, U.S.A.",211--美國,,FORMOSA POINT COMFORT PLANT,201 FORMOSA DRIVE,POINT COMFORT,TX,77978,28.6825,-96.545278,1600028209,TX0085570,ECHO覆蓋率稽核,100,"Formosa Plastics Corporation, U.S.A.",台塑集團關係企業 FPC USA 德州 Point Comfort 主廠,郭文筆,1954/11/05,1964/07/27,63657407810,http://www.fpc.com.tw,高雄市仁武區水管路100號,https://www.fpcusa.com/content/uploads/2021/04/formosa-logo-stacked.png,1606963052,,D90,"DMR, Limited - Overdue",,,,,N,Non-Receipt of DMR/Schedule Report,04/19/2006,2,RE - Back into Compliance,04/24/2006,E,Effluent Violations,,,,,,,,,2,1600141664,101,1600141664,Q,J,1651142385,0,1626020935,1610228477,,,.2724,34247,Benzo[a]pyrene,01,kg/d,02/28/2006,3,,,,04/24/2006,35,,1601848523,0,Q1,DB,A,DAILY AV
1301,台灣塑膠工業股份有限公司,Formosa Plastics Corporation,FPC,塑膠工業,,"Formosa Plastics Corporation, U.S.A.",211--美國,,FORMOSA POINT COMFORT PLANT,201 FORMOSA DRIVE,POINT COMFORT,TX,77978,28.6825,-96.545278,1600028209,TX0085570,ECHO覆蓋率稽核,100,"Formosa Plastics Corporation, U.S.A.",台塑集團關係企業 FPC USA 德州 Point Comfort 主廠,郭文筆,1954/11/05,1964/07/27,63657407810,http://www.fpc.com.tw,高雄市仁武區水管路100號,https://www.fpcusa.com/content/uploads/2021/04/formosa-logo-stacked.png,1606963570,,D80,"DMR, Monitor Only - Overdue",,,,,,,,,,,E,Effluent Violations,,,,,,,,,2,1600141664,TX1,1600141664,Q,1,1651154813,13,1626028778,1610230962,,,,TPP3E,NOEC Sub-Lethal Static Renewal 7 Day Chronic Americamysis bahia (formerly Mysidopsis bahia),23,%,12/31/2005,3,,,,09/27/2006,99,,1601848631,13,C2,MJ,,MO AV MN
1301,台灣塑膠工業股份有限公司,Formosa Plastics Corporation,FPC,塑膠工業,,"Formosa Plastics Corporation, U.S.A.",211--美國,,FORMOSA POINT COMFORT PLANT,201 FORMOSA DRIVE,POINT COMFORT,TX,77978,28.6825,-96.545278,1600028209,TX0085570,ECHO覆蓋率稽核,100,"Formosa Plastics Corporation, U.S.A.",台塑集團關係企業 FPC USA 德州 Point Comfort 主廠,郭文筆,1954/11/05,1964/07/27,63657407810,http://www.fpc.com.tw,高雄市仁武區水管路100號,https://www.fpcusa.com/content/uploads/2021/04/formosa-logo-stacked.png,1606963058,,D90,"DMR, Limited - Overdue",,,,,K,"Non-receipt Violation, Non-Monthly Average",04/19/2006,2,RE - Back into Compliance,04/24/2006,E,Effluent Violations,,,,,,,,,2,1600141664,101,1600141664,Q,J,1651145711,0,1626020941,1610229142,,,3.178,85811,Chloroethane,01,kg/d,02/28/2006,3,,,,04/24/2006,35,,1601848524,0,Q2,DD,N,DAILY MX
1301,台灣塑膠工業股份有限公司,Formosa Plastics Corporation,FPC,塑膠工業,,"Formosa Plastics Corporation, U.S.A.",211--美國,,FORMOSA POINT COMFORT PLANT,201 FORMOSA DRIVE,POINT COMFORT,TX,77978,28.6825,-96.545278,1600028209,TX0085570,ECHO覆蓋率稽核,100,"Formosa Plastics Corporation, U.S.A.",台塑集團關係企業 FPC USA 德州 Point Comfort 主廠,郭文筆,1954/11/05,1964/07/27,63657407810,http://www.fpc.com.tw,高雄市仁武區水管路100號,https://www.fpcusa.com/content/uploads/2021/04/formosa-logo-stacked.png,1606963475,,D80,"DMR, Monitor Only - Overdue",,,,,N,Non-Receipt of DMR/Schedule Report,09/19/2001,2,RE - Back into Compliance,11/02/2001,E,Effluent Violations,,,,,,,,,1,1600141665,201,1600141665,A,J,1651152988,8,1626023993,1610230597,,,,00530,"Solids, total suspended",19,mg/L,07/31/2001,1,,,,11/02/2001,74,,1601848620,8,C2,DB,A,DAILY AV
1301,台灣塑膠工業股份有限公司,Formosa Plastics Corporation,FPC,塑膠工業,,"Formosa Plastics Corporation, U.S.A.",211--美國,,FORMOSA POINT COMFORT PLANT,201 FORMOSA DRIVE,POINT COMFORT,TX,77978,28.6825,-96.545278,1600028209,TX0085570,ECHO覆蓋率稽核,100,"Formosa Plastics Corporation, U.S.A.",台塑集團關係企業 FPC USA 德州 Point Comfort 主廠,郭文筆,1954/11/05,1964/07/27,63657407810,http://www.fpc.com.tw,高雄市仁武區水管路100號,https://www.fpcusa.com/content/uploads/2021/04/formosa-logo-stacked.png,3600192871,,E90,"DMR, Limited - Numeric Violation",,,,,,,,,,,E,Effluent Violations,,,,,,,,,2,1600141664,001,1600141664,A,1,3401022351,5.6,3601298312,3600734034,,,2.497,01092,"Zinc, total [as Zn]",01,kg/d,10/31/2014,1,2,=,26,11/20/2014,,,1601848359,2.54239998,Q2,DD,N,DAILY MX
1301,台灣塑膠工業股份有限公司,Formosa Plastics Corporation,FPC,塑膠工業,,"Formosa Plastics Corporation, U.S.A.",211--美國,,FORMOSA POINT COMFORT PLANT,201 FORMOSA DRIVE,POINT COMFORT,TX,77978,28.6825,-96.545278,1600028209,TX0085570,ECHO覆蓋率稽核,100,"Formosa Plastics Corporation, U.S.A.",台塑集團關係企業 FPC USA 德州 Point Comfort 主廠,郭文筆,1954/11/05,1964/07/27,63657407810,http://www.fpc.com.tw,高雄市仁武區水管路100號,https://www.fpcusa.com/content/uploads/2021/04/formosa-logo-stacked.png,3642423754,,E90,"DMR, Limited - Numeric Violation",,,,,,,,,,,E,Effluent Violations,,,,,,,,,0,3600742495,001,3600742495,A,1,3650127618,1.51,3695917021,3651761686,,,.62197999,01042,"Copper, total [as Cu]",01,kg/d,07/31/2019,1,10,=,26,08/20/2019,,,3601385607,.68553999,Q1,DB,A,DAILY AV
1301,台灣塑膠工業股份有限公司,Formosa Plastics Corporation,FPC,塑膠工業,,"Formosa Plastics Corporation, U.S.A.",211--美國,,FORMOSA POINT COMFORT PLANT,201 FORMOSA DRIVE,POINT COMFORT,TX,77978,28.6825,-96.545278,1600028209,TX0085570,ECHO覆蓋率稽核,100,"Formosa Plastics Corporation, U.S.A.",台塑集團關係企業 FPC USA 德州 Point Comfort 主廠,郭文筆,1954/11/05,1964/07/27,63657407810,http://www.fpc.com.tw,高雄市仁武區水管路100號,https://www.fpcusa.com/content/uploads/2021/04/formosa-logo-stacked.png,1606963433,,D90,"DMR, Limited - Overdue",,,,,K,"Non-receipt Violation, Non-Monthly Average",07/20/2006,2,RE - Back into Compliance,09/27/2006,E,Effluent Violations,,,,,,,,,2,1600141664,101,1600141664,Q,J,1651145526,0,1626021316,1610229105,,,.011804,39700,Hexachlorobenzene,01,kg/d,05/31/2006,3,,,,09/27/2006,99,,1601848557,0,Q2,DD,N,DAILY MX
1301,台灣塑膠工業股份有限公司,Formosa Plastics Corporation,FPC,塑膠工業,,"Formosa Plastics Corporation, U.S.A.",211--美國,,FORMOSA POINT COMFORT PLANT,201 FORMOSA DRIVE,POINT COMFORT,TX,77978,28.6825,-96.545278,1600028209,TX0085570,ECHO覆蓋率稽核,100,"Formosa Plastics Corporation, U.S.A.",台塑集團關係企業 FPC USA 德州 Point Comfort 主廠,郭文筆,1954/11/05,1964/07/27,63657407810,http://www.fpc.com.tw,高雄市仁武區水管路100號,https://www.fpcusa.com/content/uploads/2021/04/formosa-logo-stacked.png,3639865426,,E90,"DMR, Limited - Numeric Violation",,,,,,,,,,,E,Effluent Violations,,,,,,,,,0,3600742495,001,3600742495,A,1,3650126987,4.13,3680801017,3643448798,,,1.41193999,01042,"Copper, total [as Cu]",01,kg/d,11/30/2018,1,33,=,26,12/18/2018,,,3601385607,1.87501998,Q2,DD,N,DAILY MX
1301,台灣塑膠工業股份有限公司,Formosa Plastics Corporation,FPC,塑膠工業,,"Formosa Plastics Corporation, U.S.A.",211--美國,,FORMOSA POINT COMFORT PLANT,201 FORMOSA DRIVE,POINT COMFORT,TX,77978,28.6825,-96.545278,1600028209,TX0085570,ECHO覆蓋率稽核,100,"Formosa Plastics Corporation, U.S.A.",台塑集團關係企業 FPC USA 德州 Point Comfort 主廠,郭文筆,1954/11/05,1964/07/27,63657407810,http://www.fpc.com.tw,高雄市仁武區水管路100號,https://www.fpcusa.com/content/uploads/2021/04/formosa-logo-stacked.png,1606963143,,D90,"DMR, Limited - Overdue",,,,,K,"Non-receipt Violation, Non-Monthly Average",04/19/2006,2,RE - Back into Compliance,04/24/2006,E,Effluent Violations,,,,,,,,,2,1600141664,101,1600141664,Q,J,1651144001,0,1626021026,1610228800,,,.64014,34546,"trans-1,2-Dichloroethylene",01,kg/d,02/28/2006,3,,,,04/24/2006,35,,1601848541,0,Q2,DD,N,DAILY MX
1301,台灣塑膠工業股份有限公司,Formosa Plastics Corporation,FPC,塑膠工業,,"Formosa Plastics Corporation, U.S.A.",211--美國,,FORMOSA POINT COMFORT PLANT,201 FORMOSA DRIVE,POINT COMFORT,TX,77978,28.6825,-96.545278,1600028209,TX0085570,ECHO覆蓋率稽核,100,"Formosa Plastics Corporation, U.S.A.",台塑集團關係企業 FPC USA 德州 Point Comfort 主廠,郭文筆,1954/11/05,1964/07/27,63657407810,http://www.fpc.com.tw,高雄市仁武區水管路100號,https://www.fpcusa.com/content/uploads/2021/04/formosa-logo-stacked.png,3000781040,,E90,"DMR, Limited - Numeric Violation",,,,,,,,,,,E,Effluent Violations,,,,,,,,,2,1600141664,006,1600141664,A,1,2201924878,9.5,3004538190,3002460369,,,9,00400,pH,12,SU,07/31/2012,1,,=,12,08/16/2012,,,1601848439,9.5,C3,MB,N,MAXIMUM
1301,台灣塑膠工業股份有限公司,Formosa Plastics Corporation,FPC,塑膠工業,,"Formosa Plastics Corporation, U.S.A.",211--美國,,FORMOSA POINT COMFORT PLANT,201 FORMOSA DRIVE,POINT COMFORT,TX,77978,28.6825,-96.545278,1600028209,TX0085570,ECHO覆蓋率稽核,100,"Formosa Plastics Corporation, U.S.A.",台塑集團關係企業 FPC USA 德州 Point Comfort 主廠,郭文筆,1954/11/05,1964/07/27,63657407810,http://www.fpc.com.tw,高雄市仁武區水管路100號,https://www.fpcusa.com/content/uploads/2021/04/formosa-logo-stacked.png,1606963466,,D80,"DMR, Monitor Only - Overdue",,,,,K,"Non-receipt Violation, Non-Monthly Average",09/19/2001,2,RE - Back into Compliance,11/02/2001,E,Effluent Violations,,,,,,,,,1,1600141665,201,1600141665,A,J,1651152489,75,1626023984,1610230497,,,,00340,"Oxygen demand, chem. [high level] [COD]",19,mg/L,07/31/2001,1,,,,11/02/2001,74,,1601848618,75,C3,DD,N,DAILY MX
1301,台灣塑膠工業股份有限公司,Formosa Plastics Corporation,FPC,塑膠工業,,"Formosa Plastics Corporation, U.S.A.",211--美國,,FORMOSA POINT COMFORT PLANT,201 FORMOSA DRIVE,POINT COMFORT,TX,77978,28.6825,-96.545278,1600028209,TX0085570,ECHO覆蓋率稽核,100,"Formosa Plastics Corporation, U.S.A.",台塑集團關係企業 FPC USA 德州 Point Comfort 主廠,郭文筆,1954/11/05,1964/07/27,63657407810,http://www.fpc.com.tw,高雄市仁武區水管路100號,https://www.fpcusa.com/content/uploads/2021/04/formosa-logo-stacked.png,1606963213,,D90,"DMR, Limited - Overdue",,,,,K,"Non-receipt Violation, Non-Monthly Average",04/19/2006,2,RE - Back into Compliance,04/24/2006,E,Effluent Violations,,,,,,,,,2,1600141664,101,1600141664,Q,J,1651145331,0,1626021096,1610229066,,,3.30966,39100,Di[2-ethylhexyl] phthalate [DEHP],01,kg/d,02/28/2006,3,,,,04/24/2006,35,,1601848555,0,Q2,DD,N,DAILY MX
1301,台灣塑膠工業股份有限公司,Formosa Plastics Corporation,FPC,塑膠工業,,"Formosa Plastics Corporation, U.S.A.",211--美國,,FORMOSA POINT COMFORT PLANT,201 FORMOSA DRIVE,POINT COMFORT,TX,77978,28.6825,-96.545278,1600028209,TX0085570,ECHO覆蓋率稽核,100,"Formosa Plastics Corporation, U.S.A.",台塑集團關係企業 FPC USA 德州 Point Comfort 主廠,郭文筆,1954/11/05,1964/07/27,63657407810,http://www.fpc.com.tw,高雄市仁武區水管路100號,https://www.fpcusa.com/content/uploads/2021/04/formosa-logo-stacked.png,1801351968,,D90,"DMR, Limited - Overdue",,,,,,,,,,,E,Effluent Violations,,,,,,,,,2,1600141664,TX1,1600141664,S,V,1651155133,,1803611125,1802026813,8,,10,22414,Whole effluent toxicity,23,%,12/31/2009,6,,,,01/20/2010,,,1601848642,,C2,MJ,,MO AV MN
1301,台灣塑膠工業股份有限公司,Formosa Plastics Corporation,FPC,塑膠工業,,"Formosa Plastics Corporation, U.S.A.",211--美國,,FORMOSA POINT COMFORT PLANT,201 FORMOSA DRIVE,POINT COMFORT,TX,77978,28.6825,-96.545278,1600028209,TX0085570,ECHO覆蓋率稽核,100,"Formosa Plastics Corporation, U.S.A.",台塑集團關係企業 FPC USA 德州 Point Comfort 主廠,郭文筆,1954/11/05,1964/07/27,63657407810,http://www.fpc.com.tw,高雄市仁武區水管路100號,https://www.fpcusa.com/content/uploads/2021/04/formosa-logo-stacked.png,1606963695,,D80,"DMR, Monitor Only - Overdue",,,,,,,,,,,E,Effluent Violations,,,,,,,,,2,1600141664,TX1,1600141664,Q,1,1651154843,13,1626028903,1610230968,,,,TPP6B,NOEC Sub-Lethal Static Renewal 7 Day Chronic Menidia menidia,23,%,06/30/2006,3,,,,09/27/2006,69,,1601848632,13,C2,MJ,,MO AV MN
1301,台灣塑膠工業股份有限公司,Formosa Plastics Corporation,FPC,塑膠工業,,"Formosa Plastics Corporation, U.S.A.",211--美國,,FORMOSA POINT COMFORT PLANT,201 FORMOSA DRIVE,POINT COMFORT,TX,77978,28.6825,-96.545278,1600028209,TX0085570,ECHO覆蓋率稽核,100,"Formosa Plastics Corporation, U.S.A.",台塑集團關係企業 FPC USA 德州 Point Comfort 主廠,郭文筆,1954/11/05,1964/07/27,63657407810,http://www.fpc.com.tw,高雄市仁武區水管路100號,https://www.fpcusa.com/content/uploads/2021/04/formosa-logo-stacked.png,1606963297,,D90,"DMR, Limited - Overdue",,,,,N,Non-Receipt of DMR/Schedule Report,07/20/2006,2,RE - Back into Compliance,09/27/2006,E,Effluent Violations,,,,,,,,,2,1600141664,101,1600141664,Q,J,1651142960,0,1626021180,1610228592,,,.25878,34381,Fluorene,01,kg/d,05/31/2006,3,,,,09/27/2006,99,,1601848530,0,Q1,DB,A,DAILY AV
1301,台灣塑膠工業股份有限公司,Formosa Plastics Corporation,FPC,塑膠工業,,"Formosa Plastics Corporation, U.S.A.",211--美國,,FORMOSA POINT COMFORT PLANT,201 FORMOSA DRIVE,POINT COMFORT,TX,77978,28.6825,-96.545278,1600028209,TX0085570,ECHO覆蓋率稽核,100,"Formosa Plastics Corporation, U.S.A.",台塑集團關係企業 FPC USA 德州 Point Comfort 主廠,郭文筆,1954/11/05,1964/07/27,63657407810,http://www.fpc.com.tw,高雄市仁武區水管路100號,https://www.fpcusa.com/content/uploads/2021/04/formosa-logo-stacked.png,3000556143,,D90,"DMR, Limited - Overdue",,,,,K,"Non-receipt Violation, Non-Monthly Average",06/20/2012,2,RE - Back into Compliance,07/13/2012,E,Effluent Violations,,,,,,,,,2,1600141664,012,1600141664,A,1,2201926824,,3003446585,3001863687,C,,9,00400,pH,12,SU,04/30/2012,1,,,,07/13/2012,54,,1601848475,,C3,MB,N,MAXIMUM
1301,台灣塑膠工業股份有限公司,Formosa Plastics Corporation,FPC,塑膠工業,,"Formosa Plastics Corporation, U.S.A.",211--美國,,FORMOSA POINT COMFORT PLANT,201 FORMOSA DRIVE,POINT COMFORT,TX,77978,28.6825,-96.545278,1600028209,TX0085570,ECHO覆蓋率稽核,100,"Formosa Plastics Corporation, U.S.A.",台塑集團關係企業 FPC USA 德州 Point Comfort 主廠,郭文筆,1954/11/05,1964/07/27,63657407810,http://www.fpc.com.tw,高雄市仁武區水管路100號,https://www.fpcusa.com/content/uploads/2021/04/formosa-logo-stacked.png,3660476238,,E90,"DMR, Limited - Numeric Violation",,,,,,,,,,,E,Effluent Violations,,,,,,,,,0,3600742495,006,3600742495,A,1,3836235400,10.4,3746189778,3678067584,,,9,00400,pH,12,SU,07/31/2021,1,,=,12,08/20/2021,,,3601385641,10.4,C3,MB,N,MAXIMUM
1301,台灣塑膠工業股份有限公司,Formosa Plastics Corporation,FPC,塑膠工業,,"Formosa Plastics Corporation, U.S.A.",211--美國,,FORMOSA POINT COMFORT PLANT,201 FORMOSA DRIVE,POINT COMFORT,TX,77978,28.6825,-96.545278,1600028209,TX0085570,ECHO覆蓋率稽核,100,"Formosa Plastics Corporation, U.S.A.",台塑集團關係企業 FPC USA 德州 Point Comfort 主廠,郭文筆,1954/11/05,1964/07/27,63657407810,http://www.fpc.com.tw,高雄市仁武區水管路100號,https://www.fpcusa.com/content/uploads/2021/04/formosa-logo-stacked.png,1606963709,,D80,"DMR, Monitor Only - Overdue",,,,,,,,,,,E,Effluent Violations,,,,,,,,,2,1600141664,TX1,1600141664,Q,1,1651154902,,1626028917,1610230980,Q,,,TXP3E,LOEC Lethal Survival Static Renewal 7 Day Chronic Americamysis bahia (formerly Mysidopsis bahia),23,%,06/30/2006,3,,,,09/27/2006,,,1601848635,,C1,7D,,7 DA MIN
1301,台灣塑膠工業股份有限公司,Formosa Plastics Corporation,FPC,塑膠工業,,"Formosa Plastics Corporation, U.S.A.",211--美國,,FORMOSA POINT COMFORT PLANT,201 FORMOSA DRIVE,POINT COMFORT,TX,77978,28.6825,-96.545278,1600028209,TX0085570,ECHO覆蓋率稽核,100,"Formosa Plastics Corporation, U.S.A.",台塑集團關係企業 FPC USA 德州 Point Comfort 主廠,郭文筆,1954/11/05,1964/07/27,63657407810,http://www.fpc.com.tw,高雄市仁武區水管路100號,https://www.fpcusa.com/content/uploads/2021/04/formosa-logo-stacked.png,3001159409,,D90,"DMR, Limited - Overdue",,,,,K,"Non-receipt Violation, Non-Monthly Average",10/21/2012,2,RE - Back into Compliance,11/06/2012,E,Effluent Violations,,,,,,,,,2,1600141664,002,1600141664,A,1,2201922489,,3006967887,3003786905,C,,.4,32103,"1,2-Dichloroethane",19,mg/L,08/31/2012,1,,,,11/06/2012,47,,1601848403,,C3,DD,N,DAILY MX
1301,台灣塑膠工業股份有限公司,Formosa Plastics Corporation,FPC,塑膠工業,,"Formosa Plastics Corporation, U.S.A.",211--美國,,FORMOSA POINT COMFORT PLANT,201 FORMOSA DRIVE,POINT COMFORT,TX,77978,28.6825,-96.545278,1600028209,TX0085570,ECHO覆蓋率稽核,100,"Formosa Plastics Corporation, U.S.A.",台塑集團關係企業 FPC USA 德州 Point Comfort 主廠,郭文筆,1954/11/05,1964/07/27,63657407810,http://www.fpc.com.tw,高雄市仁武區水管路100號,https://www.fpcusa.com/content/uploads/2021/04/formosa-logo-stacked.png,1606963540,,E90,"DMR, Limited - Numeric Violation",,,,,,,,,,,E,Effluent Violations,,,,,,,,,1,1600141665,TX1,1600141665,Q,1,1651155038,90,1626028743,1610231007,,,100,22414,Whole effluent toxicity,23,%,12/31/2004,3,10,,,01/24/2005,4,,1601848639,90,C2,MJ,,MO AV MN
1301,台灣塑膠工業股份有限公司,Formosa Plastics Corporation,FPC,塑膠工業,,"Formosa Plastics Corporation, U.S.A.",211--美國,,FORMOSA POINT COMFORT PLANT,201 FORMOSA DRIVE,POINT COMFORT,TX,77978,28.6825,-96.545278,1600028209,TX0085570,ECHO覆蓋率稽核,100,"Formosa Plastics Corporation, U.S.A.",台塑集團關係企業 FPC USA 德州 Point Comfort 主廠,郭文筆,1954/11/05,1964/07/27,63657407810,http://www.fpc.com.tw,高雄市仁武區水管路100號,https://www.fpcusa.com/content/uploads/2021/04/formosa-logo-stacked.png,1606962716,,D80,"DMR, Monitor Only - Overdue",,,,,K,"Non-receipt Violation, Non-Monthly Average",08/19/2001,2,RE - Back into Compliance,10/24/2001,E,Effluent Violations,,,,,,,,,1,1600141665,003,1600141665,A,1,1651114609,0,1625991719,1610222921,,,,03768,"Purgeable hydrocarbons, Meth. 601",19,mg/L,06/30/2001,1,,,,10/24/2001,96,,1601848417,0,C3,DD,N,DAILY MX
1301,台灣塑膠工業股份有限公司,Formosa Plastics Corporation,FPC,塑膠工業,,"Formosa Plastics Corporation, U.S.A.",211--美國,,FORMOSA POINT COMFORT PLANT,201 FORMOSA DRIVE,POINT COMFORT,TX,77978,28.6825,-96.545278,1600028209,TX0085570,ECHO覆蓋率稽核,100,"Formosa Plastics Corporation, U.S.A.",台塑集團關係企業 FPC USA 德州 Point Comfort 主廠,郭文筆,1954/11/05,1964/07/27,63657407810,http://www.fpc.com.tw,高雄市仁武區水管路100號,https://www.fpcusa.com/content/uploads/2021/04/formosa-logo-stacked.png,3661471136,,E90,"DMR, Limited - Numeric Violation",,,,,,,,,,,E,Effluent Violations,,,,,,,,,0,3600742495,003,3600742495,A,1,3836229973,1.3,3748755375,3679294802,,,.4,32103,"1,2-Dichloroethane",19,mg/L,08/31/2021,1,225,=,19,09/17/2021,,,3601385625,1.3,C3,DD,N,DAILY MX
1301,台灣塑膠工業股份有限公司,Formosa Plastics Corporation,FPC,塑膠工業,,"Formosa Plastics Corporation, U.S.A.",211--美國,,FORMOSA POINT COMFORT PLANT,201 FORMOSA DRIVE,POINT COMFORT,TX,77978,28.6825,-96.545278,1600028209,TX0085570,ECHO覆蓋率稽核,100,"Formosa Plastics Corporation, U.S.A.",台塑集團關係企業 FPC USA 德州 Point Comfort 主廠,郭文筆,1954/11/05,1964/07/27,63657407810,http://www.fpc.com.tw,高雄市仁武區水管路100號,https://www.fpcusa.com/content/uploads/2021/04/formosa-logo-stacked.png,1606963447,,D90,"DMR, Limited - Overdue",,,,,N,Non-Receipt of DMR/Schedule Report,02/19/2003,2,RE - Back into Compliance,04/21/2003,E,Effluent Violations,,,,,,,,,1,1600141665,101,1600141665,Y,J,1651149245,0,1626023865,1610229849,,,.75818,39175,Vinyl chloride,01,kg/d,12/31/2002,12,,,,04/21/2003,91,,1601848605,0,Q1,DB,A,DAILY AV
1301,台灣塑膠工業股份有限公司,Formosa Plastics Corporation,FPC,塑膠工業,,"Formosa Plastics Corporation, U.S.A.",211--美國,,FORMOSA POINT COMFORT PLANT,201 FORMOSA DRIVE,POINT COMFORT,TX,77978,28.6825,-96.545278,1600028209,TX0085570,ECHO覆蓋率稽核,100,"Formosa Plastics Corporation, U.S.A.",台塑集團關係企業 FPC USA 德州 Point Comfort 主廠,郭文筆,1954/11/05,1964/07/27,63657407810,http://www.fpc.com.tw,高雄市仁武區水管路100號,https://www.fpcusa.com/content/uploads/2021/04/formosa-logo-stacked.png,3660476235,,E90,"DMR, Limited - Numeric Violation",,,,,,,,,,,E,Effluent Violations,,,,,,,,,0,3600742495,001,3600742495,A,1,3836219048,94,3746189623,3678067520,,,34,80082,"BOD, carbonaceous [5 day, 20 C]",19,mg/L,07/31/2021,1,176,=,19,08/20/2021,,,3601385598,94,C3,DD,N,DAILY MX
1301,台灣塑膠工業股份有限公司,Formosa Plastics Corporation,FPC,塑膠工業,,"Formosa Plastics Corporation, U.S.A.",211--美國,,FORMOSA POINT COMFORT PLANT,201 FORMOSA DRIVE,POINT COMFORT,TX,77978,28.6825,-96.545278,1600028209,TX0085570,ECHO覆蓋率稽核,100,"Formosa Plastics Corporation, U.S.A.",台塑集團關係企業 FPC USA 德州 Point Comfort 主廠,郭文筆,1954/11/05,1964/07/27,63657407810,http://www.fpc.com.tw,高雄市仁武區水管路100號,https://www.fpcusa.com/content/uploads/2021/04/formosa-logo-stacked.png,1606963078,,D90,"DMR, Limited - Overdue",,,,,K,"Non-receipt Violation, Non-Monthly Average",04/19/2006,2,RE - Back into Compliance,04/24/2006,E,Effluent Violations,,,,,,,,,2,1600141664,101,1600141664,Q,J,1651142766,0,1626020961,1610228553,,,1.28028,34371,Ethylbenzene,01,kg/d,02/28/2006,3,,,,04/24/2006,35,,1601848528,0,Q2,DD,N,DAILY MX
1301,台灣塑膠工業股份有限公司,Formosa Plastics Corporation,FPC,塑膠工業,,"Formosa Plastics Corporation, U.S.A.",211--美國,,FORMOSA POINT COMFORT PLANT,201 FORMOSA DRIVE,POINT COMFORT,TX,77978,28.6825,-96.545278,1600028209,TX0085570,ECHO覆蓋率稽核,100,"Formosa Plastics Corporation, U.S.A.",台塑集團關係企業 FPC USA 德州 Point Comfort 主廠,郭文筆,1954/11/05,1964/07/27,63657407810,http://www.fpc.com.tw,高雄市仁武區水管路100號,https://www.fpcusa.com/content/uploads/2021/04/formosa-logo-stacked.png,1606963097,,D90,"DMR, Limited - Overdue",,,,,N,Non-Receipt of DMR/Schedule Report,04/19/2006,2,RE - Back into Compliance,04/24/2006,E,Effluent Violations,,,,,,,,,2,1600141664,101,1600141664,Q,J,1651143145,0,1626020980,1610228629,,,.2497,34396,Hexachloroethane,01,kg/d,02/28/2006,3,,,,04/24/2006,35,,1601848532,0,Q1,DB,A,DAILY AV
1301,台灣塑膠工業股份有限公司,Formosa Plastics Corporation,FPC,塑膠工業,,"Formosa Plastics Corporation, U.S.A.",211--美國,,FORMOSA POINT COMFORT PLANT,201 FORMOSA DRIVE,POINT COMFORT,TX,77978,28.6825,-96.545278,1600028209,TX0085570,ECHO覆蓋率稽核,100,"Formosa Plastics Corporation, U.S.A.",台塑集團關係企業 FPC USA 德州 Point Comfort 主廠,郭文筆,1954/11/05,1964/07/27,63657407810,http://www.fpc.com.tw,高雄市仁武區水管路100號,https://www.fpcusa.com/content/uploads/2021/04/formosa-logo-stacked.png,1606963505,,D80,"DMR, Monitor Only - Overdue",,,,,N,Non-Receipt of DMR/Schedule Report,09/19/2001,2,RE - Back into Compliance,11/02/2001,E,Effluent Violations,,,,,,,,,1,1600141665,201,1600141665,A,J,1651154488,0,1626024023,1610230897,,,,50060,"Chlorine, total residual",19,mg/L,07/31/2001,1,,,,11/02/2001,74,,1601848626,0,C2,DB,A,DAILY AV
1301,台灣塑膠工業股份有限公司,Formosa Plastics Corporation,FPC,塑膠工業,,"Formosa Plastics Corporation, U.S.A.",211--美國,,FORMOSA POINT COMFORT PLANT,201 FORMOSA DRIVE,POINT COMFORT,TX,77978,28.6825,-96.545278,1600028209,TX0085570,ECHO覆蓋率稽核,100,"Formosa Plastics Corporation, U.S.A.",台塑集團關係企業 FPC USA 德州 Point Comfort 主廠,郭文筆,1954/11/05,1964/07/27,63657407810,http://www.fpc.com.tw,高雄市仁武區水管路100號,https://www.fpcusa.com/content/uploads/2021/04/formosa-logo-stacked.png,1606962517,,D90,"DMR, Limited - Overdue",,,,,N,Non-Receipt of DMR/Schedule Report,09/19/2001,2,RE - Back into Compliance,11/02/2001,E,Effluent Violations,,,,,,,,,1,1600141665,001,1600141665,A,1,1651108735,109,1625977530,1610221747,,,500.308,80082,"BOD, carbonaceous [5 day, 20 C]",01,kg/d,07/31/2001,1,,,,11/02/2001,74,,1601848394,49.486,Q1,DB,A,DAILY AV
1301,台灣塑膠工業股份有限公司,Formosa Plastics Corporation,FPC,塑膠工業,,"Formosa Plastics Corporation, U.S.A.",211--美國,,FORMOSA POINT COMFORT PLANT,201 FORMOSA DRIVE,POINT COMFORT,TX,77978,28.6825,-96.545278,1600028209,TX0085570,ECHO覆蓋率稽核,100,"Formosa Plastics Corporation, U.S.A.",台塑集團關係企業 FPC USA 德州 Point Comfort 主廠,郭文筆,1954/11/05,1964/07/27,63657407810,http://www.fpc.com.tw,高雄市仁武區水管路100號,https://www.fpcusa.com/content/uploads/2021/04/formosa-logo-stacked.png,2600002009,,D90,"DMR, Limited - Overdue",,,,,,,,,,,E,Effluent Violations,,,,,,,,,2,1600141664,TX1,1600141664,S,V,1804018955,,2202872173,2201622329,8,,10,22414,Whole effluent toxicity,23,%,12/31/2010,6,,,,01/20/2011,,,1601848642,,C1,7D,,7 DA MIN
1301,台灣塑膠工業股份有限公司,Formosa Plastics Corporation,FPC,塑膠工業,,"Formosa Plastics Corporation, U.S.A.",211--美國,,FORMOSA POINT COMFORT PLANT,201 FORMOSA DRIVE,POINT COMFORT,TX,77978,28.6825,-96.545278,1600028209,TX0085570,ECHO覆蓋率稽核,100,"Formosa Plastics Corporation, U.S.A.",台塑集團關係企業 FPC USA 德州 Point Comfort 主廠,郭文筆,1954/11/05,1964/07/27,63657407810,http://www.fpc.com.tw,高雄市仁武區水管路100號,https://www.fpcusa.com/content/uploads/2021/04/formosa-logo-stacked.png,3001159235,,D80,"DMR, Monitor Only - Overdue",,,,,K,"Non-receipt Violation, Non-Monthly Average",10/21/2012,2,RE - Back into Compliance,11/06/2012,E,Effluent Violations,,,,,,,,,2,1600141664,004,1600141664,A,1,2201923773,,3006967888,3003786904,C,,,03768,"Purgeable hydrocarbons, Meth. 601",19,mg/L,08/31/2012,1,,,,11/06/2012,47,,1601848422,,C3,DD,N,DAILY MX
1301,台灣塑膠工業股份有限公司,Formosa Plastics Corporation,FPC,塑膠工業,,"Formosa Plastics Corporation, U.S.A.",211--美國,,FORMOSA POINT COMFORT PLANT,201 FORMOSA DRIVE,POINT COMFORT,TX,77978,28.6825,-96.545278,1600028209,TX0085570,ECHO覆蓋率稽核,100,"Formosa Plastics Corporation, U.S.A.",台塑集團關係企業 FPC USA 德州 Point Comfort 主廠,郭文筆,1954/11/05,1964/07/27,63657407810,http://www.fpc.com.tw,高雄市仁武區水管路100號,https://www.fpcusa.com/content/uploads/2021/04/formosa-logo-stacked.png,3660476236,,E90,"DMR, Limited - Numeric Violation",,,,,,,,,,,E,Effluent Violations,,,,,,,,,0,3600742495,001,3600742495,A,1,3836219059,5661,3746189621,3678067520,,,1238.058,80082,"BOD, carbonaceous [5 day, 20 C]",01,kg/d,07/31/2021,1,108,=,26,08/20/2021,,,3601385598,2570.0939784,Q2,DD,N,DAILY MX
1301,台灣塑膠工業股份有限公司,Formosa Plastics Corporation,FPC,塑膠工業,,"Formosa Plastics Corporation, U.S.A.",211--美國,,FORMOSA POINT COMFORT PLANT,201 FORMOSA DRIVE,POINT COMFORT,TX,77978,28.6825,-96.545278,1600028209,TX0085570,ECHO覆蓋率稽核,100,"Formosa Plastics Corporation, U.S.A.",台塑集團關係企業 FPC USA 德州 Point Comfort 主廠,郭文筆,1954/11/05,1964/07/27,63657407810,http://www.fpc.com.tw,高雄市仁武區水管路100號,https://www.fpcusa.com/content/uploads/2021/04/formosa-logo-stacked.png,1606963038,,D90,"DMR, Limited - Overdue",,,,,K,"Non-receipt Violation, Non-Monthly Average",04/19/2006,2,RE - Back into Compliance,04/24/2006,E,Effluent Violations,,,,,,,,,2,1600141664,101,1600141664,Q,J,1651142101,0,1626020921,1610228420,,,.69916,34220,Anthracene,01,kg/d,02/28/2006,3,,,,04/24/2006,35,,1601848520,0,Q2,DD,N,DAILY MX
1301,台灣塑膠工業股份有限公司,Formosa Plastics Corporation,FPC,塑膠工業,,"Formosa Plastics Corporation, U.S.A.",211--美國,,FORMOSA POINT COMFORT PLANT,201 FORMOSA DRIVE,POINT COMFORT,TX,77978,28.6825,-96.545278,1600028209,TX0085570,ECHO覆蓋率稽核,100,"Formosa Plastics Corporation, U.S.A.",台塑集團關係企業 FPC USA 德州 Point Comfort 主廠,郭文筆,1954/11/05,1964/07/27,63657407810,http://www.fpc.com.tw,高雄市仁武區水管路100號,https://www.fpcusa.com/content/uploads/2021/04/formosa-logo-stacked.png,1606963047,,D90,"DMR, Limited - Overdue",,,,,N,Non-Receipt of DMR/Schedule Report,04/19/2006,2,RE - Back into Compliance,04/24/2006,E,Effluent Violations,,,,,,,,,2,1600141664,101,1600141664,Q,J,1651142290,0,1626020930,1610228458,,,.25878,34242,Benzo[k]fluoranthene,01,kg/d,02/28/2006,3,,,,04/24/2006,35,,1601848522,0,Q1,DB,A,DAILY AV
1301,台灣塑膠工業股份有限公司,Formosa Plastics Corporation,FPC,塑膠工業,,"Formosa Plastics Corporation, U.S.A.",211--美國,,FORMOSA POINT COMFORT PLANT,201 FORMOSA DRIVE,POINT COMFORT,TX,77978,28.6825,-96.545278,1600028209,TX0085570,ECHO覆蓋率稽核,100,"Formosa Plastics Corporation, U.S.A.",台塑集團關係企業 FPC USA 德州 Point Comfort 主廠,郭文筆,1954/11/05,1964/07/27,63657407810,http://www.fpc.com.tw,高雄市仁武區水管路100號,https://www.fpcusa.com/content/uploads/2021/04/formosa-logo-stacked.png,1606963383,,D90,"DMR, Limited - Overdue",,,,,K,"Non-receipt Violation, Non-Monthly Average",07/20/2006,2,RE - Back into Compliance,09/27/2006,E,Effluent Violations,,,,,,,,,2,1600141664,101,1600141664,Q,J,1651144576,0,1626021266,1610228915,,,1.33022,34601,"2,4-Dichlorophenol",01,kg/d,05/31/2006,3,,,,09/27/2006,99,,1601848547,0,Q2,DD,N,DAILY MX
1301,台灣塑膠工業股份有限公司,Formosa Plastics Corporation,FPC,塑膠工業,,"Formosa Plastics Corporation, U.S.A.",211--美國,,FORMOSA POINT COMFORT PLANT,201 FORMOSA DRIVE,POINT COMFORT,TX,77978,28.6825,-96.545278,1600028209,TX0085570,ECHO覆蓋率稽核,100,"Formosa Plastics Corporation, U.S.A.",台塑集團關係企業 FPC USA 德州 Point Comfort 主廠,郭文筆,1954/11/05,1964/07/27,63657407810,http://www.fpc.com.tw,高雄市仁武區水管路100號,https://www.fpcusa.com/content/uploads/2021/04/formosa-logo-stacked.png,1606963549,,D80,"DMR, Monitor Only - Overdue",,,,,,,,,,,E,Effluent Violations,,,,,,,,,2,1600141664,TX1,1600141664,Q,1,1651154732,0,1626028757,1610230946,,,,TLP3E,Low Flow Pass/Fail Survival Test Static Renewal 7 Day Chronic Americamysis bahia (Mysidopsis bahia),9A,pass=0;fail=1,12/31/2005,3,,,,09/27/2006,99,,1601848627,0,C1,7D,,7 DA MIN
1301,台灣塑膠工業股份有限公司,Formosa Plastics Corporation,FPC,塑膠工業,,"Formosa Plastics Corporation, U.S.A.",211--美國,,FORMOSA POINT COMFORT PLANT,201 FORMOSA DRIVE,POINT COMFORT,TX,77978,28.6825,-96.545278,1600028209,TX0085570,ECHO覆蓋率稽核,100,"Formosa Plastics Corporation, U.S.A.",台塑集團關係企業 FPC USA 德州 Point Comfort 主廠,郭文筆,1954/11/05,1964/07/27,63657407810,http://www.fpc.com.tw,高雄市仁武區水管路100號,https://www.fpcusa.com/content/uploads/2021/04/formosa-logo-stacked.png,1606963037,,D90,"DMR, Limited - Overdue",,,,,N,Non-Receipt of DMR/Schedule Report,04/19/2006,2,RE - Back into Compliance,04/24/2006,E,Effluent Violations,,,,,,,,,2,1600141664,101,1600141664,Q,J,1651142100,0,1626020920,1610228420,,,.25878,34220,Anthracene,01,kg/d,02/28/2006,3,,,,04/24/2006,35,,1601848520,0,Q1,DB,A,DAILY AV
1301,台灣塑膠工業股份有限公司,Formosa Plastics Corporation,FPC,塑膠工業,,"Formosa Plastics Corporation, U.S.A.",211--美國,,FORMOSA POINT COMFORT PLANT,201 FORMOSA DRIVE,POINT COMFORT,TX,77978,28.6825,-96.545278,1600028209,TX0085570,ECHO覆蓋率稽核,100,"Formosa Plastics Corporation, U.S.A.",台塑集團關係企業 FPC USA 德州 Point Comfort 主廠,郭文筆,1954/11/05,1964/07/27,63657407810,http://www.fpc.com.tw,高雄市仁武區水管路100號,https://www.fpcusa.com/content/uploads/2021/04/formosa-logo-stacked.png,1606963348,,D90,"DMR, Limited - Overdue",,,,,K,"Non-receipt Violation, Non-Monthly Average",07/20/2006,2,RE - Back into Compliance,09/27/2006,E,Effluent Violations,,,,,,,,,2,1600141664,101,1600141664,Q,J,1651143911,0,1626021231,1610228782,,,2.72854,34541,"1,2-Dichloropropane",01,kg/d,05/31/2006,3,,,,09/27/2006,99,,1601848540,0,Q2,DD,N,DAILY MX
1301,台灣塑膠工業股份有限公司,Formosa Plastics Corporation,FPC,塑膠工業,,"Formosa Plastics Corporation, U.S.A.",211--美國,,FORMOSA POINT COMFORT PLANT,201 FORMOSA DRIVE,POINT COMFORT,TX,77978,28.6825,-96.545278,1600028209,TX0085570,ECHO覆蓋率稽核,100,"Formosa Plastics Corporation, U.S.A.",台塑集團關係企業 FPC USA 德州 Point Comfort 主廠,郭文筆,1954/11/05,1964/07/27,63657407810,http://www.fpc.com.tw,高雄市仁武區水管路100號,https://www.fpcusa.com/content/uploads/2021/04/formosa-logo-stacked.png,1606962687,,D90,"DMR, Limited - Overdue",,,,,N,Non-Receipt of DMR/Schedule Report,07/20/2006,2,RE - Back into Compliance,09/27/2006,E,Effluent Violations,,,,,,,,,2,1600141664,001,1600141664,Q,1,1651109490,0,1625989260,1610221898,,,.000000352,34675,"2,3,7,8-Tetrachlorodibenzo-p-dioxin",01,kg/d,05/31/2006,3,,,,09/27/2006,99,,1601848397,0,Q1,DB,A,DAILY AV
1301,台灣塑膠工業股份有限公司,Formosa Plastics Corporation,FPC,塑膠工業,,"Formosa Plastics Corporation, U.S.A.",211--美國,,FORMOSA POINT COMFORT PLANT,201 FORMOSA DRIVE,POINT COMFORT,TX,77978,28.6825,-96.545278,1600028209,TX0085570,ECHO覆蓋率稽核,100,"Formosa Plastics Corporation, U.S.A.",台塑集團關係企業 FPC USA 德州 Point Comfort 主廠,郭文筆,1954/11/05,1964/07/27,63657407810,http://www.fpc.com.tw,高雄市仁武區水管路100號,https://www.fpcusa.com/content/uploads/2021/04/formosa-logo-stacked.png,1606963197,,D90,"DMR, Limited - Overdue",,,,,N,Non-Receipt of DMR/Schedule Report,04/19/2006,2,RE - Back into Compliance,04/24/2006,E,Effluent Violations,,,,,,,,,2,1600141664,101,1600141664,Q,J,1651145045,0,1626021080,1610229009,,,.85352,34646,4-Nitrophenol,01,kg/d,02/28/2006,3,,,,04/24/2006,35,,1601848552,0,Q1,DB,A,DAILY AV
1301,台灣塑膠工業股份有限公司,Formosa Plastics Corporation,FPC,塑膠工業,,"Formosa Plastics Corporation, U.S.A.",211--美國,,FORMOSA POINT COMFORT PLANT,201 FORMOSA DRIVE,POINT COMFORT,TX,77978,28.6825,-96.545278,1600028209,TX0085570,ECHO覆蓋率稽核,100,"Formosa Plastics Corporation, U.S.A.",台塑集團關係企業 FPC USA 德州 Point Comfort 主廠,郭文筆,1954/11/05,1964/07/27,63657407810,http://www.fpc.com.tw,高雄市仁武區水管路100號,https://www.fpcusa.com/content/uploads/2021/04/formosa-logo-stacked.png,1606963198,,D90,"DMR, Limited - Overdue",,,,,K,"Non-receipt Violation, Non-Monthly Average",04/19/2006,2,RE - Back into Compliance,04/24/2006,E,Effluent Violations,,,,,,,,,2,1600141664,101,1600141664,Q,J,1651145046,0,1626021081,1610229009,,,1.47096,34646,4-Nitrophenol,01,kg/d,02/28/2006,3,,,,04/24/2006,35,,1601848552,0,Q2,DD,N,DAILY MX
1301,台灣塑膠工業股份有限公司,Formosa Plastics Corporation,FPC,塑膠工業,,"Formosa Plastics Corporation, U.S.A.",211--美國,,FORMOSA POINT COMFORT PLANT,201 FORMOSA DRIVE,POINT COMFORT,TX,77978,28.6825,-96.545278,1600028209,TX0085570,ECHO覆蓋率稽核,100,"Formosa Plastics Corporation, U.S.A.",台塑集團關係企業 FPC USA 德州 Point Comfort 主廠,郭文筆,1954/11/05,1964/07/27,63657407810,http://www.fpc.com.tw,高雄市仁武區水管路100號,https://www.fpcusa.com/content/uploads/2021/04/formosa-logo-stacked.png,1606963298,,D90,"DMR, Limited - Overdue",,,,,K,"Non-receipt Violation, Non-Monthly Average",07/20/2006,2,RE - Back into Compliance,09/27/2006,E,Effluent Violations,,,,,,,,,2,1600141664,101,1600141664,Q,J,1651142961,0,1626021181,1610228592,,,.69916,34381,Fluorene,01,kg/d,05/31/2006,3,,,,09/27/2006,99,,1601848530,0,Q2,DD,N,DAILY MX
1301,台灣塑膠工業股份有限公司,Formosa Plastics Corporation,FPC,塑膠工業,,"Formosa Plastics Corporation, U.S.A.",211--美國,,FORMOSA POINT COMFORT PLANT,201 FORMOSA DRIVE,POINT COMFORT,TX,77978,28.6825,-96.545278,1600028209,TX0085570,ECHO覆蓋率稽核,100,"Formosa Plastics Corporation, U.S.A.",台塑集團關係企業 FPC USA 德州 Point Comfort 主廠,郭文筆,1954/11/05,1964/07/27,63657407810,http://www.fpc.com.tw,高雄市仁武區水管路100號,https://www.fpcusa.com/content/uploads/2021/04/formosa-logo-stacked.png,1606962993,,D90,"DMR, Limited - Overdue",,,,,K,"Non-receipt Violation, Non-Monthly Average",12/20/2002,2,RE - Back into Compliance,12/30/2002,E,Effluent Violations,,,,,,,,,1,1600141665,101,1600141665,A,J,1651141391,0,1626010316,1610228278,,,0,82581,"pH range excursions, > 60 minutes",88,occur/d,10/31/2002,1,,,,12/30/2002,40,,1601848515,0,Q2,MP,N,MO TOTAL
1301,台灣塑膠工業股份有限公司,Formosa Plastics Corporation,FPC,塑膠工業,,"Formosa Plastics Corporation, U.S.A.",211--美國,,FORMOSA POINT COMFORT PLANT,201 FORMOSA DRIVE,POINT COMFORT,TX,77978,28.6825,-96.545278,1600028209,TX0085570,ECHO覆蓋率稽核,100,"Formosa Plastics Corporation, U.S.A.",台塑集團關係企業 FPC USA 德州 Point Comfort 主廠,郭文筆,1954/11/05,1964/07/27,63657407810,http://www.fpc.com.tw,高雄市仁武區水管路100號,https://www.fpcusa.com/content/uploads/2021/04/formosa-logo-stacked.png,1606963465,,D80,"DMR, Monitor Only - Overdue",,,,,N,Non-Receipt of DMR/Schedule Report,09/19/2001,2,RE - Back into Compliance,11/02/2001,E,Effluent Violations,,,,,,,,,1,1600141665,201,1600141665,A,J,1651152488,61,1626023983,1610230497,,,,00340,"Oxygen demand, chem. [high level] [COD]",19,mg/L,07/31/2001,1,,,,11/02/2001,74,,1601848618,61,C2,DB,A,DAILY AV
1301,台灣塑膠工業股份有限公司,Formosa Plastics Corporation,FPC,塑膠工業,,"Formosa Plastics Corporation, U.S.A.",211--美國,,FORMOSA POINT COMFORT PLANT,201 FORMOSA DRIVE,POINT COMFORT,TX,77978,28.6825,-96.545278,1600028209,TX0085570,ECHO覆蓋率稽核,100,"Formosa Plastics Corporation, U.S.A.",台塑集團關係企業 FPC USA 德州 Point Comfort 主廠,郭文筆,1954/11/05,1964/07/27,63657407810,http://www.fpc.com.tw,高雄市仁武區水管路100號,https://www.fpcusa.com/content/uploads/2021/04/formosa-logo-stacked.png,1606962535,,D90,"DMR, Limited - Overdue",,,,,K,"Non-receipt Violation, Non-Monthly Average",10/20/2001,2,RE - Back into Compliance,11/02/2001,E,Effluent Violations,,,,,,,,,1,1600141665,001,1600141665,A,1,1651108493,1,1625977653,1610221698,,,140,74055,"Coliform, fecal general",30,MPN/100mL,08/31/2001,1,,,,11/02/2001,43,,1601848393,1,C2,3A,A,30DA GM
1301,台灣塑膠工業股份有限公司,Formosa Plastics Corporation,FPC,塑膠工業,,"Formosa Plastics Corporation, U.S.A.",211--美國,,FORMOSA POINT COMFORT PLANT,201 FORMOSA DRIVE,POINT COMFORT,TX,77978,28.6825,-96.545278,1600028209,TX0085570,ECHO覆蓋率稽核,100,"Formosa Plastics Corporation, U.S.A.",台塑集團關係企業 FPC USA 德州 Point Comfort 主廠,郭文筆,1954/11/05,1964/07/27,63657407810,http://www.fpc.com.tw,高雄市仁武區水管路100號,https://www.fpcusa.com/content/uploads/2021/04/formosa-logo-stacked.png,3601864624,,E90,"DMR, Limited - Numeric Violation",,,,,,,,,,,E,Effluent Violations,,,,,,,,,2,1600141664,004,1600141664,A,1,3435153114,9.2,3609681992,3605393777,,,9,00400,pH,12,SU,06/30/2015,1,,=,12,07/20/2015,,,1601848419,9.2,C3,MB,N,MAXIMUM
1301,台灣塑膠工業股份有限公司,Formosa Plastics Corporation,FPC,塑膠工業,,"Formosa Plastics Corporation, U.S.A.",211--美國,,FORMOSA POINT COMFORT PLANT,201 FORMOSA DRIVE,POINT COMFORT,TX,77978,28.6825,-96.545278,1600028209,TX0085570,ECHO覆蓋率稽核,100,"Formosa Plastics Corporation, U.S.A.",台塑集團關係企業 FPC USA 德州 Point Comfort 主廠,郭文筆,1954/11/05,1964/07/27,63657407810,http://www.fpc.com.tw,高雄市仁武區水管路100號,https://www.fpcusa.com/content/uploads/2021/04/formosa-logo-stacked.png,1606963087,,D90,"DMR, Limited - Overdue",,,,,N,Non-Receipt of DMR/Schedule Report,04/19/2006,2,RE - Back into Compliance,04/24/2006,E,Effluent Violations,,,,,,,,,2,1600141664,101,1600141664,Q,J,1651142955,0,1626020970,1610228591,,,.25878,34381,Fluorene,01,kg/d,02/28/2006,3,,,,04/24/2006,35,,1601848530,0,Q1,DB,A,DAILY AV
1301,台灣塑膠工業股份有限公司,Formosa Plastics Corporation,FPC,塑膠工業,,"Formosa Plastics Corporation, U.S.A.",211--美國,,FORMOSA POINT COMFORT PLANT,201 FORMOSA DRIVE,POINT COMFORT,TX,77978,28.6825,-96.545278,1600028209,TX0085570,ECHO覆蓋率稽核,100,"Formosa Plastics Corporation, U.S.A.",台塑集團關係企業 FPC USA 德州 Point Comfort 主廠,郭文筆,1954/11/05,1964/07/27,63657407810,http://www.fpc.com.tw,高雄市仁武區水管路100號,https://www.fpcusa.com/content/uploads/2021/04/formosa-logo-stacked.png,1606962832,,D90,"DMR, Limited - Overdue",,,,,N,Non-Receipt of DMR/Schedule Report,09/19/2001,2,RE - Back into Compliance,11/02/2001,E,Effluent Violations,,,,,,,,,1,1600141665,101,1600141665,A,J,1651139065,0,1626008915,1610227813,,,.44038,34030,Benzene,01,kg/d,07/31/2001,1,,,,11/02/2001,74,,1601848505,0,Q1,DB,A,DAILY AV
1301,台灣塑膠工業股份有限公司,Formosa Plastics Corporation,FPC,塑膠工業,,"Formosa Plastics Corporation, U.S.A.",211--美國,,FORMOSA POINT COMFORT PLANT,201 FORMOSA DRIVE,POINT COMFORT,TX,77978,28.6825,-96.545278,1600028209,TX0085570,ECHO覆蓋率稽核,100,"Formosa Plastics Corporation, U.S.A.",台塑集團關係企業 FPC USA 德州 Point Comfort 主廠,郭文筆,1954/11/05,1964/07/27,63657407810,http://www.fpc.com.tw,高雄市仁武區水管路100號,https://www.fpcusa.com/content/uploads/2021/04/formosa-logo-stacked.png,1606963590,,D80,"DMR, Monitor Only - Overdue",,,,,,,,,,,E,Effluent Violations,,,,,,,,,2,1600141664,TX1,1600141664,Q,1,1651154893,,1626028798,1610230978,Q,,,TXP3E,LOEC Lethal Survival Static Renewal 7 Day Chronic Americamysis bahia (formerly Mysidopsis bahia),23,%,12/31/2005,3,,,,09/27/2006,,,1601848635,,C2,MJ,,MO AV MN
1301,台灣塑膠工業股份有限公司,Formosa Plastics Corporation,FPC,塑膠工業,,"Formosa Plastics Corporation, U.S.A.",211--美國,,FORMOSA POINT COMFORT PLANT,201 FORMOSA DRIVE,POINT COMFORT,TX,77978,28.6825,-96.545278,1600028209,TX0085570,ECHO覆蓋率稽核,100,"Formosa Plastics Corporation, U.S.A.",台塑集團關係企業 FPC USA 德州 Point Comfort 主廠,郭文筆,1954/11/05,1964/07/27,63657407810,http://www.fpc.com.tw,高雄市仁武區水管路100號,https://www.fpcusa.com/content/uploads/2021/04/formosa-logo-stacked.png,1800741383,,D80,"DMR, Monitor Only - Overdue",,,,,N,Non-Receipt of DMR/Schedule Report,10/21/2009,2,RE - Back into Compliance,01/18/2010,E,Effluent Violations,,,,,,,,,2,1600141664,101,1600141664,A,J,1651134303,0,1801561979,1800881699,,,,34030,Benzene,19,mg/L,08/31/2009,1,,=,19,01/18/2010,120,,1601848487,0,C2,DB,A,DAILY AV
1301,台灣塑膠工業股份有限公司,Formosa Plastics Corporation,FPC,塑膠工業,,"Formosa Plastics Corporation, U.S.A.",211--美國,,FORMOSA POINT COMFORT PLANT,201 FORMOSA DRIVE,POINT COMFORT,TX,77978,28.6825,-96.545278,1600028209,TX0085570,ECHO覆蓋率稽核,100,"Formosa Plastics Corporation, U.S.A.",台塑集團關係企業 FPC USA 德州 Point Comfort 主廠,郭文筆,1954/11/05,1964/07/27,63657407810,http://www.fpc.com.tw,高雄市仁武區水管路100號,https://www.fpcusa.com/content/uploads/2021/04/formosa-logo-stacked.png,1606962928,,D90,"DMR, Limited - Overdue",,,,,K,"Non-receipt Violation, Non-Monthly Average",01/19/2002,2,RE - Back into Compliance,06/10/2002,E,Effluent Violations,,,,,,,,,1,1600141665,101,1600141665,A,J,1651141336,0,1626009326,1610228267,,,0,82581,"pH range excursions, > 60 minutes",88,occur/d,11/30/2001,1,,,,06/10/2002,99,,1601848515,0,Q2,MP,N,MO TOTAL
1301,台灣塑膠工業股份有限公司,Formosa Plastics Corporation,FPC,塑膠工業,,"Formosa Plastics Corporation, U.S.A.",211--美國,,FORMOSA POINT COMFORT PLANT,201 FORMOSA DRIVE,POINT COMFORT,TX,77978,28.6825,-96.545278,1600028209,TX0085570,ECHO覆蓋率稽核,100,"Formosa Plastics Corporation, U.S.A.",台塑集團關係企業 FPC USA 德州 Point Comfort 主廠,郭文筆,1954/11/05,1964/07/27,63657407810,http://www.fpc.com.tw,高雄市仁武區水管路100號,https://www.fpcusa.com/content/uploads/2021/04/formosa-logo-stacked.png,1606963448,,D90,"DMR, Limited - Overdue",,,,,K,"Non-receipt Violation, Non-Monthly Average",02/19/2003,2,RE - Back into Compliance,04/21/2003,E,Effluent Violations,,,,,,,,,1,1600141665,101,1600141665,Y,J,1651149246,0,1626023866,1610229849,,,1.51182,39175,Vinyl chloride,01,kg/d,12/31/2002,12,,,,04/21/2003,91,,1601848605,0,Q2,DD,N,DAILY MX
1301,台灣塑膠工業股份有限公司,Formosa Plastics Corporation,FPC,塑膠工業,,"Formosa Plastics Corporation, U.S.A.",211--美國,,FORMOSA POINT COMFORT PLANT,201 FORMOSA DRIVE,POINT COMFORT,TX,77978,28.6825,-96.545278,1600028209,TX0085570,ECHO覆蓋率稽核,100,"Formosa Plastics Corporation, U.S.A.",台塑集團關係企業 FPC USA 德州 Point Comfort 主廠,郭文筆,1954/11/05,1964/07/27,63657407810,http://www.fpc.com.tw,高雄市仁武區水管路100號,https://www.fpcusa.com/content/uploads/2021/04/formosa-logo-stacked.png,1606963735,,D90,"DMR, Limited - Overdue",,,,,,,,,,,E,Effluent Violations,,,,,,,,,2,1600141664,TX1,1600141664,S,V,1651155098,13,1626029283,1610231019,,,10,22414,Whole effluent toxicity,23,%,06/30/2006,6,,,,10/24/2006,96,,1601848642,13,C2,MJ,,MO AV MN
1301,台灣塑膠工業股份有限公司,Formosa Plastics Corporation,FPC,塑膠工業,,"Formosa Plastics Corporation, U.S.A.",211--美國,,FORMOSA POINT COMFORT PLANT,201 FORMOSA DRIVE,POINT COMFORT,TX,77978,28.6825,-96.545278,1600028209,TX0085570,ECHO覆蓋率稽核,100,"Formosa Plastics Corporation, U.S.A.",台塑集團關係企業 FPC USA 德州 Point Comfort 主廠,郭文筆,1954/11/05,1964/07/27,63657407810,http://www.fpc.com.tw,高雄市仁武區水管路100號,https://www.fpcusa.com/content/uploads/2021/04/formosa-logo-stacked.png,1606962513,,D90,"DMR, Limited - Overdue",,,,,K,"Non-receipt Violation, Non-Monthly Average",08/19/2001,2,RE - Back into Compliance,06/10/2002,E,Effluent Violations,,,,,,,,,1,1600141665,001,1600141665,A,1,1651109231,0,1625977416,1610221846,,,.309524,82582,"pH range excursions, monthly total accum",5A,d,06/30/2001,1,,,,06/10/2002,99,,1601848396,0,Q2,MP,N,MO TOTAL
1301,台灣塑膠工業股份有限公司,Formosa Plastics Corporation,FPC,塑膠工業,,"Formosa Plastics Corporation, U.S.A.",211--美國,,FORMOSA POINT COMFORT PLANT,201 FORMOSA DRIVE,POINT COMFORT,TX,77978,28.6825,-96.545278,1600028209,TX0085570,ECHO覆蓋率稽核,100,"Formosa Plastics Corporation, U.S.A.",台塑集團關係企業 FPC USA 德州 Point Comfort 主廠,郭文筆,1954/11/05,1964/07/27,63657407810,http://www.fpc.com.tw,高雄市仁武區水管路100號,https://www.fpcusa.com/content/uploads/2021/04/formosa-logo-stacked.png,1606962523,,D90,"DMR, Limited - Overdue",,,,,K,"Non-receipt Violation, Non-Monthly Average",09/19/2001,2,RE - Back into Compliance,06/10/2002,E,Effluent Violations,,,,,,,,,1,1600141665,001,1600141665,A,1,1651108986,0,1625977536,1610221797,,,0,82581,"pH range excursions, > 60 minutes",88,occur/d,07/31/2001,1,,,,06/10/2002,99,,1601848395,0,Q2,MP,N,MO TOTAL
1301,台灣塑膠工業股份有限公司,Formosa Plastics Corporation,FPC,塑膠工業,,"Formosa Plastics Corporation, U.S.A.",211--美國,,FORMOSA POINT COMFORT PLANT,201 FORMOSA DRIVE,POINT COMFORT,TX,77978,28.6825,-96.545278,1600028209,TX0085570,ECHO覆蓋率稽核,100,"Formosa Plastics Corporation, U.S.A.",台塑集團關係企業 FPC USA 德州 Point Comfort 主廠,郭文筆,1954/11/05,1964/07/27,63657407810,http://www.fpc.com.tw,高雄市仁武區水管路100號,https://www.fpcusa.com/content/uploads/2021/04/formosa-logo-stacked.png,1606962690,,D90,"DMR, Limited - Overdue",,,,,N,Non-Receipt of DMR/Schedule Report,07/20/2006,2,RE - Back into Compliance,09/27/2006,E,Effluent Violations,,,,,,,,,2,1600141664,001,1600141664,Q,1,1651109493,0,1625989263,1610221898,,,.00000000957,34675,"2,3,7,8-Tetrachlorodibenzo-p-dioxin",19,mg/L,05/31/2006,3,,,,09/27/2006,99,,1601848397,0,C2,DB,A,DAILY AV
1301,台灣塑膠工業股份有限公司,Formosa Plastics Corporation,FPC,塑膠工業,,"Formosa Plastics Corporation, U.S.A.",211--美國,,FORMOSA POINT COMFORT PLANT,201 FORMOSA DRIVE,POINT COMFORT,TX,77978,28.6825,-96.545278,1600028209,TX0085570,ECHO覆蓋率稽核,100,"Formosa Plastics Corporation, U.S.A.",台塑集團關係企業 FPC USA 德州 Point Comfort 主廠,郭文筆,1954/11/05,1964/07/27,63657407810,http://www.fpc.com.tw,高雄市仁武區水管路100號,https://www.fpcusa.com/content/uploads/2021/04/formosa-logo-stacked.png,1606963253,,D90,"DMR, Limited - Overdue",,,,,K,"Non-receipt Violation, Non-Monthly Average",07/20/2006,2,RE - Back into Compliance,09/27/2006,E,Effluent Violations,,,,,,,,,2,1600141664,101,1600141664,Q,J,1651142201,0,1626021136,1610228440,,,.72186,34230,Benzo[b]fluoranthene,01,kg/d,05/31/2006,3,,,,09/27/2006,99,,1601848521,0,Q2,DD,N,DAILY MX
1301,台灣塑膠工業股份有限公司,Formosa Plastics Corporation,FPC,塑膠工業,,"Formosa Plastics Corporation, U.S.A.",211--美國,,FORMOSA POINT COMFORT PLANT,201 FORMOSA DRIVE,POINT COMFORT,TX,77978,28.6825,-96.545278,1600028209,TX0085570,ECHO覆蓋率稽核,100,"Formosa Plastics Corporation, U.S.A.",台塑集團關係企業 FPC USA 德州 Point Comfort 主廠,郭文筆,1954/11/05,1964/07/27,63657407810,http://www.fpc.com.tw,高雄市仁武區水管路100號,https://www.fpcusa.com/content/uploads/2021/04/formosa-logo-stacked.png,3000555966,,D80,"DMR, Monitor Only - Overdue",,,,,N,Non-Receipt of DMR/Schedule Report,06/20/2012,2,RE - Back into Compliance,08/14/2012,E,Effluent Violations,,,,,,,,,2,1600141664,101,1600141664,A,J,2201928232,0,3002102360,3001141485,,,,34694,Phenol,19,mg/L,04/30/2012,1,,=,19,08/14/2012,86,,1601848495,0,C2,DB,A,DAILY AV
1301,台灣塑膠工業股份有限公司,Formosa Plastics Corporation,FPC,塑膠工業,,"Formosa Plastics Corporation, U.S.A.",211--美國,,FORMOSA POINT COMFORT PLANT,201 FORMOSA DRIVE,POINT COMFORT,TX,77978,28.6825,-96.545278,1600028209,TX0085570,ECHO覆蓋率稽核,100,"Formosa Plastics Corporation, U.S.A.",台塑集團關係企業 FPC USA 德州 Point Comfort 主廠,郭文筆,1954/11/05,1964/07/27,63657407810,http://www.fpc.com.tw,高雄市仁武區水管路100號,https://www.fpcusa.com/content/uploads/2021/04/formosa-logo-stacked.png,1606962563,,D90,"DMR, Limited - Overdue",,,,,K,"Non-receipt Violation, Non-Monthly Average",11/19/2001,2,RE - Back into Compliance,06/10/2002,E,Effluent Violations,,,,,,,,,1,1600141665,001,1600141665,A,1,1651109246,0,1625977791,1610221849,,,.309524,82582,"pH range excursions, monthly total accum",5A,d,09/30/2001,1,,,,06/10/2002,99,,1601848396,0,Q2,MP,N,MO TOTAL
1301,台灣塑膠工業股份有限公司,Formosa Plastics Corporation,FPC,塑膠工業,,"Formosa Plastics Corporation, U.S.A.",211--美國,,FORMOSA POINT COMFORT PLANT,201 FORMOSA DRIVE,POINT COMFORT,TX,77978,28.6825,-96.545278,1600028209,TX0085570,ECHO覆蓋率稽核,100,"Formosa Plastics Corporation, U.S.A.",台塑集團關係企業 FPC USA 德州 Point Comfort 主廠,郭文筆,1954/11/05,1964/07/27,63657407810,http://www.fpc.com.tw,高雄市仁武區水管路100號,https://www.fpcusa.com/content/uploads/2021/04/formosa-logo-stacked.png,1606963514,,E90,"DMR, Limited - Numeric Violation",,,,,,,,,,,E,Effluent Violations,,,,,,,,,1,1600141665,201,1600141665,A,J,1651152772,3.8,1626024337,1610230554,,,6,00400,pH,12,SU,02/28/2002,1,,,,03/22/2002,2,,1601848619,3.8,C1,ME,,MINIMUM
1301,台灣塑膠工業股份有限公司,Formosa Plastics Corporation,FPC,塑膠工業,,"Formosa Plastics Corporation, U.S.A.",211--美國,,FORMOSA POINT COMFORT PLANT,201 FORMOSA DRIVE,POINT COMFORT,TX,77978,28.6825,-96.545278,1600028209,TX0085570,ECHO覆蓋率稽核,100,"Formosa Plastics Corporation, U.S.A.",台塑集團關係企業 FPC USA 德州 Point Comfort 主廠,郭文筆,1954/11/05,1964/07/27,63657407810,http://www.fpc.com.tw,高雄市仁武區水管路100號,https://www.fpcusa.com/content/uploads/2021/04/formosa-logo-stacked.png,1606963188,,D90,"DMR, Limited - Overdue",,,,,K,"Non-receipt Violation, Non-Monthly Average",04/19/2006,2,RE - Back into Compliance,04/24/2006,E,Effluent Violations,,,,,,,,,2,1600141664,101,1600141664,Q,J,1651144856,0,1626021071,1610228971,,,1.45734,34616,"2,4-Dinitrophenol",01,kg/d,02/28/2006,3,,,,04/24/2006,35,,1601848550,0,Q2,DD,N,DAILY MX
1301,台灣塑膠工業股份有限公司,Formosa Plastics Corporation,FPC,塑膠工業,,"Formosa Plastics Corporation, U.S.A.",211--美國,,FORMOSA POINT COMFORT PLANT,201 FORMOSA DRIVE,POINT COMFORT,TX,77978,28.6825,-96.545278,1600028209,TX0085570,ECHO覆蓋率稽核,100,"Formosa Plastics Corporation, U.S.A.",台塑集團關係企業 FPC USA 德州 Point Comfort 主廠,郭文筆,1954/11/05,1964/07/27,63657407810,http://www.fpc.com.tw,高雄市仁武區水管路100號,https://www.fpcusa.com/content/uploads/2021/04/formosa-logo-stacked.png,1606963292,,D90,"DMR, Limited - Overdue",,,,,N,Non-Receipt of DMR/Schedule Report,07/20/2006,2,RE - Back into Compliance,09/27/2006,E,Effluent Violations,,,,,,,,,2,1600141664,101,1600141664,Q,J,1651142865,0,1626021175,1610228573,,,.2951,34376,Fluoranthene,01,kg/d,05/31/2006,3,,,,09/27/2006,99,,1601848529,0,Q1,DB,A,DAILY AV
1301,台灣塑膠工業股份有限公司,Formosa Plastics Corporation,FPC,塑膠工業,,"Formosa Plastics Corporation, U.S.A.",211--美國,,FORMOSA POINT COMFORT PLANT,201 FORMOSA DRIVE,POINT COMFORT,TX,77978,28.6825,-96.545278,1600028209,TX0085570,ECHO覆蓋率稽核,100,"Formosa Plastics Corporation, U.S.A.",台塑集團關係企業 FPC USA 德州 Point Comfort 主廠,郭文筆,1954/11/05,1964/07/27,63657407810,http://www.fpc.com.tw,高雄市仁武區水管路100號,https://www.fpcusa.com/content/uploads/2021/04/formosa-logo-stacked.png,1606963630,,D80,"DMR, Monitor Only - Overdue",,,,,,,,,,,E,Effluent Violations,,,,,,,,,2,1600141664,TX1,1600141664,Q,1,1651154818,13,1626028838,1610230963,,,,TPP3E,NOEC Sub-Lethal Static Renewal 7 Day Chronic Americamysis bahia (formerly Mysidopsis bahia),23,%,03/31/2006,3,,,,09/27/2006,99,,1601848631,13,C2,MJ,,MO AV MN
1301,台灣塑膠工業股份有限公司,Formosa Plastics Corporation,FPC,塑膠工業,,"Formosa Plastics Corporation, U.S.A.",211--美國,,FORMOSA POINT COMFORT PLANT,201 FORMOSA DRIVE,POINT COMFORT,TX,77978,28.6825,-96.545278,1600028209,TX0085570,ECHO覆蓋率稽核,100,"Formosa Plastics Corporation, U.S.A.",台塑集團關係企業 FPC USA 德州 Point Comfort 主廠,郭文筆,1954/11/05,1964/07/27,63657407810,http://www.fpc.com.tw,高雄市仁武區水管路100號,https://www.fpcusa.com/content/uploads/2021/04/formosa-logo-stacked.png,1606962862,,D90,"DMR, Limited - Overdue",,,,,N,Non-Receipt of DMR/Schedule Report,09/19/2001,2,RE - Back into Compliance,11/02/2001,E,Effluent Violations,,,,,,,,,1,1600141665,101,1600141665,A,J,1651140565,0,1626008945,1610228113,,,.2497,34506,"1,1,1-Trichloroethane",01,kg/d,07/31/2001,1,,,,11/02/2001,74,,1601848511,0,Q1,DB,A,DAILY AV
1301,台灣塑膠工業股份有限公司,Formosa Plastics Corporation,FPC,塑膠工業,,"Formosa Plastics Corporation, U.S.A.",211--美國,,FORMOSA POINT COMFORT PLANT,201 FORMOSA DRIVE,POINT COMFORT,TX,77978,28.6825,-96.545278,1600028209,TX0085570,ECHO覆蓋率稽核,100,"Formosa Plastics Corporation, U.S.A.",台塑集團關係企業 FPC USA 德州 Point Comfort 主廠,郭文筆,1954/11/05,1964/07/27,63657407810,http://www.fpc.com.tw,高雄市仁武區水管路100號,https://www.fpcusa.com/content/uploads/2021/04/formosa-logo-stacked.png,2602730250,,D90,"DMR, Limited - Overdue",,,,,,,,,,,E,Effluent Violations,,,,,,,,,2,1600141664,TX1,1600141664,S,V,1804019035,,2609218050,2604985137,8,,10,22414,Whole effluent toxicity,23,%,12/31/2011,6,,,,01/19/2012,,,1601848642,,C2,MJ,,MO AV MN
1301,台灣塑膠工業股份有限公司,Formosa Plastics Corporation,FPC,塑膠工業,,"Formosa Plastics Corporation, U.S.A.",211--美國,,FORMOSA POINT COMFORT PLANT,201 FORMOSA DRIVE,POINT COMFORT,TX,77978,28.6825,-96.545278,1600028209,TX0085570,ECHO覆蓋率稽核,100,"Formosa Plastics Corporation, U.S.A.",台塑集團關係企業 FPC USA 德州 Point Comfort 主廠,郭文筆,1954/11/05,1964/07/27,63657407810,http://www.fpc.com.tw,高雄市仁武區水管路100號,https://www.fpcusa.com/content/uploads/2021/04/formosa-logo-stacked.png,1606962643,,E90,"DMR, Limited - Numeric Violation",,,,,,,,,,,E,Effluent Violations,,,,,,,,,1,1600141665,001,1600141665,A,1,1651107406,2.31,1625981751,1610221481,,,.33596,34694,Phenol,01,kg/d,05/31/2004,1,212,,,06/22/2004,2,,1601848388,1.04874,Q2,DD,N,DAILY MX
1301,台灣塑膠工業股份有限公司,Formosa Plastics Corporation,FPC,塑膠工業,,"Formosa Plastics Corporation, U.S.A.",211--美國,,FORMOSA POINT COMFORT PLANT,201 FORMOSA DRIVE,POINT COMFORT,TX,77978,28.6825,-96.545278,1600028209,TX0085570,ECHO覆蓋率稽核,100,"Formosa Plastics Corporation, U.S.A.",台塑集團關係企業 FPC USA 德州 Point Comfort 主廠,郭文筆,1954/11/05,1964/07/27,63657407810,http://www.fpc.com.tw,高雄市仁武區水管路100號,https://www.fpcusa.com/content/uploads/2021/04/formosa-logo-stacked.png,1606963398,,D90,"DMR, Limited - Overdue",,,,,K,"Non-receipt Violation, Non-Monthly Average",07/20/2006,2,RE - Back into Compliance,09/27/2006,E,Effluent Violations,,,,,,,,,2,1600141664,101,1600141664,Q,J,1651144861,0,1626021281,1610228972,,,1.45734,34616,"2,4-Dinitrophenol",01,kg/d,05/31/2006,3,,,,09/27/2006,99,,1601848550,0,Q2,DD,N,DAILY MX
1301,台灣塑膠工業股份有限公司,Formosa Plastics Corporation,FPC,塑膠工業,,"Formosa Plastics Corporation, U.S.A.",211--美國,,FORMOSA POINT COMFORT PLANT,201 FORMOSA DRIVE,POINT COMFORT,TX,77978,28.6825,-96.545278,1600028209,TX0085570,ECHO覆蓋率稽核,100,"Formosa Plastics Corporation, U.S.A.",台塑集團關係企業 FPC USA 德州 Point Comfort 主廠,郭文筆,1954/11/05,1964/07/27,63657407810,http://www.fpc.com.tw,高雄市仁武區水管路100號,https://www.fpcusa.com/content/uploads/2021/04/formosa-logo-stacked.png,3660476234,,E90,"DMR, Limited - Numeric Violation",,,,,,,,,,,E,Effluent Violations,,,,,,,,,0,3600742495,101,3600742495,A,J,3836249048,2745,3746189535,3678067479,,,889.386,00310,"BOD, 5-day, 20 deg. C",01,kg/d,07/31/2021,1,40,=,26,08/20/2021,,,3601385666,1246.22998953,Q2,DD,N,DAILY MX
1301,台灣塑膠工業股份有限公司,Formosa Plastics Corporation,FPC,塑膠工業,,"Formosa Plastics Corporation, U.S.A.",211--美國,,FORMOSA POINT COMFORT PLANT,201 FORMOSA DRIVE,POINT COMFORT,TX,77978,28.6825,-96.545278,1600028209,TX0085570,ECHO覆蓋率稽核,100,"Formosa Plastics Corporation, U.S.A.",台塑集團關係企業 FPC USA 德州 Point Comfort 主廠,郭文筆,1954/11/05,1964/07/27,63657407810,http://www.fpc.com.tw,高雄市仁武區水管路100號,https://www.fpcusa.com/content/uploads/2021/04/formosa-logo-stacked.png,1606963328,,D90,"DMR, Limited - Overdue",,,,,K,"Non-receipt Violation, Non-Monthly Average",07/20/2006,2,RE - Back into Compliance,09/27/2006,E,Effluent Violations,,,,,,,,,2,1600141664,101,1600141664,Q,J,1651143531,0,1626021211,1610228706,,,.2951,34501,"1,1-Dichloroethylene",01,kg/d,05/31/2006,3,,,,09/27/2006,99,,1601848536,0,Q2,DD,N,DAILY MX
1301,台灣塑膠工業股份有限公司,Formosa Plastics Corporation,FPC,塑膠工業,,"Formosa Plastics Corporation, U.S.A.",211--美國,,FORMOSA POINT COMFORT PLANT,201 FORMOSA DRIVE,POINT COMFORT,TX,77978,28.6825,-96.545278,1600028209,TX0085570,ECHO覆蓋率稽核,100,"Formosa Plastics Corporation, U.S.A.",台塑集團關係企業 FPC USA 德州 Point Comfort 主廠,郭文筆,1954/11/05,1964/07/27,63657407810,http://www.fpc.com.tw,高雄市仁武區水管路100號,https://www.fpcusa.com/content/uploads/2021/04/formosa-logo-stacked.png,3001159655,,D90,"DMR, Limited - Overdue",,,,,K,"Non-receipt Violation, Non-Monthly Average",10/21/2012,2,RE - Back into Compliance,11/06/2012,E,Effluent Violations,,,,,,,,,2,1600141664,012,1600141664,A,1,2201926870,,3006967899,3003786913,C,,9,00400,pH,12,SU,08/31/2012,1,,,,11/06/2012,47,,1601848475,,C3,MB,N,MAXIMUM
1301,台灣塑膠工業股份有限公司,Formosa Plastics Corporation,FPC,塑膠工業,,"Formosa Plastics Corporation, U.S.A.",211--美國,,FORMOSA POINT COMFORT PLANT,201 FORMOSA DRIVE,POINT COMFORT,TX,77978,28.6825,-96.545278,1600028209,TX0085570,ECHO覆蓋率稽核,100,"Formosa Plastics Corporation, U.S.A.",台塑集團關係企業 FPC USA 德州 Point Comfort 主廠,郭文筆,1954/11/05,1964/07/27,63657407810,http://www.fpc.com.tw,高雄市仁武區水管路100號,https://www.fpcusa.com/content/uploads/2021/04/formosa-logo-stacked.png,1606963208,,D90,"DMR, Limited - Overdue",,,,,K,"Non-receipt Violation, Non-Monthly Average",04/19/2006,2,RE - Back into Compliance,04/24/2006,E,Effluent Violations,,,,,,,,,2,1600141664,101,1600141664,Q,J,1651145236,0,1626021091,1610229047,,,.69916,34696,Naphthalene,01,kg/d,02/28/2006,3,,,,04/24/2006,35,,1601848554,0,Q2,DD,N,DAILY MX
1301,台灣塑膠工業股份有限公司,Formosa Plastics Corporation,FPC,塑膠工業,,"Formosa Plastics Corporation, U.S.A.",211--美國,,FORMOSA POINT COMFORT PLANT,201 FORMOSA DRIVE,POINT COMFORT,TX,77978,28.6825,-96.545278,1600028209,TX0085570,ECHO覆蓋率稽核,100,"Formosa Plastics Corporation, U.S.A.",台塑集團關係企業 FPC USA 德州 Point Comfort 主廠,郭文筆,1954/11/05,1964/07/27,63657407810,http://www.fpc.com.tw,高雄市仁武區水管路100號,https://www.fpcusa.com/content/uploads/2021/04/formosa-logo-stacked.png,3637992393,,E90,"DMR, Limited - Numeric Violation",,,,,,,,,,,E,Effluent Violations,,,,,,,,,0,3600742495,101,3600742495,A,J,3650130625,1183,3672904845,3639286855,,,521.646,00530,"Solids, total suspended",01,kg/d,07/31/2018,1,3,=,26,08/17/2018,,,3601385671,537.08199549,Q1,DB,A,DAILY AV
1301,台灣塑膠工業股份有限公司,Formosa Plastics Corporation,FPC,塑膠工業,,"Formosa Plastics Corporation, U.S.A.",211--美國,,FORMOSA POINT COMFORT PLANT,201 FORMOSA DRIVE,POINT COMFORT,TX,77978,28.6825,-96.545278,1600028209,TX0085570,ECHO覆蓋率稽核,100,"Formosa Plastics Corporation, U.S.A.",台塑集團關係企業 FPC USA 德州 Point Comfort 主廠,郭文筆,1954/11/05,1964/07/27,63657407810,http://www.fpc.com.tw,高雄市仁武區水管路100號,https://www.fpcusa.com/content/uploads/2021/04/formosa-logo-stacked.png,1606962658,,E90,"DMR, Limited - Numeric Violation",,,,,,,,,,,E,Effluent Violations,,,,,,,,,2,1600141664,001,1600141664,A,1,1651099436,9.3,1625984606,1610219887,,,2.497,01092,"Zinc, total [as Zn]",01,kg/d,05/31/2006,1,69,,,06/23/2006,3,,1601848359,4.2222,Q2,DD,N,DAILY MX
1301,台灣塑膠工業股份有限公司,Formosa Plastics Corporation,FPC,塑膠工業,,"Formosa Plastics Corporation, U.S.A.",211--美國,,FORMOSA POINT COMFORT PLANT,201 FORMOSA DRIVE,POINT COMFORT,TX,77978,28.6825,-96.545278,1600028209,TX0085570,ECHO覆蓋率稽核,100,"Formosa Plastics Corporation, U.S.A.",台塑集團關係企業 FPC USA 德州 Point Comfort 主廠,郭文筆,1954/11/05,1964/07/27,63657407810,http://www.fpc.com.tw,高雄市仁武區水管路100號,https://www.fpcusa.com/content/uploads/2021/04/formosa-logo-stacked.png,1606962670,,E90,"DMR, Limited - Numeric Violation",,,,,,,,,,,E,Effluent Violations,,,,,,,,,2,1600141664,001,1600141664,A,1,1651102418,19,1625985408,1610220483,,,14,80082,"BOD, carbonaceous [5 day, 20 C]",19,mg/L,11/30/2006,1,36,,19,12/20/2006,,,1601848369,19,C2,DB,A,DAILY AV
1301,台灣塑膠工業股份有限公司,Formosa Plastics Corporation,FPC,塑膠工業,,"Formosa Plastics Corporation, U.S.A.",211--美國,,FORMOSA POINT COMFORT PLANT,201 FORMOSA DRIVE,POINT COMFORT,TX,77978,28.6825,-96.545278,1600028209,TX0085570,ECHO覆蓋率稽核,100,"Formosa Plastics Corporation, U.S.A.",台塑集團關係企業 FPC USA 德州 Point Comfort 主廠,郭文筆,1954/11/05,1964/07/27,63657407810,http://www.fpc.com.tw,高雄市仁武區水管路100號,https://www.fpcusa.com/content/uploads/2021/04/formosa-logo-stacked.png,1606962827,,D90,"DMR, Limited - Overdue",,,,,N,Non-Receipt of DMR/Schedule Report,09/19/2001,2,RE - Back into Compliance,11/02/2001,E,Effluent Violations,,,,,,,,,1,1600141665,101,1600141665,A,J,1651138815,0,1626008910,1610227763,,,.2497,32106,Chloroform,01,kg/d,07/31/2001,1,,,,11/02/2001,74,,1601848504,0,Q1,DB,A,DAILY AV
1301,台灣塑膠工業股份有限公司,Formosa Plastics Corporation,FPC,塑膠工業,,"Formosa Plastics Corporation, U.S.A.",211--美國,,FORMOSA POINT COMFORT PLANT,201 FORMOSA DRIVE,POINT COMFORT,TX,77978,28.6825,-96.545278,1600028209,TX0085570,ECHO覆蓋率稽核,100,"Formosa Plastics Corporation, U.S.A.",台塑集團關係企業 FPC USA 德州 Point Comfort 主廠,郭文筆,1954/11/05,1964/07/27,63657407810,http://www.fpc.com.tw,高雄市仁武區水管路100號,https://www.fpcusa.com/content/uploads/2021/04/formosa-logo-stacked.png,1606962588,,D90,"DMR, Limited - Overdue",,,,,K,"Non-receipt Violation, Non-Monthly Average",02/19/2002,2,RE - Back into Compliance,06/10/2002,E,Effluent Violations,,,,,,,,,1,1600141665,001,1600141665,A,1,1651109011,0,1625978161,1610221802,,,0,82581,"pH range excursions, > 60 minutes",88,occur/d,12/31/2001,1,,,,06/10/2002,99,,1601848395,0,Q2,MP,N,MO TOTAL
1301,台灣塑膠工業股份有限公司,Formosa Plastics Corporation,FPC,塑膠工業,,"Formosa Plastics Corporation, U.S.A.",211--美國,,FORMOSA POINT COMFORT PLANT,201 FORMOSA DRIVE,POINT COMFORT,TX,77978,28.6825,-96.545278,1600028209,TX0085570,ECHO覆蓋率稽核,100,"Formosa Plastics Corporation, U.S.A.",台塑集團關係企業 FPC USA 德州 Point Comfort 主廠,郭文筆,1954/11/05,1964/07/27,63657407810,http://www.fpc.com.tw,高雄市仁武區水管路100號,https://www.fpcusa.com/content/uploads/2021/04/formosa-logo-stacked.png,1606962791,,D90,"DMR, Limited - Overdue",,,,,K,"Non-receipt Violation, Non-Monthly Average",08/19/2001,2,RE - Back into Compliance,11/02/2001,E,Effluent Violations,,,,,,,,,1,1600141665,101,1600141665,A,J,1651137814,7.8,1626008809,1610227562,,,11,00400,pH,12,SU,06/30/2001,1,,,,11/02/2001,99,,1601848501,7.8,C3,MB,N,MAXIMUM
1301,台灣塑膠工業股份有限公司,Formosa Plastics Corporation,FPC,塑膠工業,,"Formosa Plastics Corporation, U.S.A.",211--美國,,FORMOSA POINT COMFORT PLANT,201 FORMOSA DRIVE,POINT COMFORT,TX,77978,28.6825,-96.545278,1600028209,TX0085570,ECHO覆蓋率稽核,100,"Formosa Plastics Corporation, U.S.A.",台塑集團關係企業 FPC USA 德州 Point Comfort 主廠,郭文筆,1954/11/05,1964/07/27,63657407810,http://www.fpc.com.tw,高雄市仁武區水管路100號,https://www.fpcusa.com/content/uploads/2021/04/formosa-logo-stacked.png,3636941513,,E90,"DMR, Limited - Numeric Violation",,,,,,,,,,,E,Effluent Violations,,,,,,,,,0,3600742495,SUM,3600742495,A,J,3650136370,5.62,3664254211,3634826491,,,2.26545998,32106,Chloroform,01,kg/d,03/31/2018,1,13,=,26,04/20/2018,,,3601387723,2.55147998,Q2,DD,N,DAILY MX
1301,台灣塑膠工業股份有限公司,Formosa Plastics Corporation,FPC,塑膠工業,,"Formosa Plastics Corporation, U.S.A.",211--美國,,FORMOSA POINT COMFORT PLANT,201 FORMOSA DRIVE,POINT COMFORT,TX,77978,28.6825,-96.545278,1600028209,TX0085570,ECHO覆蓋率稽核,100,"Formosa Plastics Corporation, U.S.A.",台塑集團關係企業 FPC USA 德州 Point Comfort 主廠,郭文筆,1954/11/05,1964/07/27,63657407810,http://www.fpc.com.tw,高雄市仁武區水管路100號,https://www.fpcusa.com/content/uploads/2021/04/formosa-logo-stacked.png,1606962786,,D90,"DMR, Limited - Overdue",,,,,K,"Non-receipt Violation, Non-Monthly Average",10/20/2001,2,RE - Back into Compliance,11/20/2001,E,Effluent Violations,,,,,,,,,1,1600141665,012,1600141665,A,1,1651131764,,1626007414,1610226352,C,,55,00680,"Carbon, tot organic [TOC]",19,mg/L,08/31/2001,1,,,,11/20/2001,,,1601848480,,C3,DD,N,DAILY MX
1301,台灣塑膠工業股份有限公司,Formosa Plastics Corporation,FPC,塑膠工業,,"Formosa Plastics Corporation, U.S.A.",211--美國,,FORMOSA POINT COMFORT PLANT,201 FORMOSA DRIVE,POINT COMFORT,TX,77978,28.6825,-96.545278,1600028209,TX0085570,ECHO覆蓋率稽核,100,"Formosa Plastics Corporation, U.S.A.",台塑集團關係企業 FPC USA 德州 Point Comfort 主廠,郭文筆,1954/11/05,1964/07/27,63657407810,http://www.fpc.com.tw,高雄市仁武區水管路100號,https://www.fpcusa.com/content/uploads/2021/04/formosa-logo-stacked.png,3649436854,,E90,"DMR, Limited - Numeric Violation",,,,,,,,,,,E,Effluent Violations,,,,,,,,,0,3600742495,013,3600742495,A,1,3783595330,9.4,3714757452,3661498611,,,9,00400,pH,12,SU,04/30/2020,1,,=,12,05/20/2020,,,3601387967,9.4,C3,MB,N,MAXIMUM
1301,台灣塑膠工業股份有限公司,Formosa Plastics Corporation,FPC,塑膠工業,,"Formosa Plastics Corporation, U.S.A.",211--美國,,FORMOSA POINT COMFORT PLANT,201 FORMOSA DRIVE,POINT COMFORT,TX,77978,28.6825,-96.545278,1600028209,TX0085570,ECHO覆蓋率稽核,100,"Formosa Plastics Corporation, U.S.A.",台塑集團關係企業 FPC USA 德州 Point Comfort 主廠,郭文筆,1954/11/05,1964/07/27,63657407810,http://www.fpc.com.tw,高雄市仁武區水管路100號,https://www.fpcusa.com/content/uploads/2021/04/formosa-logo-stacked.png,1801351961,,D90,"DMR, Limited - Overdue",,,,,,,,,,,E,Effluent Violations,,,,,,,,,2,1600141664,TX1,1600141664,S,V,1651155132,,1803611124,1802026813,8,,10,22414,Whole effluent toxicity,23,%,12/31/2009,6,,,,01/20/2010,,,1601848642,,C1,7D,,7 DA MIN
1301,台灣塑膠工業股份有限公司,Formosa Plastics Corporation,FPC,塑膠工業,,"Formosa Plastics Corporation, U.S.A.",211--美國,,FORMOSA POINT COMFORT PLANT,201 FORMOSA DRIVE,POINT COMFORT,TX,77978,28.6825,-96.545278,1600028209,TX0085570,ECHO覆蓋率稽核,100,"Formosa Plastics Corporation, U.S.A.",台塑集團關係企業 FPC USA 德州 Point Comfort 主廠,郭文筆,1954/11/05,1964/07/27,63657407810,http://www.fpc.com.tw,高雄市仁武區水管路100號,https://www.fpcusa.com/content/uploads/2021/04/formosa-logo-stacked.png,1606963730,,D90,"DMR, Limited - Overdue",,,,,,,,,,,E,Effluent Violations,,,,,,,,,2,1600141664,TX1,1600141664,S,U,1651155053,13,1626029278,1610231010,,,10,22414,Whole effluent toxicity,23,%,06/30/2006,6,,,,10/24/2006,96,,1601848641,13,C2,MJ,,MO AV MN
1301,台灣塑膠工業股份有限公司,Formosa Plastics Corporation,FPC,塑膠工業,,"Formosa Plastics Corporation, U.S.A.",211--美國,,FORMOSA POINT COMFORT PLANT,201 FORMOSA DRIVE,POINT COMFORT,TX,77978,28.6825,-96.545278,1600028209,TX0085570,ECHO覆蓋率稽核,100,"Formosa Plastics Corporation, U.S.A.",台塑集團關係企業 FPC USA 德州 Point Comfort 主廠,郭文筆,1954/11/05,1964/07/27,63657407810,http://www.fpc.com.tw,高雄市仁武區水管路100號,https://www.fpcusa.com/content/uploads/2021/04/formosa-logo-stacked.png,1606962938,,D90,"DMR, Limited - Overdue",,,,,K,"Non-receipt Violation, Non-Monthly Average",02/19/2002,2,RE - Back into Compliance,06/10/2002,E,Effluent Violations,,,,,,,,,1,1600141665,101,1600141665,A,J,1651141341,0,1626009416,1610228268,,,0,82581,"pH range excursions, > 60 minutes",88,occur/d,12/31/2001,1,,,,06/10/2002,99,,1601848515,0,Q2,MP,N,MO TOTAL
1301,台灣塑膠工業股份有限公司,Formosa Plastics Corporation,FPC,塑膠工業,,"Formosa Plastics Corporation, U.S.A.",211--美國,,FORMOSA POINT COMFORT PLANT,201 FORMOSA DRIVE,POINT COMFORT,TX,77978,28.6825,-96.545278,1600028209,TX0085570,ECHO覆蓋率稽核,100,"Formosa Plastics Corporation, U.S.A.",台塑集團關係企業 FPC USA 德州 Point Comfort 主廠,郭文筆,1954/11/05,1964/07/27,63657407810,http://www.fpc.com.tw,高雄市仁武區水管路100號,https://www.fpcusa.com/content/uploads/2021/04/formosa-logo-stacked.png,3001159424,,D90,"DMR, Limited - Overdue",,,,,K,"Non-receipt Violation, Non-Monthly Average",10/21/2012,2,RE - Back into Compliance,11/06/2012,E,Effluent Violations,,,,,,,,,2,1600141664,004,1600141664,A,1,2201923776,,3006967882,3003786901,C,,.4,32103,"1,2-Dichloroethane",19,mg/L,08/31/2012,1,,,,11/06/2012,47,,1601848423,,C3,DD,N,DAILY MX
1301,台灣塑膠工業股份有限公司,Formosa Plastics Corporation,FPC,塑膠工業,,"Formosa Plastics Corporation, U.S.A.",211--美國,,FORMOSA POINT COMFORT PLANT,201 FORMOSA DRIVE,POINT COMFORT,TX,77978,28.6825,-96.545278,1600028209,TX0085570,ECHO覆蓋率稽核,100,"Formosa Plastics Corporation, U.S.A.",台塑集團關係企業 FPC USA 德州 Point Comfort 主廠,郭文筆,1954/11/05,1964/07/27,63657407810,http://www.fpc.com.tw,高雄市仁武區水管路100號,https://www.fpcusa.com/content/uploads/2021/04/formosa-logo-stacked.png,3001159337,,D90,"DMR, Limited - Overdue",,,,,K,"Non-receipt Violation, Non-Monthly Average",10/21/2012,2,RE - Back into Compliance,11/06/2012,E,Effluent Violations,,,,,,,,,2,1600141664,004,1600141664,A,1,2201923758,,3006967891,3003786907,C,,9,00400,pH,12,SU,08/31/2012,1,,,,11/06/2012,47,,1601848419,,C3,MB,N,MAXIMUM
1301,台灣塑膠工業股份有限公司,Formosa Plastics Corporation,FPC,塑膠工業,,"Formosa Plastics Corporation, U.S.A.",211--美國,,FORMOSA POINT COMFORT PLANT,201 FORMOSA DRIVE,POINT COMFORT,TX,77978,28.6825,-96.545278,1600028209,TX0085570,ECHO覆蓋率稽核,100,"Formosa Plastics Corporation, U.S.A.",台塑集團關係企業 FPC USA 德州 Point Comfort 主廠,郭文筆,1954/11/05,1964/07/27,63657407810,http://www.fpc.com.tw,高雄市仁武區水管路100號,https://www.fpcusa.com/content/uploads/2021/04/formosa-logo-stacked.png,1606963342,,D90,"DMR, Limited - Overdue",,,,,N,Non-Receipt of DMR/Schedule Report,07/20/2006,2,RE - Back into Compliance,09/27/2006,E,Effluent Violations,,,,,,,,,2,1600141664,101,1600141664,Q,J,1651143815,0,1626021225,1610228763,,,.91254,34536,"1,2-Dichlorobenzene",01,kg/d,05/31/2006,3,,,,09/27/2006,99,,1601848539,0,Q1,DB,A,DAILY AV
1301,台灣塑膠工業股份有限公司,Formosa Plastics Corporation,FPC,塑膠工業,,"Formosa Plastics Corporation, U.S.A.",211--美國,,FORMOSA POINT COMFORT PLANT,201 FORMOSA DRIVE,POINT COMFORT,TX,77978,28.6825,-96.545278,1600028209,TX0085570,ECHO覆蓋率稽核,100,"Formosa Plastics Corporation, U.S.A.",台塑集團關係企業 FPC USA 德州 Point Comfort 主廠,郭文筆,1954/11/05,1964/07/27,63657407810,http://www.fpc.com.tw,高雄市仁武區水管路100號,https://www.fpcusa.com/content/uploads/2021/04/formosa-logo-stacked.png,1606963544,,E90,"DMR, Limited - Numeric Violation",,,,,,,,,,,E,Effluent Violations,,,,,,,,,1,1600141665,TX1,1600141665,Q,1,1651155042,34,1626028747,1610231008,,,100,22414,Whole effluent toxicity,23,%,03/31/2005,3,66,,,04/22/2005,2,,1601848639,34,C1,2E,,24HR MIN
1301,台灣塑膠工業股份有限公司,Formosa Plastics Corporation,FPC,塑膠工業,,"Formosa Plastics Corporation, U.S.A.",211--美國,,FORMOSA POINT COMFORT PLANT,201 FORMOSA DRIVE,POINT COMFORT,TX,77978,28.6825,-96.545278,1600028209,TX0085570,ECHO覆蓋率稽核,100,"Formosa Plastics Corporation, U.S.A.",台塑集團關係企業 FPC USA 德州 Point Comfort 主廠,郭文筆,1954/11/05,1964/07/27,63657407810,http://www.fpc.com.tw,高雄市仁武區水管路100號,https://www.fpcusa.com/content/uploads/2021/04/formosa-logo-stacked.png,1606962593,,D90,"DMR, Limited - Overdue",,,,,K,"Non-receipt Violation, Non-Monthly Average",02/19/2002,2,RE - Back into Compliance,06/10/2002,E,Effluent Violations,,,,,,,,,1,1600141665,001,1600141665,A,1,1651109261,0,1625978166,1610221852,,,.309524,82582,"pH range excursions, monthly total accum",5A,d,12/31/2001,1,,,,06/10/2002,99,,1601848396,0,Q2,MP,N,MO TOTAL
1301,台灣塑膠工業股份有限公司,Formosa Plastics Corporation,FPC,塑膠工業,,"Formosa Plastics Corporation, U.S.A.",211--美國,,FORMOSA POINT COMFORT PLANT,201 FORMOSA DRIVE,POINT COMFORT,TX,77978,28.6825,-96.545278,1600028209,TX0085570,ECHO覆蓋率稽核,100,"Formosa Plastics Corporation, U.S.A.",台塑集團關係企業 FPC USA 德州 Point Comfort 主廠,郭文筆,1954/11/05,1964/07/27,63657407810,http://www.fpc.com.tw,高雄市仁武區水管路100號,https://www.fpcusa.com/content/uploads/2021/04/formosa-logo-stacked.png,3001159285,,D90,"DMR, Limited - Overdue",,,,,,,,,,,E,Effluent Violations,,,,,,,,,2,1600141664,005,1600141664,A,1,2201924379,,3006967929,3003786930,C,,6,00400,pH,12,SU,08/31/2012,1,,,,11/06/2012,47,,1601848429,,C1,ME,,MINIMUM
1301,台灣塑膠工業股份有限公司,Formosa Plastics Corporation,FPC,塑膠工業,,"Formosa Plastics Corporation, U.S.A.",211--美國,,FORMOSA POINT COMFORT PLANT,201 FORMOSA DRIVE,POINT COMFORT,TX,77978,28.6825,-96.545278,1600028209,TX0085570,ECHO覆蓋率稽核,100,"Formosa Plastics Corporation, U.S.A.",台塑集團關係企業 FPC USA 德州 Point Comfort 主廠,郭文筆,1954/11/05,1964/07/27,63657407810,http://www.fpc.com.tw,高雄市仁武區水管路100號,https://www.fpcusa.com/content/uploads/2021/04/formosa-logo-stacked.png,1606962873,,D90,"DMR, Limited - Overdue",,,,,K,"Non-receipt Violation, Non-Monthly Average",09/19/2001,2,RE - Back into Compliance,11/02/2001,E,Effluent Violations,,,,,,,,,1,1600141665,101,1600141665,A,J,1651140816,0,1626008956,1610228163,,,.30872,34694,Phenol,01,kg/d,07/31/2001,1,,,,11/02/2001,74,,1601848513,0,Q2,DD,N,DAILY MX
1301,台灣塑膠工業股份有限公司,Formosa Plastics Corporation,FPC,塑膠工業,,"Formosa Plastics Corporation, U.S.A.",211--美國,,FORMOSA POINT COMFORT PLANT,201 FORMOSA DRIVE,POINT COMFORT,TX,77978,28.6825,-96.545278,1600028209,TX0085570,ECHO覆蓋率稽核,100,"Formosa Plastics Corporation, U.S.A.",台塑集團關係企業 FPC USA 德州 Point Comfort 主廠,郭文筆,1954/11/05,1964/07/27,63657407810,http://www.fpc.com.tw,高雄市仁武區水管路100號,https://www.fpcusa.com/content/uploads/2021/04/formosa-logo-stacked.png,3001159583,,D90,"DMR, Limited - Overdue",,,,,K,"Non-receipt Violation, Non-Monthly Average",10/21/2012,2,RE - Back into Compliance,11/06/2012,E,Effluent Violations,,,,,,,,,2,1600141664,005,1600141664,A,1,2201924385,,3006967931,3003786931,C,,15,00556,Oil & Grease,19,mg/L,08/31/2012,1,,,,11/06/2012,47,,1601848430,,C3,DD,N,DAILY MX
1301,台灣塑膠工業股份有限公司,Formosa Plastics Corporation,FPC,塑膠工業,,"Formosa Plastics Corporation, U.S.A.",211--美國,,FORMOSA POINT COMFORT PLANT,201 FORMOSA DRIVE,POINT COMFORT,TX,77978,28.6825,-96.545278,1600028209,TX0085570,ECHO覆蓋率稽核,100,"Formosa Plastics Corporation, U.S.A.",台塑集團關係企業 FPC USA 德州 Point Comfort 主廠,郭文筆,1954/11/05,1964/07/27,63657407810,http://www.fpc.com.tw,高雄市仁武區水管路100號,https://www.fpcusa.com/content/uploads/2021/04/formosa-logo-stacked.png,1606963067,,D90,"DMR, Limited - Overdue",,,,,N,Non-Receipt of DMR/Schedule Report,04/19/2006,2,RE - Back into Compliance,04/24/2006,E,Effluent Violations,,,,,,,,,2,1600141664,101,1600141664,Q,J,1651142575,0,1626020950,1610228515,,,.96248,34336,Diethyl phthalate,01,kg/d,02/28/2006,3,,,,04/24/2006,35,,1601848526,0,Q1,DB,A,DAILY AV
1301,台灣塑膠工業股份有限公司,Formosa Plastics Corporation,FPC,塑膠工業,,"Formosa Plastics Corporation, U.S.A.",211--美國,,FORMOSA POINT COMFORT PLANT,201 FORMOSA DRIVE,POINT COMFORT,TX,77978,28.6825,-96.545278,1600028209,TX0085570,ECHO覆蓋率稽核,100,"Formosa Plastics Corporation, U.S.A.",台塑集團關係企業 FPC USA 德州 Point Comfort 主廠,郭文筆,1954/11/05,1964/07/27,63657407810,http://www.fpc.com.tw,高雄市仁武區水管路100號,https://www.fpcusa.com/content/uploads/2021/04/formosa-logo-stacked.png,1606963620,,D80,"DMR, Monitor Only - Overdue",,,,,,,,,,,E,Effluent Violations,,,,,,,,,2,1600141664,TX1,1600141664,Q,1,1651154778,13,1626028828,1610230955,,,,TOP3E,NOEC Lethal Static Renewal 7 Day Chronic Americamysis bahia (formerly Mysidopsis bahia),23,%,03/31/2006,3,,,,09/27/2006,99,,1601848629,13,C2,MJ,,MO AV MN
1301,台灣塑膠工業股份有限公司,Formosa Plastics Corporation,FPC,塑膠工業,,"Formosa Plastics Corporation, U.S.A.",211--美國,,FORMOSA POINT COMFORT PLANT,201 FORMOSA DRIVE,POINT COMFORT,TX,77978,28.6825,-96.545278,1600028209,TX0085570,ECHO覆蓋率稽核,100,"Formosa Plastics Corporation, U.S.A.",台塑集團關係企業 FPC USA 德州 Point Comfort 主廠,郭文筆,1954/11/05,1964/07/27,63657407810,http://www.fpc.com.tw,高雄市仁武區水管路100號,https://www.fpcusa.com/content/uploads/2021/04/formosa-logo-stacked.png,3001159378,,D80,"DMR, Monitor Only - Overdue",,,,,N,Non-Receipt of DMR/Schedule Report,10/21/2012,2,RE - Back into Compliance,11/06/2012,E,Effluent Violations,,,,,,,,,2,1600141664,005,1600141664,A,1,2201924389,,3006967926,3003786928,C,,,03768,"Purgeable hydrocarbons, Meth. 601",19,mg/L,08/31/2012,1,,,,11/06/2012,47,,1601848432,,C2,DB,A,DAILY AV
1301,台灣塑膠工業股份有限公司,Formosa Plastics Corporation,FPC,塑膠工業,,"Formosa Plastics Corporation, U.S.A.",211--美國,,FORMOSA POINT COMFORT PLANT,201 FORMOSA DRIVE,POINT COMFORT,TX,77978,28.6825,-96.545278,1600028209,TX0085570,ECHO覆蓋率稽核,100,"Formosa Plastics Corporation, U.S.A.",台塑集團關係企業 FPC USA 德州 Point Comfort 主廠,郭文筆,1954/11/05,1964/07/27,63657407810,http://www.fpc.com.tw,高雄市仁武區水管路100號,https://www.fpcusa.com/content/uploads/2021/04/formosa-logo-stacked.png,1606962835,,D80,"DMR, Monitor Only - Overdue",,,,,N,Non-Receipt of DMR/Schedule Report,09/19/2001,2,RE - Back into Compliance,11/02/2001,E,Effluent Violations,,,,,,,,,1,1600141665,101,1600141665,A,J,1651139068,0,1626008918,1610227813,,,,34030,Benzene,19,mg/L,07/31/2001,1,,,,11/02/2001,74,,1601848505,0,C2,DB,A,DAILY AV
1301,台灣塑膠工業股份有限公司,Formosa Plastics Corporation,FPC,塑膠工業,,"Formosa Plastics Corporation, U.S.A.",211--美國,,FORMOSA POINT COMFORT PLANT,201 FORMOSA DRIVE,POINT COMFORT,TX,77978,28.6825,-96.545278,1600028209,TX0085570,ECHO覆蓋率稽核,100,"Formosa Plastics Corporation, U.S.A.",台塑集團關係企業 FPC USA 德州 Point Comfort 主廠,郭文筆,1954/11/05,1964/07/27,63657407810,http://www.fpc.com.tw,高雄市仁武區水管路100號,https://www.fpcusa.com/content/uploads/2021/04/formosa-logo-stacked.png,1606962808,,D90,"DMR, Limited - Overdue",,,,,K,"Non-receipt Violation, Non-Monthly Average",09/19/2001,2,RE - Back into Compliance,11/02/2001,E,Effluent Violations,,,,,,,,,1,1600141665,101,1600141665,A,J,1651137566,1252,1626008891,1610227513,,,4546.356,00340,"Oxygen demand, chem. [high level] [COD]",01,kg/d,07/31/2001,1,,,,11/02/2001,74,,1601848500,568.408,Q2,DD,N,DAILY MX
1301,台灣塑膠工業股份有限公司,Formosa Plastics Corporation,FPC,塑膠工業,,"Formosa Plastics Corporation, U.S.A.",211--美國,,FORMOSA POINT COMFORT PLANT,201 FORMOSA DRIVE,POINT COMFORT,TX,77978,28.6825,-96.545278,1600028209,TX0085570,ECHO覆蓋率稽核,100,"Formosa Plastics Corporation, U.S.A.",台塑集團關係企業 FPC USA 德州 Point Comfort 主廠,郭文筆,1954/11/05,1964/07/27,63657407810,http://www.fpc.com.tw,高雄市仁武區水管路100號,https://www.fpcusa.com/content/uploads/2021/04/formosa-logo-stacked.png,3638782387,,D90,"DMR, Limited - Overdue",,,,,K,"Non-receipt Violation, Non-Monthly Average",10/21/2018,2,RE - Back into Compliance,01/16/2019,E,Effluent Violations,,,,,,,,,0,3600742495,001,3600742495,A,1,3650126793,1782,3675086784,3640351280,,,1238.058,80082,"BOD, carbonaceous [5 day, 20 C]",01,kg/d,08/31/2018,1,,=,26,01/16/2019,118,,3601385598,809.0279932,Q2,DD,N,DAILY MX
1301,台灣塑膠工業股份有限公司,Formosa Plastics Corporation,FPC,塑膠工業,,"Formosa Plastics Corporation, U.S.A.",211--美國,,FORMOSA POINT COMFORT PLANT,201 FORMOSA DRIVE,POINT COMFORT,TX,77978,28.6825,-96.545278,1600028209,TX0085570,ECHO覆蓋率稽核,100,"Formosa Plastics Corporation, U.S.A.",台塑集團關係企業 FPC USA 德州 Point Comfort 主廠,郭文筆,1954/11/05,1964/07/27,63657407810,http://www.fpc.com.tw,高雄市仁武區水管路100號,https://www.fpcusa.com/content/uploads/2021/04/formosa-logo-stacked.png,1606963247,,D90,"DMR, Limited - Overdue",,,,,N,Non-Receipt of DMR/Schedule Report,07/20/2006,2,RE - Back into Compliance,09/27/2006,E,Effluent Violations,,,,,,,,,2,1600141664,101,1600141664,Q,J,1651142105,0,1626021130,1610228421,,,.25878,34220,Anthracene,01,kg/d,05/31/2006,3,,,,09/27/2006,99,,1601848520,0,Q1,DB,A,DAILY AV
1301,台灣塑膠工業股份有限公司,Formosa Plastics Corporation,FPC,塑膠工業,,"Formosa Plastics Corporation, U.S.A.",211--美國,,FORMOSA POINT COMFORT PLANT,201 FORMOSA DRIVE,POINT COMFORT,TX,77978,28.6825,-96.545278,1600028209,TX0085570,ECHO覆蓋率稽核,100,"Formosa Plastics Corporation, U.S.A.",台塑集團關係企業 FPC USA 德州 Point Comfort 主廠,郭文筆,1954/11/05,1964/07/27,63657407810,http://www.fpc.com.tw,高雄市仁武區水管路100號,https://www.fpcusa.com/content/uploads/2021/04/formosa-logo-stacked.png,1606962651,,E90,"DMR, Limited - Numeric Violation",,,,,,,,,,,E,Effluent Violations,,,,,,,,,1,1600141665,001,1600141665,A,1,1651108944,39,1625982659,1610221788,,,34,80082,"BOD, carbonaceous [5 day, 20 C]",19,mg/L,12/31/2004,1,15,,,01/24/2005,4,,1601848394,39,C3,DD,N,DAILY MX
1301,台灣塑膠工業股份有限公司,Formosa Plastics Corporation,FPC,塑膠工業,,"Formosa Plastics Corporation, U.S.A.",211--美國,,FORMOSA POINT COMFORT PLANT,201 FORMOSA DRIVE,POINT COMFORT,TX,77978,28.6825,-96.545278,1600028209,TX0085570,ECHO覆蓋率稽核,100,"Formosa Plastics Corporation, U.S.A.",台塑集團關係企業 FPC USA 德州 Point Comfort 主廠,郭文筆,1954/11/05,1964/07/27,63657407810,http://www.fpc.com.tw,高雄市仁武區水管路100號,https://www.fpcusa.com/content/uploads/2021/04/formosa-logo-stacked.png,1606962721,,D90,"DMR, Limited - Overdue",,,,,K,"Non-receipt Violation, Non-Monthly Average",08/19/2001,2,RE - Back into Compliance,11/02/2001,E,Effluent Violations,,,,,,,,,1,1600141665,003,1600141665,A,1,1651114859,0,1625991724,1610222971,,,.4,32103,"1,2-Dichloroethane",19,mg/L,06/30/2001,1,,,,11/02/2001,99,,1601848418,0,C3,DD,N,DAILY MX
1301,台灣塑膠工業股份有限公司,Formosa Plastics Corporation,FPC,塑膠工業,,"Formosa Plastics Corporation, U.S.A.",211--美國,,FORMOSA POINT COMFORT PLANT,201 FORMOSA DRIVE,POINT COMFORT,TX,77978,28.6825,-96.545278,1600028209,TX0085570,ECHO覆蓋率稽核,100,"Formosa Plastics Corporation, U.S.A.",台塑集團關係企業 FPC USA 德州 Point Comfort 主廠,郭文筆,1954/11/05,1964/07/27,63657407810,http://www.fpc.com.tw,高雄市仁武區水管路100號,https://www.fpcusa.com/content/uploads/2021/04/formosa-logo-stacked.png,1606963443,,D90,"DMR, Limited - Overdue",,,,,K,"Non-receipt Violation, Non-Monthly Average",02/19/2003,2,RE - Back into Compliance,04/21/2003,E,Effluent Violations,,,,,,,,,1,1600141665,101,1600141665,Y,J,1651149226,0,1626023861,1610229845,,,.94886,34010,Toluene,01,kg/d,12/31/2002,12,,,,04/21/2003,91,,1601848604,0,Q2,DD,N,DAILY MX
1301,台灣塑膠工業股份有限公司,Formosa Plastics Corporation,FPC,塑膠工業,,"Formosa Plastics Corporation, U.S.A.",211--美國,,FORMOSA POINT COMFORT PLANT,201 FORMOSA DRIVE,POINT COMFORT,TX,77978,28.6825,-96.545278,1600028209,TX0085570,ECHO覆蓋率稽核,100,"Formosa Plastics Corporation, U.S.A.",台塑集團關係企業 FPC USA 德州 Point Comfort 主廠,郭文筆,1954/11/05,1964/07/27,63657407810,http://www.fpc.com.tw,高雄市仁武區水管路100號,https://www.fpcusa.com/content/uploads/2021/04/formosa-logo-stacked.png,3001159366,,D80,"DMR, Monitor Only - Overdue",,,,,N,Non-Receipt of DMR/Schedule Report,10/21/2012,2,RE - Back into Compliance,11/06/2012,E,Effluent Violations,,,,,,,,,2,1600141664,004,1600141664,A,1,2201923771,,3006967886,3003786904,C,,,03768,"Purgeable hydrocarbons, Meth. 601",19,mg/L,08/31/2012,1,,,,11/06/2012,47,,1601848422,,C2,DB,A,DAILY AV
1301,台灣塑膠工業股份有限公司,Formosa Plastics Corporation,FPC,塑膠工業,,"Formosa Plastics Corporation, U.S.A.",211--美國,,FORMOSA POINT COMFORT PLANT,201 FORMOSA DRIVE,POINT COMFORT,TX,77978,28.6825,-96.545278,1600028209,TX0085570,ECHO覆蓋率稽核,100,"Formosa Plastics Corporation, U.S.A.",台塑集團關係企業 FPC USA 德州 Point Comfort 主廠,郭文筆,1954/11/05,1964/07/27,63657407810,http://www.fpc.com.tw,高雄市仁武區水管路100號,https://www.fpcusa.com/content/uploads/2021/04/formosa-logo-stacked.png,1606963302,,D90,"DMR, Limited - Overdue",,,,,N,Non-Receipt of DMR/Schedule Report,07/20/2006,2,RE - Back into Compliance,09/27/2006,E,Effluent Violations,,,,,,,,,2,1600141664,101,1600141664,Q,J,1651143055,0,1626021185,1610228611,,,.23608,34391,Hexachlorobutadiene,01,kg/d,05/31/2006,3,,,,09/27/2006,99,,1601848531,0,Q1,DB,A,DAILY AV
1301,台灣塑膠工業股份有限公司,Formosa Plastics Corporation,FPC,塑膠工業,,"Formosa Plastics Corporation, U.S.A.",211--美國,,FORMOSA POINT COMFORT PLANT,201 FORMOSA DRIVE,POINT COMFORT,TX,77978,28.6825,-96.545278,1600028209,TX0085570,ECHO覆蓋率稽核,100,"Formosa Plastics Corporation, U.S.A.",台塑集團關係企業 FPC USA 德州 Point Comfort 主廠,郭文筆,1954/11/05,1964/07/27,63657407810,http://www.fpc.com.tw,高雄市仁武區水管路100號,https://www.fpcusa.com/content/uploads/2021/04/formosa-logo-stacked.png,1606963252,,D90,"DMR, Limited - Overdue",,,,,N,Non-Receipt of DMR/Schedule Report,07/20/2006,2,RE - Back into Compliance,09/27/2006,E,Effluent Violations,,,,,,,,,2,1600141664,101,1600141664,Q,J,1651142200,0,1626021135,1610228440,,,.2724,34230,Benzo[b]fluoranthene,01,kg/d,05/31/2006,3,,,,09/27/2006,99,,1601848521,0,Q1,DB,A,DAILY AV
1301,台灣塑膠工業股份有限公司,Formosa Plastics Corporation,FPC,塑膠工業,,"Formosa Plastics Corporation, U.S.A.",211--美國,,FORMOSA POINT COMFORT PLANT,201 FORMOSA DRIVE,POINT COMFORT,TX,77978,28.6825,-96.545278,1600028209,TX0085570,ECHO覆蓋率稽核,100,"Formosa Plastics Corporation, U.S.A.",台塑集團關係企業 FPC USA 德州 Point Comfort 主廠,郭文筆,1954/11/05,1964/07/27,63657407810,http://www.fpc.com.tw,高雄市仁武區水管路100號,https://www.fpcusa.com/content/uploads/2021/04/formosa-logo-stacked.png,1606962793,,D90,"DMR, Limited - Overdue",,,,,K,"Non-receipt Violation, Non-Monthly Average",08/19/2001,2,RE - Back into Compliance,06/10/2002,E,Effluent Violations,,,,,,,,,1,1600141665,101,1600141665,A,J,1651141311,0,1626008876,1610228262,,,0,82581,"pH range excursions, > 60 minutes",88,occur/d,06/30/2001,1,,,,06/10/2002,99,,1601848515,0,Q2,MP,N,MO TOTAL
1301,台灣塑膠工業股份有限公司,Formosa Plastics Corporation,FPC,塑膠工業,,"Formosa Plastics Corporation, U.S.A.",211--美國,,FORMOSA POINT COMFORT PLANT,201 FORMOSA DRIVE,POINT COMFORT,TX,77978,28.6825,-96.545278,1600028209,TX0085570,ECHO覆蓋率稽核,100,"Formosa Plastics Corporation, U.S.A.",台塑集團關係企業 FPC USA 德州 Point Comfort 主廠,郭文筆,1954/11/05,1964/07/27,63657407810,http://www.fpc.com.tw,高雄市仁武區水管路100號,https://www.fpcusa.com/content/uploads/2021/04/formosa-logo-stacked.png,1606963518,,E90,"DMR, Limited - Numeric Violation",,,,,,,,,,,E,Effluent Violations,,,,,,,,,1,1600141665,201,1600141665,A,J,1651152316,613,1626024776,1610230463,,,276.032,00310,"BOD, 5-day, 20 deg. C",01,kg/d,11/30/2002,1,1,,,12/23/2002,3,,1601848617,278.302,Q2,DD,N,DAILY MX
1301,台灣塑膠工業股份有限公司,Formosa Plastics Corporation,FPC,塑膠工業,,"Formosa Plastics Corporation, U.S.A.",211--美國,,FORMOSA POINT COMFORT PLANT,201 FORMOSA DRIVE,POINT COMFORT,TX,77978,28.6825,-96.545278,1600028209,TX0085570,ECHO覆蓋率稽核,100,"Formosa Plastics Corporation, U.S.A.",台塑集團關係企業 FPC USA 德州 Point Comfort 主廠,郭文筆,1954/11/05,1964/07/27,63657407810,http://www.fpc.com.tw,高雄市仁武區水管路100號,https://www.fpcusa.com/content/uploads/2021/04/formosa-logo-stacked.png,3000556043,,D90,"DMR, Limited - Overdue",,,,,N,Non-Receipt of DMR/Schedule Report,06/20/2012,2,RE - Back into Compliance,07/13/2012,E,Effluent Violations,,,,,,,,,2,1600141664,101,1600141664,A,J,2201928219,0,3003446632,3001863711,,,.25878,34496,"1,1-Dichloroethane",01,kg/d,04/30/2012,1,,=,26,07/13/2012,54,,1601848492,0,Q1,DB,A,DAILY AV
1301,台灣塑膠工業股份有限公司,Formosa Plastics Corporation,FPC,塑膠工業,,"Formosa Plastics Corporation, U.S.A.",211--美國,,FORMOSA POINT COMFORT PLANT,201 FORMOSA DRIVE,POINT COMFORT,TX,77978,28.6825,-96.545278,1600028209,TX0085570,ECHO覆蓋率稽核,100,"Formosa Plastics Corporation, U.S.A.",台塑集團關係企業 FPC USA 德州 Point Comfort 主廠,郭文筆,1954/11/05,1964/07/27,63657407810,http://www.fpc.com.tw,高雄市仁武區水管路100號,https://www.fpcusa.com/content/uploads/2021/04/formosa-logo-stacked.png,1606962540,,D90,"DMR, Limited - Overdue",,,,,N,Non-Receipt of DMR/Schedule Report,10/20/2001,2,RE - Back into Compliance,11/02/2001,E,Effluent Violations,,,,,,,,,1,1600141665,001,1600141665,A,1,1651108743,3,1625977658,1610221748,,,14,80082,"BOD, carbonaceous [5 day, 20 C]",19,mg/L,08/31/2001,1,,,,11/02/2001,43,,1601848394,3,C2,DB,A,DAILY AV
1301,台灣塑膠工業股份有限公司,Formosa Plastics Corporation,FPC,塑膠工業,,"Formosa Plastics Corporation, U.S.A.",211--美國,,FORMOSA POINT COMFORT PLANT,201 FORMOSA DRIVE,POINT COMFORT,TX,77978,28.6825,-96.545278,1600028209,TX0085570,ECHO覆蓋率稽核,100,"Formosa Plastics Corporation, U.S.A.",台塑集團關係企業 FPC USA 德州 Point Comfort 主廠,郭文筆,1954/11/05,1964/07/27,63657407810,http://www.fpc.com.tw,高雄市仁武區水管路100號,https://www.fpcusa.com/content/uploads/2021/04/formosa-logo-stacked.png,1606963362,,D90,"DMR, Limited - Overdue",,,,,N,Non-Receipt of DMR/Schedule Report,07/20/2006,2,RE - Back into Compliance,09/27/2006,E,Effluent Violations,,,,,,,,,2,1600141664,101,1600141664,Q,J,1651144195,0,1626021245,1610228839,,,.36774,34566,"1,3-Dichlorobenzene",01,kg/d,05/31/2006,3,,,,09/27/2006,99,,1601848543,0,Q1,DB,A,DAILY AV
1301,台灣塑膠工業股份有限公司,Formosa Plastics Corporation,FPC,塑膠工業,,"Formosa Plastics Corporation, U.S.A.",211--美國,,FORMOSA POINT COMFORT PLANT,201 FORMOSA DRIVE,POINT COMFORT,TX,77978,28.6825,-96.545278,1600028209,TX0085570,ECHO覆蓋率稽核,100,"Formosa Plastics Corporation, U.S.A.",台塑集團關係企業 FPC USA 德州 Point Comfort 主廠,郭文筆,1954/11/05,1964/07/27,63657407810,http://www.fpc.com.tw,高雄市仁武區水管路100號,https://www.fpcusa.com/content/uploads/2021/04/formosa-logo-stacked.png,1606963418,,D90,"DMR, Limited - Overdue",,,,,K,"Non-receipt Violation, Non-Monthly Average",07/20/2006,2,RE - Back into Compliance,09/27/2006,E,Effluent Violations,,,,,,,,,2,1600141664,101,1600141664,Q,J,1651145241,0,1626021301,1610229048,,,.69916,34696,Naphthalene,01,kg/d,05/31/2006,3,,,,09/27/2006,99,,1601848554,0,Q2,DD,N,DAILY MX
1301,台灣塑膠工業股份有限公司,Formosa Plastics Corporation,FPC,塑膠工業,,"Formosa Plastics Corporation, U.S.A.",211--美國,,FORMOSA POINT COMFORT PLANT,201 FORMOSA DRIVE,POINT COMFORT,TX,77978,28.6825,-96.545278,1600028209,TX0085570,ECHO覆蓋率稽核,100,"Formosa Plastics Corporation, U.S.A.",台塑集團關係企業 FPC USA 德州 Point Comfort 主廠,郭文筆,1954/11/05,1964/07/27,63657407810,http://www.fpc.com.tw,高雄市仁武區水管路100號,https://www.fpcusa.com/content/uploads/2021/04/formosa-logo-stacked.png,3637522032,,E90,"DMR, Limited - Numeric Violation",,,,,,,,,,,E,Effluent Violations,,,,,,,,,0,3600742495,001,3600742495,Q,1,3671368309,692,3669664184,3637427671,,,.00000017,34675,"2,3,7,8-Tetrachlorodibenzo-p-dioxin",01,kg/d,05/31/2018,3,306,=,2U,06/20/2018,,,3601386409,.00000069,Q2,DD,N,DAILY MX
1301,台灣塑膠工業股份有限公司,Formosa Plastics Corporation,FPC,塑膠工業,,"Formosa Plastics Corporation, U.S.A.",211--美國,,FORMOSA POINT COMFORT PLANT,201 FORMOSA DRIVE,POINT COMFORT,TX,77978,28.6825,-96.545278,1600028209,TX0085570,ECHO覆蓋率稽核,100,"Formosa Plastics Corporation, U.S.A.",台塑集團關係企業 FPC USA 德州 Point Comfort 主廠,郭文筆,1954/11/05,1964/07/27,63657407810,http://www.fpc.com.tw,高雄市仁武區水管路100號,https://www.fpcusa.com/content/uploads/2021/04/formosa-logo-stacked.png,1606963048,,D90,"DMR, Limited - Overdue",,,,,K,"Non-receipt Violation, Non-Monthly Average",04/19/2006,2,RE - Back into Compliance,04/24/2006,E,Effluent Violations,,,,,,,,,2,1600141664,101,1600141664,Q,J,1651142291,0,1626020931,1610228458,,,.69916,34242,Benzo[k]fluoranthene,01,kg/d,02/28/2006,3,,,,04/24/2006,35,,1601848522,0,Q2,DD,N,DAILY MX
1301,台灣塑膠工業股份有限公司,Formosa Plastics Corporation,FPC,塑膠工業,,"Formosa Plastics Corporation, U.S.A.",211--美國,,FORMOSA POINT COMFORT PLANT,201 FORMOSA DRIVE,POINT COMFORT,TX,77978,28.6825,-96.545278,1600028209,TX0085570,ECHO覆蓋率稽核,100,"Formosa Plastics Corporation, U.S.A.",台塑集團關係企業 FPC USA 德州 Point Comfort 主廠,郭文筆,1954/11/05,1964/07/27,63657407810,http://www.fpc.com.tw,高雄市仁武區水管路100號,https://www.fpcusa.com/content/uploads/2021/04/formosa-logo-stacked.png,1606963725,,D80,"DMR, Monitor Only - Overdue",,,,,,,,,,,E,Effluent Violations,,,,,,,,,2,1600141664,TX1,1600141664,Q,1,1651154963,,1626028933,1610230992,Q,,,TYP6B,LOEC Sub-Lethal Reproduction Static Renewal 7 Day Chronic Menidia menidia,23,%,06/30/2006,3,,,,09/27/2006,,,1601848638,,C2,MJ,,MO AV MN
1301,台灣塑膠工業股份有限公司,Formosa Plastics Corporation,FPC,塑膠工業,,"Formosa Plastics Corporation, U.S.A.",211--美國,,FORMOSA POINT COMFORT PLANT,201 FORMOSA DRIVE,POINT COMFORT,TX,77978,28.6825,-96.545278,1600028209,TX0085570,ECHO覆蓋率稽核,100,"Formosa Plastics Corporation, U.S.A.",台塑集團關係企業 FPC USA 德州 Point Comfort 主廠,郭文筆,1954/11/05,1964/07/27,63657407810,http://www.fpc.com.tw,高雄市仁武區水管路100號,https://www.fpcusa.com/content/uploads/2021/04/formosa-logo-stacked.png,1606963372,,D90,"DMR, Limited - Overdue",,,,,N,Non-Receipt of DMR/Schedule Report,07/20/2006,2,RE - Back into Compliance,09/27/2006,E,Effluent Violations,,,,,,,,,2,1600141664,101,1600141664,Q,J,1651144385,0,1626021255,1610228877,,,.36774,34586,2-Chlorophenol,01,kg/d,05/31/2006,3,,,,09/27/2006,99,,1601848545,0,Q1,DB,A,DAILY AV
1301,台灣塑膠工業股份有限公司,Formosa Plastics Corporation,FPC,塑膠工業,,"Formosa Plastics Corporation, U.S.A.",211--美國,,FORMOSA POINT COMFORT PLANT,201 FORMOSA DRIVE,POINT COMFORT,TX,77978,28.6825,-96.545278,1600028209,TX0085570,ECHO覆蓋率稽核,100,"Formosa Plastics Corporation, U.S.A.",台塑集團關係企業 FPC USA 德州 Point Comfort 主廠,郭文筆,1954/11/05,1964/07/27,63657407810,http://www.fpc.com.tw,高雄市仁武區水管路100號,https://www.fpcusa.com/content/uploads/2021/04/formosa-logo-stacked.png,3601864621,,E90,"DMR, Limited - Numeric Violation",,,,,,,,,,,E,Effluent Violations,,,,,,,,,2,1600141664,006,1600141664,A,1,3435155773,9.1,3609681950,3605393746,,,9,00400,pH,12,SU,06/30/2015,1,,=,12,07/20/2015,,,1601848439,9.1,C3,MB,N,MAXIMUM
1301,台灣塑膠工業股份有限公司,Formosa Plastics Corporation,FPC,塑膠工業,,"Formosa Plastics Corporation, U.S.A.",211--美國,,FORMOSA POINT COMFORT PLANT,201 FORMOSA DRIVE,POINT COMFORT,TX,77978,28.6825,-96.545278,1600028209,TX0085570,ECHO覆蓋率稽核,100,"Formosa Plastics Corporation, U.S.A.",台塑集團關係企業 FPC USA 德州 Point Comfort 主廠,郭文筆,1954/11/05,1964/07/27,63657407810,http://www.fpc.com.tw,高雄市仁武區水管路100號,https://www.fpcusa.com/content/uploads/2021/04/formosa-logo-stacked.png,1606962558,,D90,"DMR, Limited - Overdue",,,,,K,"Non-receipt Violation, Non-Monthly Average",11/19/2001,2,RE - Back into Compliance,06/10/2002,E,Effluent Violations,,,,,,,,,1,1600141665,001,1600141665,A,1,1651108996,0,1625977786,1610221799,,,0,82581,"pH range excursions, > 60 minutes",88,occur/d,09/30/2001,1,,,,06/10/2002,99,,1601848395,0,Q2,MP,N,MO TOTAL
1301,台灣塑膠工業股份有限公司,Formosa Plastics Corporation,FPC,塑膠工業,,"Formosa Plastics Corporation, U.S.A.",211--美國,,FORMOSA POINT COMFORT PLANT,201 FORMOSA DRIVE,POINT COMFORT,TX,77978,28.6825,-96.545278,1600028209,TX0085570,ECHO覆蓋率稽核,100,"Formosa Plastics Corporation, U.S.A.",台塑集團關係企業 FPC USA 德州 Point Comfort 主廠,郭文筆,1954/11/05,1964/07/27,63657407810,http://www.fpc.com.tw,高雄市仁武區水管路100號,https://www.fpcusa.com/content/uploads/2021/04/formosa-logo-stacked.png,1606963073,,D90,"DMR, Limited - Overdue",,,,,K,"Non-receipt Violation, Non-Monthly Average",04/19/2006,2,RE - Back into Compliance,04/24/2006,E,Effluent Violations,,,,,,,,,2,1600141664,101,1600141664,Q,J,1651142671,0,1626020956,1610228534,,,.55842,34341,Dimethyl phthalate,01,kg/d,02/28/2006,3,,,,04/24/2006,35,,1601848527,0,Q2,DD,N,DAILY MX
1301,台灣塑膠工業股份有限公司,Formosa Plastics Corporation,FPC,塑膠工業,,"Formosa Plastics Corporation, U.S.A.",211--美國,,FORMOSA POINT COMFORT PLANT,201 FORMOSA DRIVE,POINT COMFORT,TX,77978,28.6825,-96.545278,1600028209,TX0085570,ECHO覆蓋率稽核,100,"Formosa Plastics Corporation, U.S.A.",台塑集團關係企業 FPC USA 德州 Point Comfort 主廠,郭文筆,1954/11/05,1964/07/27,63657407810,http://www.fpc.com.tw,高雄市仁武區水管路100號,https://www.fpcusa.com/content/uploads/2021/04/formosa-logo-stacked.png,1606963172,,D90,"DMR, Limited - Overdue",,,,,N,Non-Receipt of DMR/Schedule Report,04/19/2006,2,RE - Back into Compliance,04/24/2006,E,Effluent Violations,,,,,,,,,2,1600141664,101,1600141664,Q,J,1651144570,0,1626021055,1610228914,,,.46308,34601,"2,4-Dichlorophenol",01,kg/d,02/28/2006,3,,,,04/24/2006,35,,1601848547,0,Q1,DB,A,DAILY AV
1301,台灣塑膠工業股份有限公司,Formosa Plastics Corporation,FPC,塑膠工業,,"Formosa Plastics Corporation, U.S.A.",211--美國,,FORMOSA POINT COMFORT PLANT,201 FORMOSA DRIVE,POINT COMFORT,TX,77978,28.6825,-96.545278,1600028209,TX0085570,ECHO覆蓋率稽核,100,"Formosa Plastics Corporation, U.S.A.",台塑集團關係企業 FPC USA 德州 Point Comfort 主廠,郭文筆,1954/11/05,1964/07/27,63657407810,http://www.fpc.com.tw,高雄市仁武區水管路100號,https://www.fpcusa.com/content/uploads/2021/04/formosa-logo-stacked.png,3637992394,,E90,"DMR, Limited - Numeric Violation",,,,,,,,,,,E,Effluent Violations,,,,,,,,,0,3600742495,101,3600742495,A,J,3650130626,5034,3672904846,3639286855,,,1695.69,00530,"Solids, total suspended",01,kg/d,07/31/2018,1,35,=,26,08/17/2018,,,3601385671,2285.4359808,Q2,DD,N,DAILY MX
1301,台灣塑膠工業股份有限公司,Formosa Plastics Corporation,FPC,塑膠工業,,"Formosa Plastics Corporation, U.S.A.",211--美國,,FORMOSA POINT COMFORT PLANT,201 FORMOSA DRIVE,POINT COMFORT,TX,77978,28.6825,-96.545278,1600028209,TX0085570,ECHO覆蓋率稽核,100,"Formosa Plastics Corporation, U.S.A.",台塑集團關係企業 FPC USA 德州 Point Comfort 主廠,郭文筆,1954/11/05,1964/07/27,63657407810,http://www.fpc.com.tw,高雄市仁武區水管路100號,https://www.fpcusa.com/content/uploads/2021/04/formosa-logo-stacked.png,1606963488,,D90,"DMR, Limited - Overdue",,,,,K,"Non-receipt Violation, Non-Monthly Average",09/19/2001,2,RE - Back into Compliance,11/02/2001,E,Effluent Violations,,,,,,,,,1,1600141665,201,1600141665,A,J,1651153736,.46,1626024006,1610230747,,,15.24986,01067,"Nickel, total [as Ni]",01,kg/d,07/31/2001,1,,,,11/02/2001,74,,1601848623,.20884,Q2,DD,N,DAILY MX
1301,台灣塑膠工業股份有限公司,Formosa Plastics Corporation,FPC,塑膠工業,,"Formosa Plastics Corporation, U.S.A.",211--美國,,FORMOSA POINT COMFORT PLANT,201 FORMOSA DRIVE,POINT COMFORT,TX,77978,28.6825,-96.545278,1600028209,TX0085570,ECHO覆蓋率稽核,100,"Formosa Plastics Corporation, U.S.A.",台塑集團關係企業 FPC USA 德州 Point Comfort 主廠,郭文筆,1954/11/05,1964/07/27,63657407810,http://www.fpc.com.tw,高雄市仁武區水管路100號,https://www.fpcusa.com/content/uploads/2021/04/formosa-logo-stacked.png,1606963584,,D80,"DMR, Monitor Only - Overdue",,,,,,,,,,,E,Effluent Violations,,,,,,,,,2,1600141664,TX1,1600141664,Q,1,1651154872,0,1626028792,1610230974,,,,TWP6B,Pass/Fail Sub-Lethal Static Renewal 7 Day Chronic Menidia menidia,9A,pass=0;fail=1,12/31/2005,3,,,,09/27/2006,99,,1601848634,0,C1,7D,,7 DA MIN
1301,台灣塑膠工業股份有限公司,Formosa Plastics Corporation,FPC,塑膠工業,,"Formosa Plastics Corporation, U.S.A.",211--美國,,FORMOSA POINT COMFORT PLANT,201 FORMOSA DRIVE,POINT COMFORT,TX,77978,28.6825,-96.545278,1600028209,TX0085570,ECHO覆蓋率稽核,100,"Formosa Plastics Corporation, U.S.A.",台塑集團關係企業 FPC USA 德州 Point Comfort 主廠,郭文筆,1954/11/05,1964/07/27,63657407810,http://www.fpc.com.tw,高雄市仁武區水管路100號,https://www.fpcusa.com/content/uploads/2021/04/formosa-logo-stacked.png,1606963207,,D90,"DMR, Limited - Overdue",,,,,N,Non-Receipt of DMR/Schedule Report,04/19/2006,2,RE - Back into Compliance,04/24/2006,E,Effluent Violations,,,,,,,,,2,1600141664,101,1600141664,Q,J,1651145235,0,1626021090,1610229047,,,.25878,34696,Naphthalene,01,kg/d,02/28/2006,3,,,,04/24/2006,35,,1601848554,0,Q1,DB,A,DAILY AV
1301,台灣塑膠工業股份有限公司,Formosa Plastics Corporation,FPC,塑膠工業,,"Formosa Plastics Corporation, U.S.A.",211--美國,,FORMOSA POINT COMFORT PLANT,201 FORMOSA DRIVE,POINT COMFORT,TX,77978,28.6825,-96.545278,1600028209,TX0085570,ECHO覆蓋率稽核,100,"Formosa Plastics Corporation, U.S.A.",台塑集團關係企業 FPC USA 德州 Point Comfort 主廠,郭文筆,1954/11/05,1964/07/27,63657407810,http://www.fpc.com.tw,高雄市仁武區水管路100號,https://www.fpcusa.com/content/uploads/2021/04/formosa-logo-stacked.png,3668079972,,E90,"DMR, Limited - Numeric Violation",,,,,,,,,,,E,Effluent Violations,,,,,,,,,0,3600742495,SUM,3600742495,A,J,3884754331,6.31,3783350572,3698032448,,,2.26545998,32106,Chloroform,01,kg/d,12/31/2022,1,26,=,26,01/19/2023,,,3601387723,2.86473998,Q2,DD,N,DAILY MX
1301,台灣塑膠工業股份有限公司,Formosa Plastics Corporation,FPC,塑膠工業,,"Formosa Plastics Corporation, U.S.A.",211--美國,,FORMOSA POINT COMFORT PLANT,201 FORMOSA DRIVE,POINT COMFORT,TX,77978,28.6825,-96.545278,1600028209,TX0085570,ECHO覆蓋率稽核,100,"Formosa Plastics Corporation, U.S.A.",台塑集團關係企業 FPC USA 德州 Point Comfort 主廠,郭文筆,1954/11/05,1964/07/27,63657407810,http://www.fpc.com.tw,高雄市仁武區水管路100號,https://www.fpcusa.com/content/uploads/2021/04/formosa-logo-stacked.png,1606963368,,D90,"DMR, Limited - Overdue",,,,,K,"Non-receipt Violation, Non-Monthly Average",07/20/2006,2,RE - Back into Compliance,09/27/2006,E,Effluent Violations,,,,,,,,,2,1600141664,101,1600141664,Q,J,1651144291,0,1626021251,1610228858,,,.33142,34571,"1,4-Dichlorobenzene",01,kg/d,05/31/2006,3,,,,09/27/2006,99,,1601848544,0,Q2,DD,N,DAILY MX
1301,台灣塑膠工業股份有限公司,Formosa Plastics Corporation,FPC,塑膠工業,,"Formosa Plastics Corporation, U.S.A.",211--美國,,FORMOSA POINT COMFORT PLANT,201 FORMOSA DRIVE,POINT COMFORT,TX,77978,28.6825,-96.545278,1600028209,TX0085570,ECHO覆蓋率稽核,100,"Formosa Plastics Corporation, U.S.A.",台塑集團關係企業 FPC USA 德州 Point Comfort 主廠,郭文筆,1954/11/05,1964/07/27,63657407810,http://www.fpc.com.tw,高雄市仁武區水管路100號,https://www.fpcusa.com/content/uploads/2021/04/formosa-logo-stacked.png,1606963223,,D90,"DMR, Limited - Overdue",,,,,K,"Non-receipt Violation, Non-Monthly Average",04/19/2006,2,RE - Back into Compliance,04/24/2006,E,Effluent Violations,,,,,,,,,2,1600141664,101,1600141664,Q,J,1651145521,0,1626021106,1610229104,,,.011804,39700,Hexachlorobenzene,01,kg/d,02/28/2006,3,,,,04/24/2006,35,,1601848557,0,Q2,DD,N,DAILY MX
1301,台灣塑膠工業股份有限公司,Formosa Plastics Corporation,FPC,塑膠工業,,"Formosa Plastics Corporation, U.S.A.",211--美國,,FORMOSA POINT COMFORT PLANT,201 FORMOSA DRIVE,POINT COMFORT,TX,77978,28.6825,-96.545278,1600028209,TX0085570,ECHO覆蓋率稽核,100,"Formosa Plastics Corporation, U.S.A.",台塑集團關係企業 FPC USA 德州 Point Comfort 主廠,郭文筆,1954/11/05,1964/07/27,63657407810,http://www.fpc.com.tw,高雄市仁武區水管路100號,https://www.fpcusa.com/content/uploads/2021/04/formosa-logo-stacked.png,1606962998,,D90,"DMR, Limited - Overdue",,,,,K,"Non-receipt Violation, Non-Monthly Average",12/20/2002,2,RE - Back into Compliance,12/30/2002,E,Effluent Violations,,,,,,,,,1,1600141665,101,1600141665,A,J,1651141641,0,1626010321,1610228328,,,.309524,82582,"pH range excursions, monthly total accum",5A,d,10/31/2002,1,,,,12/30/2002,40,,1601848516,0,Q2,MP,N,MO TOTAL
1301,台灣塑膠工業股份有限公司,Formosa Plastics Corporation,FPC,塑膠工業,,"Formosa Plastics Corporation, U.S.A.",211--美國,,FORMOSA POINT COMFORT PLANT,201 FORMOSA DRIVE,POINT COMFORT,TX,77978,28.6825,-96.545278,1600028209,TX0085570,ECHO覆蓋率稽核,100,"Formosa Plastics Corporation, U.S.A.",台塑集團關係企業 FPC USA 德州 Point Comfort 主廠,郭文筆,1954/11/05,1964/07/27,63657407810,http://www.fpc.com.tw,高雄市仁武區水管路100號,https://www.fpcusa.com/content/uploads/2021/04/formosa-logo-stacked.png,3661471132,,E90,"DMR, Limited - Numeric Violation",,,,,,,,,,,E,Effluent Violations,,,,,,,,,0,3600742495,001,3600742495,Q,1,3836226930,39,3748755292,3679294759,,,0,34675,"2,3,7,8-Tetrachlorodibenzo-p-dioxin",19,mg/L,08/31/2021,3,2147483650,=,2S,09/17/2021,,,3601386409,.00000004,C2,DB,A,DAILY AV
1301,台灣塑膠工業股份有限公司,Formosa Plastics Corporation,FPC,塑膠工業,,"Formosa Plastics Corporation, U.S.A.",211--美國,,FORMOSA POINT COMFORT PLANT,201 FORMOSA DRIVE,POINT COMFORT,TX,77978,28.6825,-96.545278,1600028209,TX0085570,ECHO覆蓋率稽核,100,"Formosa Plastics Corporation, U.S.A.",台塑集團關係企業 FPC USA 德州 Point Comfort 主廠,郭文筆,1954/11/05,1964/07/27,63657407810,http://www.fpc.com.tw,高雄市仁武區水管路100號,https://www.fpcusa.com/content/uploads/2021/04/formosa-logo-stacked.png,3001159312,,D90,"DMR, Limited - Overdue",,,,,K,"Non-receipt Violation, Non-Monthly Average",10/21/2012,2,RE - Back into Compliance,11/06/2012,E,Effluent Violations,,,,,,,,,2,1600141664,011,1600141664,A,1,2201926588,,3006967896,3003786911,C,,15,00556,Oil & Grease,19,mg/L,08/31/2012,1,,,,11/06/2012,47,,1601848470,,C3,DD,N,DAILY MX
1301,台灣塑膠工業股份有限公司,Formosa Plastics Corporation,FPC,塑膠工業,,"Formosa Plastics Corporation, U.S.A.",211--美國,,FORMOSA POINT COMFORT PLANT,201 FORMOSA DRIVE,POINT COMFORT,TX,77978,28.6825,-96.545278,1600028209,TX0085570,ECHO覆蓋率稽核,100,"Formosa Plastics Corporation, U.S.A.",台塑集團關係企業 FPC USA 德州 Point Comfort 主廠,郭文筆,1954/11/05,1964/07/27,63657407810,http://www.fpc.com.tw,高雄市仁武區水管路100號,https://www.fpcusa.com/content/uploads/2021/04/formosa-logo-stacked.png,1606963327,,D90,"DMR, Limited - Overdue",,,,,N,Non-Receipt of DMR/Schedule Report,07/20/2006,2,RE - Back into Compliance,09/27/2006,E,Effluent Violations,,,,,,,,,2,1600141664,101,1600141664,Q,J,1651143530,0,1626021210,1610228706,,,.19068,34501,"1,1-Dichloroethylene",01,kg/d,05/31/2006,3,,,,09/27/2006,99,,1601848536,0,Q1,DB,A,DAILY AV
1301,台灣塑膠工業股份有限公司,Formosa Plastics Corporation,FPC,塑膠工業,,"Formosa Plastics Corporation, U.S.A.",211--美國,,FORMOSA POINT COMFORT PLANT,201 FORMOSA DRIVE,POINT COMFORT,TX,77978,28.6825,-96.545278,1600028209,TX0085570,ECHO覆蓋率稽核,100,"Formosa Plastics Corporation, U.S.A.",台塑集團關係企業 FPC USA 德州 Point Comfort 主廠,郭文筆,1954/11/05,1964/07/27,63657407810,http://www.fpc.com.tw,高雄市仁武區水管路100號,https://www.fpcusa.com/content/uploads/2021/04/formosa-logo-stacked.png,1606963218,,D90,"DMR, Limited - Overdue",,,,,K,"Non-receipt Violation, Non-Monthly Average",04/19/2006,2,RE - Back into Compliance,04/24/2006,E,Effluent Violations,,,,,,,,,2,1600141664,101,1600141664,Q,J,1651145426,0,1626021101,1610229085,,,.67646,39110,Di-n-butyl phthalate,01,kg/d,02/28/2006,3,,,,04/24/2006,35,,1601848556,0,Q2,DD,N,DAILY MX
1301,台灣塑膠工業股份有限公司,Formosa Plastics Corporation,FPC,塑膠工業,,"Formosa Plastics Corporation, U.S.A.",211--美國,,FORMOSA POINT COMFORT PLANT,201 FORMOSA DRIVE,POINT COMFORT,TX,77978,28.6825,-96.545278,1600028209,TX0085570,ECHO覆蓋率稽核,100,"Formosa Plastics Corporation, U.S.A.",台塑集團關係企業 FPC USA 德州 Point Comfort 主廠,郭文筆,1954/11/05,1964/07/27,63657407810,http://www.fpc.com.tw,高雄市仁武區水管路100號,https://www.fpcusa.com/content/uploads/2021/04/formosa-logo-stacked.png,3661471133,,E90,"DMR, Limited - Numeric Violation",,,,,,,,,,,E,Effluent Violations,,,,,,,,,0,3600742495,001,3600742495,Q,1,3836226968,39,3748755293,3679294759,,,0,34675,"2,3,7,8-Tetrachlorodibenzo-p-dioxin",19,mg/L,08/31/2021,3,2147483650,=,2S,09/17/2021,,,3601386409,.00000004,C3,DD,N,DAILY MX
1301,台灣塑膠工業股份有限公司,Formosa Plastics Corporation,FPC,塑膠工業,,"Formosa Plastics Corporation, U.S.A.",211--美國,,FORMOSA POINT COMFORT PLANT,201 FORMOSA DRIVE,POINT COMFORT,TX,77978,28.6825,-96.545278,1600028209,TX0085570,ECHO覆蓋率稽核,100,"Formosa Plastics Corporation, U.S.A.",台塑集團關係企業 FPC USA 德州 Point Comfort 主廠,郭文筆,1954/11/05,1964/07/27,63657407810,http://www.fpc.com.tw,高雄市仁武區水管路100號,https://www.fpcusa.com/content/uploads/2021/04/formosa-logo-stacked.png,3404945740,,E90,"DMR, Limited - Numeric Violation",,,,,,,,,,,E,Effluent Violations,,,,,,,,,2,1600141664,201,1600141664,A,J,3401046134,243,3421536154,3412221522,,,107.598,00310,"BOD, 5-day, 20 deg. C",01,kg/d,05/31/2014,1,3,=,26,06/20/2014,,,1601848607,110.32199907,Q1,DB,A,DAILY AV
1301,台灣塑膠工業股份有限公司,Formosa Plastics Corporation,FPC,塑膠工業,,"Formosa Plastics Corporation, U.S.A.",211--美國,,FORMOSA POINT COMFORT PLANT,201 FORMOSA DRIVE,POINT COMFORT,TX,77978,28.6825,-96.545278,1600028209,TX0085570,ECHO覆蓋率稽核,100,"Formosa Plastics Corporation, U.S.A.",台塑集團關係企業 FPC USA 德州 Point Comfort 主廠,郭文筆,1954/11/05,1964/07/27,63657407810,http://www.fpc.com.tw,高雄市仁武區水管路100號,https://www.fpcusa.com/content/uploads/2021/04/formosa-logo-stacked.png,1606963323,,D90,"DMR, Limited - Overdue",,,,,K,"Non-receipt Violation, Non-Monthly Average",07/20/2006,2,RE - Back into Compliance,09/27/2006,E,Effluent Violations,,,,,,,,,2,1600141664,101,1600141664,Q,J,1651143436,0,1626021206,1610228687,,,.7945,34469,Pyrene,01,kg/d,05/31/2006,3,,,,09/27/2006,99,,1601848535,0,Q2,DD,N,DAILY MX
1301,台灣塑膠工業股份有限公司,Formosa Plastics Corporation,FPC,塑膠工業,,"Formosa Plastics Corporation, U.S.A.",211--美國,,FORMOSA POINT COMFORT PLANT,201 FORMOSA DRIVE,POINT COMFORT,TX,77978,28.6825,-96.545278,1600028209,TX0085570,ECHO覆蓋率稽核,100,"Formosa Plastics Corporation, U.S.A.",台塑集團關係企業 FPC USA 德州 Point Comfort 主廠,郭文筆,1954/11/05,1964/07/27,63657407810,http://www.fpc.com.tw,高雄市仁武區水管路100號,https://www.fpcusa.com/content/uploads/2021/04/formosa-logo-stacked.png,1606962973,,D90,"DMR, Limited - Overdue",,,,,K,"Non-receipt Violation, Non-Monthly Average",05/20/2002,2,RE - Back into Compliance,06/10/2002,E,Effluent Violations,,,,,,,,,1,1600141665,101,1600141665,A,J,1651141606,0,1626009691,1610228321,,,.309524,82582,"pH range excursions, monthly total accum",5A,d,03/31/2002,1,,,,06/10/2002,51,,1601848516,0,Q2,MP,N,MO TOTAL
1301,台灣塑膠工業股份有限公司,Formosa Plastics Corporation,FPC,塑膠工業,,"Formosa Plastics Corporation, U.S.A.",211--美國,,FORMOSA POINT COMFORT PLANT,201 FORMOSA DRIVE,POINT COMFORT,TX,77978,28.6825,-96.545278,1600028209,TX0085570,ECHO覆蓋率稽核,100,"Formosa Plastics Corporation, U.S.A.",台塑集團關係企業 FPC USA 德州 Point Comfort 主廠,郭文筆,1954/11/05,1964/07/27,63657407810,http://www.fpc.com.tw,高雄市仁武區水管路100號,https://www.fpcusa.com/content/uploads/2021/04/formosa-logo-stacked.png,3643947011,,E90,"DMR, Limited - Numeric Violation",,,,,,,,,,,E,Effluent Violations,,,,,,,,,0,3600742495,006,3600742495,A,1,3650129198,9.2,3700542375,3654391075,,,9,00400,pH,12,SU,10/31/2019,1,,=,12,11/20/2019,,,3601385641,9.2,C3,MB,N,MAXIMUM
1301,台灣塑膠工業股份有限公司,Formosa Plastics Corporation,FPC,塑膠工業,,"Formosa Plastics Corporation, U.S.A.",211--美國,,FORMOSA POINT COMFORT PLANT,201 FORMOSA DRIVE,POINT COMFORT,TX,77978,28.6825,-96.545278,1600028209,TX0085570,ECHO覆蓋率稽核,100,"Formosa Plastics Corporation, U.S.A.",台塑集團關係企業 FPC USA 德州 Point Comfort 主廠,郭文筆,1954/11/05,1964/07/27,63657407810,http://www.fpc.com.tw,高雄市仁武區水管路100號,https://www.fpcusa.com/content/uploads/2021/04/formosa-logo-stacked.png,3638782457,,D90,"DMR, Limited - Overdue",,,,,K,"Non-receipt Violation, Non-Monthly Average",10/21/2018,2,RE - Back into Compliance,01/16/2019,E,Effluent Violations,,,,,,,,,0,3600742495,001,3600742495,A,1,3650126791,31,3675086786,3640351280,,,34,80082,"BOD, carbonaceous [5 day, 20 C]",19,mg/L,08/31/2018,1,,=,19,01/16/2019,118,,3601385598,31,C3,DD,N,DAILY MX
1301,台灣塑膠工業股份有限公司,Formosa Plastics Corporation,FPC,塑膠工業,,"Formosa Plastics Corporation, U.S.A.",211--美國,,FORMOSA POINT COMFORT PLANT,201 FORMOSA DRIVE,POINT COMFORT,TX,77978,28.6825,-96.545278,1600028209,TX0085570,ECHO覆蓋率稽核,100,"Formosa Plastics Corporation, U.S.A.",台塑集團關係企業 FPC USA 德州 Point Comfort 主廠,郭文筆,1954/11/05,1964/07/27,63657407810,http://www.fpc.com.tw,高雄市仁武區水管路100號,https://www.fpcusa.com/content/uploads/2021/04/formosa-logo-stacked.png,1606963132,,D90,"DMR, Limited - Overdue",,,,,N,Non-Receipt of DMR/Schedule Report,04/19/2006,2,RE - Back into Compliance,04/24/2006,E,Effluent Violations,,,,,,,,,2,1600141664,101,1600141664,Q,J,1651143810,0,1626021015,1610228762,,,.91254,34536,"1,2-Dichlorobenzene",01,kg/d,02/28/2006,3,,,,04/24/2006,35,,1601848539,0,Q1,DB,A,DAILY AV
1301,台灣塑膠工業股份有限公司,Formosa Plastics Corporation,FPC,塑膠工業,,"Formosa Plastics Corporation, U.S.A.",211--美國,,FORMOSA POINT COMFORT PLANT,201 FORMOSA DRIVE,POINT COMFORT,TX,77978,28.6825,-96.545278,1600028209,TX0085570,ECHO覆蓋率稽核,100,"Formosa Plastics Corporation, U.S.A.",台塑集團關係企業 FPC USA 德州 Point Comfort 主廠,郭文筆,1954/11/05,1964/07/27,63657407810,http://www.fpc.com.tw,高雄市仁武區水管路100號,https://www.fpcusa.com/content/uploads/2021/04/formosa-logo-stacked.png,3661471134,,E90,"DMR, Limited - Numeric Violation",,,,,,,,,,,E,Effluent Violations,,,,,,,,,0,3600742495,001,3600742495,Q,1,3836226978,786,3748755290,3679294759,,,.00000008,34675,"2,3,7,8-Tetrachlorodibenzo-p-dioxin",01,kg/d,08/31/2021,3,888,=,2U,09/17/2021,,,3601386409,.00000079,Q1,DB,A,DAILY AV
1301,台灣塑膠工業股份有限公司,Formosa Plastics Corporation,FPC,塑膠工業,,"Formosa Plastics Corporation, U.S.A.",211--美國,,FORMOSA POINT COMFORT PLANT,201 FORMOSA DRIVE,POINT COMFORT,TX,77978,28.6825,-96.545278,1600028209,TX0085570,ECHO覆蓋率稽核,100,"Formosa Plastics Corporation, U.S.A.",台塑集團關係企業 FPC USA 德州 Point Comfort 主廠,郭文筆,1954/11/05,1964/07/27,63657407810,http://www.fpc.com.tw,高雄市仁武區水管路100號,https://www.fpcusa.com/content/uploads/2021/04/formosa-logo-stacked.png,3001159621,,D90,"DMR, Limited - Overdue",,,,,K,"Non-receipt Violation, Non-Monthly Average",10/21/2012,2,RE - Back into Compliance,11/06/2012,E,Effluent Violations,,,,,,,,,2,1600141664,005,1600141664,A,1,2201924383,,3006967930,3003786930,C,,9,00400,pH,12,SU,08/31/2012,1,,,,11/06/2012,47,,1601848429,,C3,MB,N,MAXIMUM
1301,台灣塑膠工業股份有限公司,Formosa Plastics Corporation,FPC,塑膠工業,,"Formosa Plastics Corporation, U.S.A.",211--美國,,FORMOSA POINT COMFORT PLANT,201 FORMOSA DRIVE,POINT COMFORT,TX,77978,28.6825,-96.545278,1600028209,TX0085570,ECHO覆蓋率稽核,100,"Formosa Plastics Corporation, U.S.A.",台塑集團關係企業 FPC USA 德州 Point Comfort 主廠,郭文筆,1954/11/05,1964/07/27,63657407810,http://www.fpc.com.tw,高雄市仁武區水管路100號,https://www.fpcusa.com/content/uploads/2021/04/formosa-logo-stacked.png,3643937651,,D90,"DMR, Limited - Overdue",,,,,K,"Non-receipt Violation, Non-Monthly Average",11/20/2019,9,RE - Manual by Back into Compliance/Administratively Resolved,11/20/2019,E,Effluent Violations,,,,,,,,,0,3600742495,013,3600742495,A,1,3650130452,,3698607315,3653309836,H,,9,00400,pH,12,SU,09/30/2019,1,,,,10/18/2019,,,3601387967,,C3,MB,N,MAXIMUM
1301,台灣塑膠工業股份有限公司,Formosa Plastics Corporation,FPC,塑膠工業,,"Formosa Plastics Corporation, U.S.A.",211--美國,,FORMOSA POINT COMFORT PLANT,201 FORMOSA DRIVE,POINT COMFORT,TX,77978,28.6825,-96.545278,1600028209,TX0085570,ECHO覆蓋率稽核,100,"Formosa Plastics Corporation, U.S.A.",台塑集團關係企業 FPC USA 德州 Point Comfort 主廠,郭文筆,1954/11/05,1964/07/27,63657407810,http://www.fpc.com.tw,高雄市仁武區水管路100號,https://www.fpcusa.com/content/uploads/2021/04/formosa-logo-stacked.png,3001038090,,D90,"DMR, Limited - Overdue",,,,,,,,,,,E,Effluent Violations,,,,,,,,,2,1600141664,012,1600141664,A,1,2201926858,,3006272030,3003403814,C,,6,00400,pH,12,SU,07/31/2012,1,,,,10/19/2012,60,,1601848475,,C1,ME,,MINIMUM
1301,台灣塑膠工業股份有限公司,Formosa Plastics Corporation,FPC,塑膠工業,,"Formosa Plastics Corporation, U.S.A.",211--美國,,FORMOSA POINT COMFORT PLANT,201 FORMOSA DRIVE,POINT COMFORT,TX,77978,28.6825,-96.545278,1600028209,TX0085570,ECHO覆蓋率稽核,100,"Formosa Plastics Corporation, U.S.A.",台塑集團關係企業 FPC USA 德州 Point Comfort 主廠,郭文筆,1954/11/05,1964/07/27,63657407810,http://www.fpc.com.tw,高雄市仁武區水管路100號,https://www.fpcusa.com/content/uploads/2021/04/formosa-logo-stacked.png,1606962806,,D80,"DMR, Monitor Only - Overdue",,,,,K,"Non-receipt Violation, Non-Monthly Average",09/19/2001,2,RE - Back into Compliance,11/02/2001,E,Effluent Violations,,,,,,,,,1,1600141665,101,1600141665,A,J,1651137319,0,1626008889,1610227463,,,,00310,"BOD, 5-day, 20 deg. C",19,mg/L,07/31/2001,1,,,,11/02/2001,74,,1601848499,0,C3,DD,N,DAILY MX
1301,台灣塑膠工業股份有限公司,Formosa Plastics Corporation,FPC,塑膠工業,,"Formosa Plastics Corporation, U.S.A.",211--美國,,FORMOSA POINT COMFORT PLANT,201 FORMOSA DRIVE,POINT COMFORT,TX,77978,28.6825,-96.545278,1600028209,TX0085570,ECHO覆蓋率稽核,100,"Formosa Plastics Corporation, U.S.A.",台塑集團關係企業 FPC USA 德州 Point Comfort 主廠,郭文筆,1954/11/05,1964/07/27,63657407810,http://www.fpc.com.tw,高雄市仁武區水管路100號,https://www.fpcusa.com/content/uploads/2021/04/formosa-logo-stacked.png,1606962838,,D90,"DMR, Limited - Overdue",,,,,K,"Non-receipt Violation, Non-Monthly Average",09/19/2001,2,RE - Back into Compliance,11/02/2001,E,Effluent Violations,,,,,,,,,1,1600141665,101,1600141665,A,J,1651139316,0,1626008921,1610227863,,,.33142,34301,Chlorobenzene,01,kg/d,07/31/2001,1,,,,11/02/2001,74,,1601848506,0,Q2,DD,N,DAILY MX
1301,台灣塑膠工業股份有限公司,Formosa Plastics Corporation,FPC,塑膠工業,,"Formosa Plastics Corporation, U.S.A.",211--美國,,FORMOSA POINT COMFORT PLANT,201 FORMOSA DRIVE,POINT COMFORT,TX,77978,28.6825,-96.545278,1600028209,TX0085570,ECHO覆蓋率稽核,100,"Formosa Plastics Corporation, U.S.A.",台塑集團關係企業 FPC USA 德州 Point Comfort 主廠,郭文筆,1954/11/05,1964/07/27,63657407810,http://www.fpc.com.tw,高雄市仁武區水管路100號,https://www.fpcusa.com/content/uploads/2021/04/formosa-logo-stacked.png,1606963482,,D90,"DMR, Limited - Overdue",,,,,N,Non-Receipt of DMR/Schedule Report,09/19/2001,2,RE - Back into Compliance,11/02/2001,E,Effluent Violations,,,,,,,,,1,1600141665,201,1600141665,A,J,1651153485,0,1626024000,1610230697,,,3.00094,01051,"Lead, total [as Pb]",01,kg/d,07/31/2001,1,,,,11/02/2001,74,,1601848622,0,Q1,DB,A,DAILY AV
1301,台灣塑膠工業股份有限公司,Formosa Plastics Corporation,FPC,塑膠工業,,"Formosa Plastics Corporation, U.S.A.",211--美國,,FORMOSA POINT COMFORT PLANT,201 FORMOSA DRIVE,POINT COMFORT,TX,77978,28.6825,-96.545278,1600028209,TX0085570,ECHO覆蓋率稽核,100,"Formosa Plastics Corporation, U.S.A.",台塑集團關係企業 FPC USA 德州 Point Comfort 主廠,郭文筆,1954/11/05,1964/07/27,63657407810,http://www.fpc.com.tw,高雄市仁武區水管路100號,https://www.fpcusa.com/content/uploads/2021/04/formosa-logo-stacked.png,1606962953,,D90,"DMR, Limited - Overdue",,,,,K,"Non-receipt Violation, Non-Monthly Average",03/22/2002,2,RE - Back into Compliance,06/10/2002,E,Effluent Violations,,,,,,,,,1,1600141665,101,1600141665,A,J,1651141596,0,1626009511,1610228319,,,.309524,82582,"pH range excursions, monthly total accum",5A,d,01/31/2002,1,,,,06/10/2002,99,,1601848516,0,Q2,MP,N,MO TOTAL
1301,台灣塑膠工業股份有限公司,Formosa Plastics Corporation,FPC,塑膠工業,,"Formosa Plastics Corporation, U.S.A.",211--美國,,FORMOSA POINT COMFORT PLANT,201 FORMOSA DRIVE,POINT COMFORT,TX,77978,28.6825,-96.545278,1600028209,TX0085570,ECHO覆蓋率稽核,100,"Formosa Plastics Corporation, U.S.A.",台塑集團關係企業 FPC USA 德州 Point Comfort 主廠,郭文筆,1954/11/05,1964/07/27,63657407810,http://www.fpc.com.tw,高雄市仁武區水管路100號,https://www.fpcusa.com/content/uploads/2021/04/formosa-logo-stacked.png,1606962842,,D90,"DMR, Limited - Overdue",,,,,N,Non-Receipt of DMR/Schedule Report,09/19/2001,2,RE - Back into Compliance,11/02/2001,E,Effluent Violations,,,,,,,,,1,1600141665,101,1600141665,A,J,1651139565,0,1626008925,1610227913,,,1.0215,34418,Methyl chloride [Chloromethane],01,kg/d,07/31/2001,1,,,,11/02/2001,74,,1601848507,0,Q1,DB,A,DAILY AV
1301,台灣塑膠工業股份有限公司,Formosa Plastics Corporation,FPC,塑膠工業,,"Formosa Plastics Corporation, U.S.A.",211--美國,,FORMOSA POINT COMFORT PLANT,201 FORMOSA DRIVE,POINT COMFORT,TX,77978,28.6825,-96.545278,1600028209,TX0085570,ECHO覆蓋率稽核,100,"Formosa Plastics Corporation, U.S.A.",台塑集團關係企業 FPC USA 德州 Point Comfort 主廠,郭文筆,1954/11/05,1964/07/27,63657407810,http://www.fpc.com.tw,高雄市仁武區水管路100號,https://www.fpcusa.com/content/uploads/2021/04/formosa-logo-stacked.png,1606963248,,D90,"DMR, Limited - Overdue",,,,,K,"Non-receipt Violation, Non-Monthly Average",07/20/2006,2,RE - Back into Compliance,09/27/2006,E,Effluent Violations,,,,,,,,,2,1600141664,101,1600141664,Q,J,1651142106,0,1626021131,1610228421,,,.69916,34220,Anthracene,01,kg/d,05/31/2006,3,,,,09/27/2006,99,,1601848520,0,Q2,DD,N,DAILY MX
1301,台灣塑膠工業股份有限公司,Formosa Plastics Corporation,FPC,塑膠工業,,"Formosa Plastics Corporation, U.S.A.",211--美國,,FORMOSA POINT COMFORT PLANT,201 FORMOSA DRIVE,POINT COMFORT,TX,77978,28.6825,-96.545278,1600028209,TX0085570,ECHO覆蓋率稽核,100,"Formosa Plastics Corporation, U.S.A.",台塑集團關係企業 FPC USA 德州 Point Comfort 主廠,郭文筆,1954/11/05,1964/07/27,63657407810,http://www.fpc.com.tw,高雄市仁武區水管路100號,https://www.fpcusa.com/content/uploads/2021/04/formosa-logo-stacked.png,1606963183,,D90,"DMR, Limited - Overdue",,,,,K,"Non-receipt Violation, Non-Monthly Average",04/19/2006,2,RE - Back into Compliance,04/24/2006,E,Effluent Violations,,,,,,,,,2,1600141664,101,1600141664,Q,J,1651144761,0,1626021066,1610228952,,,3.37776,34611,"2,4-Dinitrotoluene",01,kg/d,02/28/2006,3,,,,04/24/2006,35,,1601848549,0,Q2,DD,N,DAILY MX
1301,台灣塑膠工業股份有限公司,Formosa Plastics Corporation,FPC,塑膠工業,,"Formosa Plastics Corporation, U.S.A.",211--美國,,FORMOSA POINT COMFORT PLANT,201 FORMOSA DRIVE,POINT COMFORT,TX,77978,28.6825,-96.545278,1600028209,TX0085570,ECHO覆蓋率稽核,100,"Formosa Plastics Corporation, U.S.A.",台塑集團關係企業 FPC USA 德州 Point Comfort 主廠,郭文筆,1954/11/05,1964/07/27,63657407810,http://www.fpc.com.tw,高雄市仁武區水管路100號,https://www.fpcusa.com/content/uploads/2021/04/formosa-logo-stacked.png,1606963471,,D90,"DMR, Limited - Overdue",,,,,K,"Non-receipt Violation, Non-Monthly Average",09/19/2001,2,RE - Back into Compliance,11/02/2001,E,Effluent Violations,,,,,,,,,1,1600141665,201,1600141665,A,J,1651152739,8.4,1626023989,1610230547,,,9,00400,pH,12,SU,07/31/2001,1,,,,11/02/2001,74,,1601848619,8.4,C3,MB,N,MAXIMUM
1301,台灣塑膠工業股份有限公司,Formosa Plastics Corporation,FPC,塑膠工業,,"Formosa Plastics Corporation, U.S.A.",211--美國,,FORMOSA POINT COMFORT PLANT,201 FORMOSA DRIVE,POINT COMFORT,TX,77978,28.6825,-96.545278,1600028209,TX0085570,ECHO覆蓋率稽核,100,"Formosa Plastics Corporation, U.S.A.",台塑集團關係企業 FPC USA 德州 Point Comfort 主廠,郭文筆,1954/11/05,1964/07/27,63657407810,http://www.fpc.com.tw,高雄市仁武區水管路100號,https://www.fpcusa.com/content/uploads/2021/04/formosa-logo-stacked.png,1606962814,,D90,"DMR, Limited - Overdue",,,,,,,,,,,E,Effluent Violations,,,,,,,,,1,1600141665,101,1600141665,A,J,1651137817,6.5,1626008897,1610227563,,,5,00400,pH,12,SU,07/31/2001,1,,,,11/02/2001,74,,1601848501,6.5,C1,ME,,MINIMUM
1301,台灣塑膠工業股份有限公司,Formosa Plastics Corporation,FPC,塑膠工業,,"Formosa Plastics Corporation, U.S.A.",211--美國,,FORMOSA POINT COMFORT PLANT,201 FORMOSA DRIVE,POINT COMFORT,TX,77978,28.6825,-96.545278,1600028209,TX0085570,ECHO覆蓋率稽核,100,"Formosa Plastics Corporation, U.S.A.",台塑集團關係企業 FPC USA 德州 Point Comfort 主廠,郭文筆,1954/11/05,1964/07/27,63657407810,http://www.fpc.com.tw,高雄市仁武區水管路100號,https://www.fpcusa.com/content/uploads/2021/04/formosa-logo-stacked.png,1606963740,,D80,"DMR, Monitor Only - Overdue",,,,,K,"Non-receipt Violation, Non-Monthly Average",02/19/2002,2,RE - Back into Compliance,03/18/2002,E,Effluent Violations,,,,,,,,,1,1600141665,TXA,1600141665,Q,1,1651155708,0,1626029403,1610231141,,,,TIE3E,LC50 Pass/Fail Static 24Hr Acute Americamysis bahia (formerly Mysidopsis bahia),9A,pass=0;fail=1,12/31/2001,3,,,,03/18/2002,57,,1601848658,0,C2,SA,N,SINGSAMP
1301,台灣塑膠工業股份有限公司,Formosa Plastics Corporation,FPC,塑膠工業,,"Formosa Plastics Corporation, U.S.A.",211--美國,,FORMOSA POINT COMFORT PLANT,201 FORMOSA DRIVE,POINT COMFORT,TX,77978,28.6825,-96.545278,1600028209,TX0085570,ECHO覆蓋率稽核,100,"Formosa Plastics Corporation, U.S.A.",台塑集團關係企業 FPC USA 德州 Point Comfort 主廠,郭文筆,1954/11/05,1964/07/27,63657407810,http://www.fpc.com.tw,高雄市仁武區水管路100號,https://www.fpcusa.com/content/uploads/2021/04/formosa-logo-stacked.png,1606962877,,D90,"DMR, Limited - Overdue",,,,,N,Non-Receipt of DMR/Schedule Report,09/19/2001,2,RE - Back into Compliance,11/02/2001,E,Effluent Violations,,,,,,,,,1,1600141665,101,1600141665,A,J,1651141065,2.8,1626008960,1610228213,,,4,50050,"Flow, in conduit or thru treatment plant",03,MGD,07/31/2001,1,,,,11/02/2001,74,,1601848514,2.8,Q1,DB,A,DAILY AV
1301,台灣塑膠工業股份有限公司,Formosa Plastics Corporation,FPC,塑膠工業,,"Formosa Plastics Corporation, U.S.A.",211--美國,,FORMOSA POINT COMFORT PLANT,201 FORMOSA DRIVE,POINT COMFORT,TX,77978,28.6825,-96.545278,1600028209,TX0085570,ECHO覆蓋率稽核,100,"Formosa Plastics Corporation, U.S.A.",台塑集團關係企業 FPC USA 德州 Point Comfort 主廠,郭文筆,1954/11/05,1964/07/27,63657407810,http://www.fpc.com.tw,高雄市仁武區水管路100號,https://www.fpcusa.com/content/uploads/2021/04/formosa-logo-stacked.png,1606963569,,D80,"DMR, Monitor Only - Overdue",,,,,,,,,,,E,Effluent Violations,,,,,,,,,2,1600141664,TX1,1600141664,Q,1,1651154812,13,1626028777,1610230962,,,,TPP3E,NOEC Sub-Lethal Static Renewal 7 Day Chronic Americamysis bahia (formerly Mysidopsis bahia),23,%,12/31/2005,3,,,,09/27/2006,99,,1601848631,13,C1,7D,,7 DA MIN
1301,台灣塑膠工業股份有限公司,Formosa Plastics Corporation,FPC,塑膠工業,,"Formosa Plastics Corporation, U.S.A.",211--美國,,FORMOSA POINT COMFORT PLANT,201 FORMOSA DRIVE,POINT COMFORT,TX,77978,28.6825,-96.545278,1600028209,TX0085570,ECHO覆蓋率稽核,100,"Formosa Plastics Corporation, U.S.A.",台塑集團關係企業 FPC USA 德州 Point Comfort 主廠,郭文筆,1954/11/05,1964/07/27,63657407810,http://www.fpc.com.tw,高雄市仁武區水管路100號,https://www.fpcusa.com/content/uploads/2021/04/formosa-logo-stacked.png,1606963093,,D90,"DMR, Limited - Overdue",,,,,K,"Non-receipt Violation, Non-Monthly Average",04/19/2006,2,RE - Back into Compliance,04/24/2006,E,Effluent Violations,,,,,,,,,2,1600141664,101,1600141664,Q,J,1651143051,0,1626020976,1610228610,,,.58112,34391,Hexachlorobutadiene,01,kg/d,02/28/2006,3,,,,04/24/2006,35,,1601848531,0,Q2,DD,N,DAILY MX
1301,台灣塑膠工業股份有限公司,Formosa Plastics Corporation,FPC,塑膠工業,,"Formosa Plastics Corporation, U.S.A.",211--美國,,FORMOSA POINT COMFORT PLANT,201 FORMOSA DRIVE,POINT COMFORT,TX,77978,28.6825,-96.545278,1600028209,TX0085570,ECHO覆蓋率稽核,100,"Formosa Plastics Corporation, U.S.A.",台塑集團關係企業 FPC USA 德州 Point Comfort 主廠,郭文筆,1954/11/05,1964/07/27,63657407810,http://www.fpc.com.tw,高雄市仁武區水管路100號,https://www.fpcusa.com/content/uploads/2021/04/formosa-logo-stacked.png,3638782436,,D80,"DMR, Monitor Only - Overdue",,,,,K,"Non-receipt Violation, Non-Monthly Average",10/21/2018,2,RE - Back into Compliance,01/16/2019,E,Effluent Violations,,,,,,,,,0,3600742495,101,3600742495,A,J,3650130660,20,3675086955,3640351344,,,,00310,"BOD, 5-day, 20 deg. C",19,mg/L,08/31/2018,1,,=,19,01/16/2019,118,,3601385666,20,C3,DD,N,DAILY MX
1301,台灣塑膠工業股份有限公司,Formosa Plastics Corporation,FPC,塑膠工業,,"Formosa Plastics Corporation, U.S.A.",211--美國,,FORMOSA POINT COMFORT PLANT,201 FORMOSA DRIVE,POINT COMFORT,TX,77978,28.6825,-96.545278,1600028209,TX0085570,ECHO覆蓋率稽核,100,"Formosa Plastics Corporation, U.S.A.",台塑集團關係企業 FPC USA 德州 Point Comfort 主廠,郭文筆,1954/11/05,1964/07/27,63657407810,http://www.fpc.com.tw,高雄市仁武區水管路100號,https://www.fpcusa.com/content/uploads/2021/04/formosa-logo-stacked.png,1606963575,,D80,"DMR, Monitor Only - Overdue",,,,,,,,,,,E,Effluent Violations,,,,,,,,,2,1600141664,TX1,1600141664,Q,1,1651154833,13,1626028783,1610230966,,,,TPP6B,NOEC Sub-Lethal Static Renewal 7 Day Chronic Menidia menidia,23,%,12/31/2005,3,,,,09/27/2006,99,,1601848632,13,C2,MJ,,MO AV MN
1301,台灣塑膠工業股份有限公司,Formosa Plastics Corporation,FPC,塑膠工業,,"Formosa Plastics Corporation, U.S.A.",211--美國,,FORMOSA POINT COMFORT PLANT,201 FORMOSA DRIVE,POINT COMFORT,TX,77978,28.6825,-96.545278,1600028209,TX0085570,ECHO覆蓋率稽核,100,"Formosa Plastics Corporation, U.S.A.",台塑集團關係企業 FPC USA 德州 Point Comfort 主廠,郭文筆,1954/11/05,1964/07/27,63657407810,http://www.fpc.com.tw,高雄市仁武區水管路100號,https://www.fpcusa.com/content/uploads/2021/04/formosa-logo-stacked.png,1606963417,,D90,"DMR, Limited - Overdue",,,,,N,Non-Receipt of DMR/Schedule Report,07/20/2006,2,RE - Back into Compliance,09/27/2006,E,Effluent Violations,,,,,,,,,2,1600141664,101,1600141664,Q,J,1651145240,0,1626021300,1610229048,,,.25878,34696,Naphthalene,01,kg/d,05/31/2006,3,,,,09/27/2006,99,,1601848554,0,Q1,DB,A,DAILY AV
1301,台灣塑膠工業股份有限公司,Formosa Plastics Corporation,FPC,塑膠工業,,"Formosa Plastics Corporation, U.S.A.",211--美國,,FORMOSA POINT COMFORT PLANT,201 FORMOSA DRIVE,POINT COMFORT,TX,77978,28.6825,-96.545278,1600028209,TX0085570,ECHO覆蓋率稽核,100,"Formosa Plastics Corporation, U.S.A.",台塑集團關係企業 FPC USA 德州 Point Comfort 主廠,郭文筆,1954/11/05,1964/07/27,63657407810,http://www.fpc.com.tw,高雄市仁武區水管路100號,https://www.fpcusa.com/content/uploads/2021/04/formosa-logo-stacked.png,3638782425,,D80,"DMR, Monitor Only - Overdue",,,,,N,Non-Receipt of DMR/Schedule Report,10/21/2018,2,RE - Back into Compliance,01/16/2019,E,Effluent Violations,,,,,,,,,0,3600742495,101,3600742495,A,J,3650130659,8,3675086954,3640351344,,,,00310,"BOD, 5-day, 20 deg. C",19,mg/L,08/31/2018,1,,=,19,01/16/2019,118,,3601385666,8,C2,DB,A,DAILY AV
1301,台灣塑膠工業股份有限公司,Formosa Plastics Corporation,FPC,塑膠工業,,"Formosa Plastics Corporation, U.S.A.",211--美國,,FORMOSA POINT COMFORT PLANT,201 FORMOSA DRIVE,POINT COMFORT,TX,77978,28.6825,-96.545278,1600028209,TX0085570,ECHO覆蓋率稽核,100,"Formosa Plastics Corporation, U.S.A.",台塑集團關係企業 FPC USA 德州 Point Comfort 主廠,郭文筆,1954/11/05,1964/07/27,63657407810,http://www.fpc.com.tw,高雄市仁武區水管路100號,https://www.fpcusa.com/content/uploads/2021/04/formosa-logo-stacked.png,1606963242,,D90,"DMR, Limited - Overdue",,,,,N,Non-Receipt of DMR/Schedule Report,07/20/2006,2,RE - Back into Compliance,09/27/2006,E,Effluent Violations,,,,,,,,,2,1600141664,101,1600141664,Q,J,1651142010,0,1626021125,1610228402,,,1.13954,34215,Acrylonitrile,01,kg/d,05/31/2006,3,,,,09/27/2006,99,,1601848519,0,Q1,DB,A,DAILY AV
1301,台灣塑膠工業股份有限公司,Formosa Plastics Corporation,FPC,塑膠工業,,"Formosa Plastics Corporation, U.S.A.",211--美國,,FORMOSA POINT COMFORT PLANT,201 FORMOSA DRIVE,POINT COMFORT,TX,77978,28.6825,-96.545278,1600028209,TX0085570,ECHO覆蓋率稽核,100,"Formosa Plastics Corporation, U.S.A.",台塑集團關係企業 FPC USA 德州 Point Comfort 主廠,郭文筆,1954/11/05,1964/07/27,63657407810,http://www.fpc.com.tw,高雄市仁武區水管路100號,https://www.fpcusa.com/content/uploads/2021/04/formosa-logo-stacked.png,3405650714,,E90,"DMR, Limited - Numeric Violation",,,,,,,,,,,E,Effluent Violations,,,,,,,,,2,1600141664,201,1600141664,A,J,3401047743,609,3424744610,3414001804,,,215.196,00310,"BOD, 5-day, 20 deg. C",01,kg/d,08/31/2014,1,28,=,26,09/19/2014,,,1601848607,276.48599768,Q2,DD,N,DAILY MX
1301,台灣塑膠工業股份有限公司,Formosa Plastics Corporation,FPC,塑膠工業,,"Formosa Plastics Corporation, U.S.A.",211--美國,,FORMOSA POINT COMFORT PLANT,201 FORMOSA DRIVE,POINT COMFORT,TX,77978,28.6825,-96.545278,1600028209,TX0085570,ECHO覆蓋率稽核,100,"Formosa Plastics Corporation, U.S.A.",台塑集團關係企業 FPC USA 德州 Point Comfort 主廠,郭文筆,1954/11/05,1964/07/27,63657407810,http://www.fpc.com.tw,高雄市仁武區水管路100號,https://www.fpcusa.com/content/uploads/2021/04/formosa-logo-stacked.png,1606963422,,D90,"DMR, Limited - Overdue",,,,,N,Non-Receipt of DMR/Schedule Report,07/20/2006,2,RE - Back into Compliance,09/27/2006,E,Effluent Violations,,,,,,,,,2,1600141664,101,1600141664,Q,J,1651145335,0,1626021305,1610229067,,,1.22126,39100,Di[2-ethylhexyl] phthalate [DEHP],01,kg/d,05/31/2006,3,,,,09/27/2006,99,,1601848555,0,Q1,DB,A,DAILY AV
1301,台灣塑膠工業股份有限公司,Formosa Plastics Corporation,FPC,塑膠工業,,"Formosa Plastics Corporation, U.S.A.",211--美國,,FORMOSA POINT COMFORT PLANT,201 FORMOSA DRIVE,POINT COMFORT,TX,77978,28.6825,-96.545278,1600028209,TX0085570,ECHO覆蓋率稽核,100,"Formosa Plastics Corporation, U.S.A.",台塑集團關係企業 FPC USA 德州 Point Comfort 主廠,郭文筆,1954/11/05,1964/07/27,63657407810,http://www.fpc.com.tw,高雄市仁武區水管路100號,https://www.fpcusa.com/content/uploads/2021/04/formosa-logo-stacked.png,1606963308,,D90,"DMR, Limited - Overdue",,,,,K,"Non-receipt Violation, Non-Monthly Average",07/20/2006,2,RE - Back into Compliance,09/27/2006,E,Effluent Violations,,,,,,,,,2,1600141664,101,1600141664,Q,J,1651143151,0,1626021191,1610228630,,,.64014,34396,Hexachloroethane,01,kg/d,05/31/2006,3,,,,09/27/2006,99,,1601848532,0,Q2,DD,N,DAILY MX
1301,台灣塑膠工業股份有限公司,Formosa Plastics Corporation,FPC,塑膠工業,,"Formosa Plastics Corporation, U.S.A.",211--美國,,FORMOSA POINT COMFORT PLANT,201 FORMOSA DRIVE,POINT COMFORT,TX,77978,28.6825,-96.545278,1600028209,TX0085570,ECHO覆蓋率稽核,100,"Formosa Plastics Corporation, U.S.A.",台塑集團關係企業 FPC USA 德州 Point Comfort 主廠,郭文筆,1954/11/05,1964/07/27,63657407810,http://www.fpc.com.tw,高雄市仁武區水管路100號,https://www.fpcusa.com/content/uploads/2021/04/formosa-logo-stacked.png,1606963493,,D80,"DMR, Monitor Only - Overdue",,,,,K,"Non-receipt Violation, Non-Monthly Average",09/19/2001,2,RE - Back into Compliance,11/02/2001,E,Effluent Violations,,,,,,,,,1,1600141665,201,1600141665,A,J,1651153986,0,1626024011,1610230797,,,,01152,"Titanium, total [as Ti]",01,kg/d,07/31/2001,1,,,,11/02/2001,74,,1601848624,0,Q2,DD,N,DAILY MX
1301,台灣塑膠工業股份有限公司,Formosa Plastics Corporation,FPC,塑膠工業,,"Formosa Plastics Corporation, U.S.A.",211--美國,,FORMOSA POINT COMFORT PLANT,201 FORMOSA DRIVE,POINT COMFORT,TX,77978,28.6825,-96.545278,1600028209,TX0085570,ECHO覆蓋率稽核,100,"Formosa Plastics Corporation, U.S.A.",台塑集團關係企業 FPC USA 德州 Point Comfort 主廠,郭文筆,1954/11/05,1964/07/27,63657407810,http://www.fpc.com.tw,高雄市仁武區水管路100號,https://www.fpcusa.com/content/uploads/2021/04/formosa-logo-stacked.png,1606962836,,D80,"DMR, Monitor Only - Overdue",,,,,K,"Non-receipt Violation, Non-Monthly Average",09/19/2001,2,RE - Back into Compliance,11/02/2001,E,Effluent Violations,,,,,,,,,1,1600141665,101,1600141665,A,J,1651139069,0,1626008919,1610227813,,,,34030,Benzene,19,mg/L,07/31/2001,1,,,,11/02/2001,74,,1601848505,0,C3,DD,N,DAILY MX
1301,台灣塑膠工業股份有限公司,Formosa Plastics Corporation,FPC,塑膠工業,,"Formosa Plastics Corporation, U.S.A.",211--美國,,FORMOSA POINT COMFORT PLANT,201 FORMOSA DRIVE,POINT COMFORT,TX,77978,28.6825,-96.545278,1600028209,TX0085570,ECHO覆蓋率稽核,100,"Formosa Plastics Corporation, U.S.A.",台塑集團關係企業 FPC USA 德州 Point Comfort 主廠,郭文筆,1954/11/05,1964/07/27,63657407810,http://www.fpc.com.tw,高雄市仁武區水管路100號,https://www.fpcusa.com/content/uploads/2021/04/formosa-logo-stacked.png,1606963163,,D90,"DMR, Limited - Overdue",,,,,K,"Non-receipt Violation, Non-Monthly Average",04/19/2006,2,RE - Back into Compliance,04/24/2006,E,Effluent Violations,,,,,,,,,2,1600141664,101,1600141664,Q,J,1651144381,0,1626021046,1610228876,,,1.16224,34586,2-Chlorophenol,01,kg/d,02/28/2006,3,,,,04/24/2006,35,,1601848545,0,Q2,DD,N,DAILY MX
1301,台灣塑膠工業股份有限公司,Formosa Plastics Corporation,FPC,塑膠工業,,"Formosa Plastics Corporation, U.S.A.",211--美國,,FORMOSA POINT COMFORT PLANT,201 FORMOSA DRIVE,POINT COMFORT,TX,77978,28.6825,-96.545278,1600028209,TX0085570,ECHO覆蓋率稽核,100,"Formosa Plastics Corporation, U.S.A.",台塑集團關係企業 FPC USA 德州 Point Comfort 主廠,郭文筆,1954/11/05,1964/07/27,63657407810,http://www.fpc.com.tw,高雄市仁武區水管路100號,https://www.fpcusa.com/content/uploads/2021/04/formosa-logo-stacked.png,1606963600,,D80,"DMR, Monitor Only - Overdue",,,,,,,,,,,E,Effluent Violations,,,,,,,,,2,1600141664,TX1,1600141664,Q,1,1651154933,,1626028808,1610230986,Q,,,TYP3E,LOEC Sub-Lethal Reproduction Static Renewal 7 Day Chronic Americamysis bahia (Mysidopsis bahia),23,%,12/31/2005,3,,,,09/27/2006,,,1601848637,,C2,MJ,,MO AV MN
1301,台灣塑膠工業股份有限公司,Formosa Plastics Corporation,FPC,塑膠工業,,"Formosa Plastics Corporation, U.S.A.",211--美國,,FORMOSA POINT COMFORT PLANT,201 FORMOSA DRIVE,POINT COMFORT,TX,77978,28.6825,-96.545278,1600028209,TX0085570,ECHO覆蓋率稽核,100,"Formosa Plastics Corporation, U.S.A.",台塑集團關係企業 FPC USA 德州 Point Comfort 主廠,郭文筆,1954/11/05,1964/07/27,63657407810,http://www.fpc.com.tw,高雄市仁武區水管路100號,https://www.fpcusa.com/content/uploads/2021/04/formosa-logo-stacked.png,1606963684,,D80,"DMR, Monitor Only - Overdue",,,,,,,,,,,E,Effluent Violations,,,,,,,,,2,1600141664,TX1,1600141664,Q,1,1651154802,13,1626028892,1610230960,,,,TOP6B,NOEC Lethal Static Renewal 7 Day Chronic Menidia menidia,23,%,06/30/2006,3,,,,09/27/2006,69,,1601848630,13,C1,7D,,7 DA MIN
1301,台灣塑膠工業股份有限公司,Formosa Plastics Corporation,FPC,塑膠工業,,"Formosa Plastics Corporation, U.S.A.",211--美國,,FORMOSA POINT COMFORT PLANT,201 FORMOSA DRIVE,POINT COMFORT,TX,77978,28.6825,-96.545278,1600028209,TX0085570,ECHO覆蓋率稽核,100,"Formosa Plastics Corporation, U.S.A.",台塑集團關係企業 FPC USA 德州 Point Comfort 主廠,郭文筆,1954/11/05,1964/07/27,63657407810,http://www.fpc.com.tw,高雄市仁武區水管路100號,https://www.fpcusa.com/content/uploads/2021/04/formosa-logo-stacked.png,1606963082,,D90,"DMR, Limited - Overdue",,,,,N,Non-Receipt of DMR/Schedule Report,04/19/2006,2,RE - Back into Compliance,04/24/2006,E,Effluent Violations,,,,,,,,,2,1600141664,101,1600141664,Q,J,1651142860,0,1626020965,1610228572,,,.2951,34376,Fluoranthene,01,kg/d,02/28/2006,3,,,,04/24/2006,35,,1601848529,0,Q1,DB,A,DAILY AV
1301,台灣塑膠工業股份有限公司,Formosa Plastics Corporation,FPC,塑膠工業,,"Formosa Plastics Corporation, U.S.A.",211--美國,,FORMOSA POINT COMFORT PLANT,201 FORMOSA DRIVE,POINT COMFORT,TX,77978,28.6825,-96.545278,1600028209,TX0085570,ECHO覆蓋率稽核,100,"Formosa Plastics Corporation, U.S.A.",台塑集團關係企業 FPC USA 德州 Point Comfort 主廠,郭文筆,1954/11/05,1964/07/27,63657407810,http://www.fpc.com.tw,高雄市仁武區水管路100號,https://www.fpcusa.com/content/uploads/2021/04/formosa-logo-stacked.png,1606963486,,D80,"DMR, Monitor Only - Overdue",,,,,K,"Non-receipt Violation, Non-Monthly Average",09/19/2001,2,RE - Back into Compliance,11/02/2001,E,Effluent Violations,,,,,,,,,1,1600141665,201,1600141665,A,J,1651153489,0,1626024004,1610230697,,,,01051,"Lead, total [as Pb]",19,mg/L,07/31/2001,1,,,,11/02/2001,74,,1601848622,0,C3,DD,N,DAILY MX
1301,台灣塑膠工業股份有限公司,Formosa Plastics Corporation,FPC,塑膠工業,,"Formosa Plastics Corporation, U.S.A.",211--美國,,FORMOSA POINT COMFORT PLANT,201 FORMOSA DRIVE,POINT COMFORT,TX,77978,28.6825,-96.545278,1600028209,TX0085570,ECHO覆蓋率稽核,100,"Formosa Plastics Corporation, U.S.A.",台塑集團關係企業 FPC USA 德州 Point Comfort 主廠,郭文筆,1954/11/05,1964/07/27,63657407810,http://www.fpc.com.tw,高雄市仁武區水管路100號,https://www.fpcusa.com/content/uploads/2021/04/formosa-logo-stacked.png,1606962843,,D90,"DMR, Limited - Overdue",,,,,K,"Non-receipt Violation, Non-Monthly Average",09/19/2001,2,RE - Back into Compliance,11/02/2001,E,Effluent Violations,,,,,,,,,1,1600141665,101,1600141665,A,J,1651139566,0,1626008926,1610227913,,,2.25184,34418,Methyl chloride [Chloromethane],01,kg/d,07/31/2001,1,,,,11/02/2001,74,,1601848507,0,Q2,DD,N,DAILY MX
1301,台灣塑膠工業股份有限公司,Formosa Plastics Corporation,FPC,塑膠工業,,"Formosa Plastics Corporation, U.S.A.",211--美國,,FORMOSA POINT COMFORT PLANT,201 FORMOSA DRIVE,POINT COMFORT,TX,77978,28.6825,-96.545278,1600028209,TX0085570,ECHO覆蓋率稽核,100,"Formosa Plastics Corporation, U.S.A.",台塑集團關係企業 FPC USA 德州 Point Comfort 主廠,郭文筆,1954/11/05,1964/07/27,63657407810,http://www.fpc.com.tw,高雄市仁武區水管路100號,https://www.fpcusa.com/content/uploads/2021/04/formosa-logo-stacked.png,1606962776,,D90,"DMR, Limited - Overdue",,,,,K,"Non-receipt Violation, Non-Monthly Average",10/20/2001,2,RE - Back into Compliance,11/20/2001,E,Effluent Violations,,,,,,,,,1,1600141665,012,1600141665,A,1,1651131264,,1626007404,1610226252,C,,9,00400,pH,12,SU,08/31/2001,1,,,,11/20/2001,,,1601848478,,C3,MB,N,MAXIMUM
1301,台灣塑膠工業股份有限公司,Formosa Plastics Corporation,FPC,塑膠工業,,"Formosa Plastics Corporation, U.S.A.",211--美國,,FORMOSA POINT COMFORT PLANT,201 FORMOSA DRIVE,POINT COMFORT,TX,77978,28.6825,-96.545278,1600028209,TX0085570,ECHO覆蓋率稽核,100,"Formosa Plastics Corporation, U.S.A.",台塑集團關係企業 FPC USA 德州 Point Comfort 主廠,郭文筆,1954/11/05,1964/07/27,63657407810,http://www.fpc.com.tw,高雄市仁武區水管路100號,https://www.fpcusa.com/content/uploads/2021/04/formosa-logo-stacked.png,3642170873,,E90,"DMR, Limited - Numeric Violation",,,,,,,,,,,E,Effluent Violations,,,,,,,,,0,3600742495,001,3600742495,A,1,3650127539,1.39,3693360395,3650440195,,,.62197999,01042,"Copper, total [as Cu]",01,kg/d,06/30/2019,1,1,=,26,07/19/2019,,,3601385607,.63105999,Q1,DB,A,DAILY AV
1301,台灣塑膠工業股份有限公司,Formosa Plastics Corporation,FPC,塑膠工業,,"Formosa Plastics Corporation, U.S.A.",211--美國,,FORMOSA POINT COMFORT PLANT,201 FORMOSA DRIVE,POINT COMFORT,TX,77978,28.6825,-96.545278,1600028209,TX0085570,ECHO覆蓋率稽核,100,"Formosa Plastics Corporation, U.S.A.",台塑集團關係企業 FPC USA 德州 Point Comfort 主廠,郭文筆,1954/11/05,1964/07/27,63657407810,http://www.fpc.com.tw,高雄市仁武區水管路100號,https://www.fpcusa.com/content/uploads/2021/04/formosa-logo-stacked.png,1606963068,,D90,"DMR, Limited - Overdue",,,,,K,"Non-receipt Violation, Non-Monthly Average",04/19/2006,2,RE - Back into Compliance,04/24/2006,E,Effluent Violations,,,,,,,,,2,1600141664,101,1600141664,Q,J,1651142576,0,1626020951,1610228515,,,2.4062,34336,Diethyl phthalate,01,kg/d,02/28/2006,3,,,,04/24/2006,35,,1601848526,0,Q2,DD,N,DAILY MX
1301,台灣塑膠工業股份有限公司,Formosa Plastics Corporation,FPC,塑膠工業,,"Formosa Plastics Corporation, U.S.A.",211--美國,,FORMOSA POINT COMFORT PLANT,201 FORMOSA DRIVE,POINT COMFORT,TX,77978,28.6825,-96.545278,1600028209,TX0085570,ECHO覆蓋率稽核,100,"Formosa Plastics Corporation, U.S.A.",台塑集團關係企業 FPC USA 德州 Point Comfort 主廠,郭文筆,1954/11/05,1964/07/27,63657407810,http://www.fpc.com.tw,高雄市仁武區水管路100號,https://www.fpcusa.com/content/uploads/2021/04/formosa-logo-stacked.png,3638782469,,D90,"DMR, Limited - Overdue",,,,,N,Non-Receipt of DMR/Schedule Report,10/21/2018,2,RE - Back into Compliance,01/16/2019,E,Effluent Violations,,,,,,,,,0,3600742495,001,3600742495,A,1,3650126792,387,3675086783,3640351280,,,500.308,80082,"BOD, carbonaceous [5 day, 20 C]",01,kg/d,08/31/2018,1,,=,26,01/16/2019,118,,3601385598,175.69799852,Q1,DB,A,DAILY AV
1301,台灣塑膠工業股份有限公司,Formosa Plastics Corporation,FPC,塑膠工業,,"Formosa Plastics Corporation, U.S.A.",211--美國,,FORMOSA POINT COMFORT PLANT,201 FORMOSA DRIVE,POINT COMFORT,TX,77978,28.6825,-96.545278,1600028209,TX0085570,ECHO覆蓋率稽核,100,"Formosa Plastics Corporation, U.S.A.",台塑集團關係企業 FPC USA 德州 Point Comfort 主廠,郭文筆,1954/11/05,1964/07/27,63657407810,http://www.fpc.com.tw,高雄市仁武區水管路100號,https://www.fpcusa.com/content/uploads/2021/04/formosa-logo-stacked.png,1606963237,,D90,"DMR, Limited - Overdue",,,,,N,Non-Receipt of DMR/Schedule Report,07/20/2006,2,RE - Back into Compliance,09/27/2006,E,Effluent Violations,,,,,,,,,2,1600141664,101,1600141664,Q,J,1651141915,0,1626021120,1610228383,,,.25878,34205,Acenaphthene,01,kg/d,05/31/2006,3,,,,09/27/2006,99,,1601848518,0,Q1,DB,A,DAILY AV
1301,台灣塑膠工業股份有限公司,Formosa Plastics Corporation,FPC,塑膠工業,,"Formosa Plastics Corporation, U.S.A.",211--美國,,FORMOSA POINT COMFORT PLANT,201 FORMOSA DRIVE,POINT COMFORT,TX,77978,28.6825,-96.545278,1600028209,TX0085570,ECHO覆蓋率稽核,100,"Formosa Plastics Corporation, U.S.A.",台塑集團關係企業 FPC USA 德州 Point Comfort 主廠,郭文筆,1954/11/05,1964/07/27,63657407810,http://www.fpc.com.tw,高雄市仁武區水管路100號,https://www.fpcusa.com/content/uploads/2021/04/formosa-logo-stacked.png,1606963645,,D80,"DMR, Monitor Only - Overdue",,,,,,,,,,,E,Effluent Violations,,,,,,,,,2,1600141664,TX1,1600141664,Q,1,1651154878,0,1626028853,1610230975,,,,TWP6B,Pass/Fail Sub-Lethal Static Renewal 7 Day Chronic Menidia menidia,9A,pass=0;fail=1,03/31/2006,3,,,,09/27/2006,99,,1601848634,0,C2,MJ,,MO AV MN
1301,台灣塑膠工業股份有限公司,Formosa Plastics Corporation,FPC,塑膠工業,,"Formosa Plastics Corporation, U.S.A.",211--美國,,FORMOSA POINT COMFORT PLANT,201 FORMOSA DRIVE,POINT COMFORT,TX,77978,28.6825,-96.545278,1600028209,TX0085570,ECHO覆蓋率稽核,100,"Formosa Plastics Corporation, U.S.A.",台塑集團關係企業 FPC USA 德州 Point Comfort 主廠,郭文筆,1954/11/05,1964/07/27,63657407810,http://www.fpc.com.tw,高雄市仁武區水管路100號,https://www.fpcusa.com/content/uploads/2021/04/formosa-logo-stacked.png,3000556137,,D90,"DMR, Limited - Overdue",,,,,K,"Non-receipt Violation, Non-Monthly Average",06/20/2012,2,RE - Back into Compliance,07/13/2012,E,Effluent Violations,,,,,,,,,2,1600141664,011,1600141664,A,1,2201926536,,3003446515,3001863649,C,,9,00400,pH,12,SU,04/30/2012,1,,,,07/13/2012,54,,1601848469,,C3,MB,N,MAXIMUM
1301,台灣塑膠工業股份有限公司,Formosa Plastics Corporation,FPC,塑膠工業,,"Formosa Plastics Corporation, U.S.A.",211--美國,,FORMOSA POINT COMFORT PLANT,201 FORMOSA DRIVE,POINT COMFORT,TX,77978,28.6825,-96.545278,1600028209,TX0085570,ECHO覆蓋率稽核,100,"Formosa Plastics Corporation, U.S.A.",台塑集團關係企業 FPC USA 德州 Point Comfort 主廠,郭文筆,1954/11/05,1964/07/27,63657407810,http://www.fpc.com.tw,高雄市仁武區水管路100號,https://www.fpcusa.com/content/uploads/2021/04/formosa-logo-stacked.png,1606963278,,D90,"DMR, Limited - Overdue",,,,,K,"Non-receipt Violation, Non-Monthly Average",07/20/2006,2,RE - Back into Compliance,09/27/2006,E,Effluent Violations,,,,,,,,,2,1600141664,101,1600141664,Q,J,1651142581,0,1626021161,1610228516,,,2.4062,34336,Diethyl phthalate,01,kg/d,05/31/2006,3,,,,09/27/2006,99,,1601848526,0,Q2,DD,N,DAILY MX
1301,台灣塑膠工業股份有限公司,Formosa Plastics Corporation,FPC,塑膠工業,,"Formosa Plastics Corporation, U.S.A.",211--美國,,FORMOSA POINT COMFORT PLANT,201 FORMOSA DRIVE,POINT COMFORT,TX,77978,28.6825,-96.545278,1600028209,TX0085570,ECHO覆蓋率稽核,100,"Formosa Plastics Corporation, U.S.A.",台塑集團關係企業 FPC USA 德州 Point Comfort 主廠,郭文筆,1954/11/05,1964/07/27,63657407810,http://www.fpc.com.tw,高雄市仁武區水管路100號,https://www.fpcusa.com/content/uploads/2021/04/formosa-logo-stacked.png,1606962943,,D90,"DMR, Limited - Overdue",,,,,K,"Non-receipt Violation, Non-Monthly Average",02/19/2002,2,RE - Back into Compliance,06/10/2002,E,Effluent Violations,,,,,,,,,1,1600141665,101,1600141665,A,J,1651141591,0,1626009421,1610228318,,,.309524,82582,"pH range excursions, monthly total accum",5A,d,12/31/2001,1,,,,06/10/2002,99,,1601848516,0,Q2,MP,N,MO TOTAL
1301,台灣塑膠工業股份有限公司,Formosa Plastics Corporation,FPC,塑膠工業,,"Formosa Plastics Corporation, U.S.A.",211--美國,,FORMOSA POINT COMFORT PLANT,201 FORMOSA DRIVE,POINT COMFORT,TX,77978,28.6825,-96.545278,1600028209,TX0085570,ECHO覆蓋率稽核,100,"Formosa Plastics Corporation, U.S.A.",台塑集團關係企業 FPC USA 德州 Point Comfort 主廠,郭文筆,1954/11/05,1964/07/27,63657407810,http://www.fpc.com.tw,高雄市仁武區水管路100號,https://www.fpcusa.com/content/uploads/2021/04/formosa-logo-stacked.png,1606963669,,D80,"DMR, Monitor Only - Overdue",,,,,,,,,,,E,Effluent Violations,,,,,,,,,2,1600141664,TX1,1600141664,Q,1,1651154742,0,1626028877,1610230948,,,,TLP3E,Low Flow Pass/Fail Survival Test Static Renewal 7 Day Chronic Americamysis bahia (Mysidopsis bahia),9A,pass=0;fail=1,06/30/2006,3,,,,09/27/2006,69,,1601848627,0,C1,7D,,7 DA MIN
1301,台灣塑膠工業股份有限公司,Formosa Plastics Corporation,FPC,塑膠工業,,"Formosa Plastics Corporation, U.S.A.",211--美國,,FORMOSA POINT COMFORT PLANT,201 FORMOSA DRIVE,POINT COMFORT,TX,77978,28.6825,-96.545278,1600028209,TX0085570,ECHO覆蓋率稽核,100,"Formosa Plastics Corporation, U.S.A.",台塑集團關係企業 FPC USA 德州 Point Comfort 主廠,郭文筆,1954/11/05,1964/07/27,63657407810,http://www.fpc.com.tw,高雄市仁武區水管路100號,https://www.fpcusa.com/content/uploads/2021/04/formosa-logo-stacked.png,1606962696,,E90,"DMR, Limited - Numeric Violation",,,,,,,,,,,E,Effluent Violations,,,,,,,,,2,1600141664,001,1600141664,Q,1,1651109534,66.9,1625989304,1610221906,,,.0000000202,34675,"2,3,7,8-Tetrachlorodibenzo-p-dioxin",19,mg/L,05/31/2008,3,231,,2S,06/20/2008,,,1601848397,.0000000669,C3,DD,N,DAILY MX
1301,台灣塑膠工業股份有限公司,Formosa Plastics Corporation,FPC,塑膠工業,,"Formosa Plastics Corporation, U.S.A.",211--美國,,FORMOSA POINT COMFORT PLANT,201 FORMOSA DRIVE,POINT COMFORT,TX,77978,28.6825,-96.545278,1600028209,TX0085570,ECHO覆蓋率稽核,100,"Formosa Plastics Corporation, U.S.A.",台塑集團關係企業 FPC USA 德州 Point Comfort 主廠,郭文筆,1954/11/05,1964/07/27,63657407810,http://www.fpc.com.tw,高雄市仁武區水管路100號,https://www.fpcusa.com/content/uploads/2021/04/formosa-logo-stacked.png,1606962578,,D90,"DMR, Limited - Overdue",,,,,K,"Non-receipt Violation, Non-Monthly Average",01/19/2002,2,RE - Back into Compliance,06/10/2002,E,Effluent Violations,,,,,,,,,1,1600141665,001,1600141665,A,1,1651109006,0,1625978036,1610221801,,,0,82581,"pH range excursions, > 60 minutes",88,occur/d,11/30/2001,1,,,,06/10/2002,99,,1601848395,0,Q2,MP,N,MO TOTAL
1301,台灣塑膠工業股份有限公司,Formosa Plastics Corporation,FPC,塑膠工業,,"Formosa Plastics Corporation, U.S.A.",211--美國,,FORMOSA POINT COMFORT PLANT,201 FORMOSA DRIVE,POINT COMFORT,TX,77978,28.6825,-96.545278,1600028209,TX0085570,ECHO覆蓋率稽核,100,"Formosa Plastics Corporation, U.S.A.",台塑集團關係企業 FPC USA 德州 Point Comfort 主廠,郭文筆,1954/11/05,1964/07/27,63657407810,http://www.fpc.com.tw,高雄市仁武區水管路100號,https://www.fpcusa.com/content/uploads/2021/04/formosa-logo-stacked.png,1606963502,,D90,"DMR, Limited - Overdue",,,,,N,Non-Receipt of DMR/Schedule Report,09/19/2001,2,RE - Back into Compliance,11/02/2001,E,Effluent Violations,,,,,,,,,1,1600141665,201,1600141665,A,J,1651154485,.5,1626024020,1610230897,,,12.2126,50060,"Chlorine, total residual",01,kg/d,07/31/2001,1,,,,11/02/2001,74,,1601848626,.227,Q1,DB,A,DAILY AV
1301,台灣塑膠工業股份有限公司,Formosa Plastics Corporation,FPC,塑膠工業,,"Formosa Plastics Corporation, U.S.A.",211--美國,,FORMOSA POINT COMFORT PLANT,201 FORMOSA DRIVE,POINT COMFORT,TX,77978,28.6825,-96.545278,1600028209,TX0085570,ECHO覆蓋率稽核,100,"Formosa Plastics Corporation, U.S.A.",台塑集團關係企業 FPC USA 德州 Point Comfort 主廠,郭文筆,1954/11/05,1964/07/27,63657407810,http://www.fpc.com.tw,高雄市仁武區水管路100號,https://www.fpcusa.com/content/uploads/2021/04/formosa-logo-stacked.png,1606963605,,D80,"DMR, Monitor Only - Overdue",,,,,,,,,,,E,Effluent Violations,,,,,,,,,2,1600141664,TX1,1600141664,Q,1,1651154953,,1626028813,1610230990,Q,,,TYP6B,LOEC Sub-Lethal Reproduction Static Renewal 7 Day Chronic Menidia menidia,23,%,12/31/2005,3,,,,09/27/2006,,,1601848638,,C2,MJ,,MO AV MN
1301,台灣塑膠工業股份有限公司,Formosa Plastics Corporation,FPC,塑膠工業,,"Formosa Plastics Corporation, U.S.A.",211--美國,,FORMOSA POINT COMFORT PLANT,201 FORMOSA DRIVE,POINT COMFORT,TX,77978,28.6825,-96.545278,1600028209,TX0085570,ECHO覆蓋率稽核,100,"Formosa Plastics Corporation, U.S.A.",台塑集團關係企業 FPC USA 德州 Point Comfort 主廠,郭文筆,1954/11/05,1964/07/27,63657407810,http://www.fpc.com.tw,高雄市仁武區水管路100號,https://www.fpcusa.com/content/uploads/2021/04/formosa-logo-stacked.png,1606962518,,D90,"DMR, Limited - Overdue",,,,,K,"Non-receipt Violation, Non-Monthly Average",09/19/2001,2,RE - Back into Compliance,11/02/2001,E,Effluent Violations,,,,,,,,,1,1600141665,001,1600141665,A,1,1651108736,218,1625977531,1610221747,,,1238.058,80082,"BOD, carbonaceous [5 day, 20 C]",01,kg/d,07/31/2001,1,,,,11/02/2001,74,,1601848394,98.972,Q2,DD,N,DAILY MX
1301,台灣塑膠工業股份有限公司,Formosa Plastics Corporation,FPC,塑膠工業,,"Formosa Plastics Corporation, U.S.A.",211--美國,,FORMOSA POINT COMFORT PLANT,201 FORMOSA DRIVE,POINT COMFORT,TX,77978,28.6825,-96.545278,1600028209,TX0085570,ECHO覆蓋率稽核,100,"Formosa Plastics Corporation, U.S.A.",台塑集團關係企業 FPC USA 德州 Point Comfort 主廠,郭文筆,1954/11/05,1964/07/27,63657407810,http://www.fpc.com.tw,高雄市仁武區水管路100號,https://www.fpcusa.com/content/uploads/2021/04/formosa-logo-stacked.png,1606963027,,D90,"DMR, Limited - Overdue",,,,,N,Non-Receipt of DMR/Schedule Report,04/19/2006,2,RE - Back into Compliance,04/24/2006,E,Effluent Violations,,,,,,,,,2,1600141664,101,1600141664,Q,J,1651141910,0,1626020910,1610228382,,,.25878,34205,Acenaphthene,01,kg/d,02/28/2006,3,,,,04/24/2006,35,,1601848518,0,Q1,DB,A,DAILY AV
1301,台灣塑膠工業股份有限公司,Formosa Plastics Corporation,FPC,塑膠工業,,"Formosa Plastics Corporation, U.S.A.",211--美國,,FORMOSA POINT COMFORT PLANT,201 FORMOSA DRIVE,POINT COMFORT,TX,77978,28.6825,-96.545278,1600028209,TX0085570,ECHO覆蓋率稽核,100,"Formosa Plastics Corporation, U.S.A.",台塑集團關係企業 FPC USA 德州 Point Comfort 主廠,郭文筆,1954/11/05,1964/07/27,63657407810,http://www.fpc.com.tw,高雄市仁武區水管路100號,https://www.fpcusa.com/content/uploads/2021/04/formosa-logo-stacked.png,1606962968,,D90,"DMR, Limited - Overdue",,,,,K,"Non-receipt Violation, Non-Monthly Average",05/20/2002,2,RE - Back into Compliance,06/10/2002,E,Effluent Violations,,,,,,,,,1,1600141665,101,1600141665,A,J,1651141356,0,1626009686,1610228271,,,0,82581,"pH range excursions, > 60 minutes",88,occur/d,03/31/2002,1,,,,06/10/2002,51,,1601848515,0,Q2,MP,N,MO TOTAL
1301,台灣塑膠工業股份有限公司,Formosa Plastics Corporation,FPC,塑膠工業,,"Formosa Plastics Corporation, U.S.A.",211--美國,,FORMOSA POINT COMFORT PLANT,201 FORMOSA DRIVE,POINT COMFORT,TX,77978,28.6825,-96.545278,1600028209,TX0085570,ECHO覆蓋率稽核,100,"Formosa Plastics Corporation, U.S.A.",台塑集團關係企業 FPC USA 德州 Point Comfort 主廠,郭文筆,1954/11/05,1964/07/27,63657407810,http://www.fpc.com.tw,高雄市仁武區水管路100號,https://www.fpcusa.com/content/uploads/2021/04/formosa-logo-stacked.png,1606963122,,D90,"DMR, Limited - Overdue",,,,,N,Non-Receipt of DMR/Schedule Report,04/19/2006,2,RE - Back into Compliance,04/24/2006,E,Effluent Violations,,,,,,,,,2,1600141664,101,1600141664,Q,J,1651143620,0,1626021005,1610228724,,,.2497,34511,"1,1,2-Trichloroethane",01,kg/d,02/28/2006,3,,,,04/24/2006,35,,1601848537,0,Q1,DB,A,DAILY AV
1301,台灣塑膠工業股份有限公司,Formosa Plastics Corporation,FPC,塑膠工業,,"Formosa Plastics Corporation, U.S.A.",211--美國,,FORMOSA POINT COMFORT PLANT,201 FORMOSA DRIVE,POINT COMFORT,TX,77978,28.6825,-96.545278,1600028209,TX0085570,ECHO覆蓋率稽核,100,"Formosa Plastics Corporation, U.S.A.",台塑集團關係企業 FPC USA 德州 Point Comfort 主廠,郭文筆,1954/11/05,1964/07/27,63657407810,http://www.fpc.com.tw,高雄市仁武區水管路100號,https://www.fpcusa.com/content/uploads/2021/04/formosa-logo-stacked.png,1606963555,,D80,"DMR, Monitor Only - Overdue",,,,,,,,,,,E,Effluent Violations,,,,,,,,,2,1600141664,TX1,1600141664,Q,1,1651154753,0,1626028763,1610230950,,,,TLP6B,Low Flow Pass/Fail Survival Test Static Renewal 7 Day Chronic Menidia menidia,9A,pass=0;fail=1,12/31/2005,3,,,,09/27/2006,99,,1601848628,0,C2,MJ,,MO AV MN
1301,台灣塑膠工業股份有限公司,Formosa Plastics Corporation,FPC,塑膠工業,,"Formosa Plastics Corporation, U.S.A.",211--美國,,FORMOSA POINT COMFORT PLANT,201 FORMOSA DRIVE,POINT COMFORT,TX,77978,28.6825,-96.545278,1600028209,TX0085570,ECHO覆蓋率稽核,100,"Formosa Plastics Corporation, U.S.A.",台塑集團關係企業 FPC USA 德州 Point Comfort 主廠,郭文筆,1954/11/05,1964/07/27,63657407810,http://www.fpc.com.tw,高雄市仁武區水管路100號,https://www.fpcusa.com/content/uploads/2021/04/formosa-logo-stacked.png,1606963283,,D90,"DMR, Limited - Overdue",,,,,K,"Non-receipt Violation, Non-Monthly Average",07/20/2006,2,RE - Back into Compliance,09/27/2006,E,Effluent Violations,,,,,,,,,2,1600141664,101,1600141664,Q,J,1651142676,0,1626021166,1610228535,,,.55842,34341,Dimethyl phthalate,01,kg/d,05/31/2006,3,,,,09/27/2006,99,,1601848527,0,Q2,DD,N,DAILY MX
1301,台灣塑膠工業股份有限公司,Formosa Plastics Corporation,FPC,塑膠工業,,"Formosa Plastics Corporation, U.S.A.",211--美國,,FORMOSA POINT COMFORT PLANT,201 FORMOSA DRIVE,POINT COMFORT,TX,77978,28.6825,-96.545278,1600028209,TX0085570,ECHO覆蓋率稽核,100,"Formosa Plastics Corporation, U.S.A.",台塑集團關係企業 FPC USA 德州 Point Comfort 主廠,郭文筆,1954/11/05,1964/07/27,63657407810,http://www.fpc.com.tw,高雄市仁武區水管路100號,https://www.fpcusa.com/content/uploads/2021/04/formosa-logo-stacked.png,1606963043,,D90,"DMR, Limited - Overdue",,,,,K,"Non-receipt Violation, Non-Monthly Average",04/19/2006,2,RE - Back into Compliance,04/24/2006,E,Effluent Violations,,,,,,,,,2,1600141664,101,1600141664,Q,J,1651142196,0,1626020926,1610228439,,,.72186,34230,Benzo[b]fluoranthene,01,kg/d,02/28/2006,3,,,,04/24/2006,35,,1601848521,0,Q2,DD,N,DAILY MX
1301,台灣塑膠工業股份有限公司,Formosa Plastics Corporation,FPC,塑膠工業,,"Formosa Plastics Corporation, U.S.A.",211--美國,,FORMOSA POINT COMFORT PLANT,201 FORMOSA DRIVE,POINT COMFORT,TX,77978,28.6825,-96.545278,1600028209,TX0085570,ECHO覆蓋率稽核,100,"Formosa Plastics Corporation, U.S.A.",台塑集團關係企業 FPC USA 德州 Point Comfort 主廠,郭文筆,1954/11/05,1964/07/27,63657407810,http://www.fpc.com.tw,高雄市仁武區水管路100號,https://www.fpcusa.com/content/uploads/2021/04/formosa-logo-stacked.png,1606963477,,D80,"DMR, Monitor Only - Overdue",,,,,N,Non-Receipt of DMR/Schedule Report,09/19/2001,2,RE - Back into Compliance,11/02/2001,E,Effluent Violations,,,,,,,,,1,1600141665,201,1600141665,A,J,1651153235,.38,1626023995,1610230647,,,,01042,"Copper, total [as Cu]",01,kg/d,07/31/2001,1,,,,11/02/2001,74,,1601848621,.17252,Q1,DB,A,DAILY AV
1301,台灣塑膠工業股份有限公司,Formosa Plastics Corporation,FPC,塑膠工業,,"Formosa Plastics Corporation, U.S.A.",211--美國,,FORMOSA POINT COMFORT PLANT,201 FORMOSA DRIVE,POINT COMFORT,TX,77978,28.6825,-96.545278,1600028209,TX0085570,ECHO覆蓋率稽核,100,"Formosa Plastics Corporation, U.S.A.",台塑集團關係企業 FPC USA 德州 Point Comfort 主廠,郭文筆,1954/11/05,1964/07/27,63657407810,http://www.fpc.com.tw,高雄市仁武區水管路100號,https://www.fpcusa.com/content/uploads/2021/04/formosa-logo-stacked.png,1800741398,,D80,"DMR, Monitor Only - Overdue",,,,,K,"Non-receipt Violation, Non-Monthly Average",10/21/2009,2,RE - Back into Compliance,01/18/2010,E,Effluent Violations,,,,,,,,,2,1600141664,101,1600141664,A,J,1651134304,0,1801561980,1800881699,,,,34030,Benzene,19,mg/L,08/31/2009,1,,=,19,01/18/2010,120,,1601848487,0,C3,DD,N,DAILY MX
1301,台灣塑膠工業股份有限公司,Formosa Plastics Corporation,FPC,塑膠工業,,"Formosa Plastics Corporation, U.S.A.",211--美國,,FORMOSA POINT COMFORT PLANT,201 FORMOSA DRIVE,POINT COMFORT,TX,77978,28.6825,-96.545278,1600028209,TX0085570,ECHO覆蓋率稽核,100,"Formosa Plastics Corporation, U.S.A.",台塑集團關係企業 FPC USA 德州 Point Comfort 主廠,郭文筆,1954/11/05,1964/07/27,63657407810,http://www.fpc.com.tw,高雄市仁武區水管路100號,https://www.fpcusa.com/content/uploads/2021/04/formosa-logo-stacked.png,1801831692,,E90,"DMR, Limited - Numeric Violation",,,,,,,,,,,E,Effluent Violations,,,,,,,,,2,1600141664,101,1600141664,A,J,1651133746,6.18,1805134947,1802912032,,,2.50154,32103,"1,2-Dichloroethane",01,kg/d,03/31/2010,1,12,=,26,04/14/2010,,,1601848494,2.80571998,Q2,DD,N,DAILY MX
1301,台灣塑膠工業股份有限公司,Formosa Plastics Corporation,FPC,塑膠工業,,"Formosa Plastics Corporation, U.S.A.",211--美國,,FORMOSA POINT COMFORT PLANT,201 FORMOSA DRIVE,POINT COMFORT,TX,77978,28.6825,-96.545278,1600028209,TX0085570,ECHO覆蓋率稽核,100,"Formosa Plastics Corporation, U.S.A.",台塑集團關係企業 FPC USA 德州 Point Comfort 主廠,郭文筆,1954/11/05,1964/07/27,63657407810,http://www.fpc.com.tw,高雄市仁武區水管路100號,https://www.fpcusa.com/content/uploads/2021/04/formosa-logo-stacked.png,1606963333,,D90,"DMR, Limited - Overdue",,,,,K,"Non-receipt Violation, Non-Monthly Average",07/20/2006,2,RE - Back into Compliance,09/27/2006,E,Effluent Violations,,,,,,,,,2,1600141664,101,1600141664,Q,J,1651143626,0,1626021216,1610228725,,,.64014,34511,"1,1,2-Trichloroethane",01,kg/d,05/31/2006,3,,,,09/27/2006,99,,1601848537,0,Q2,DD,N,DAILY MX
1301,台灣塑膠工業股份有限公司,Formosa Plastics Corporation,FPC,塑膠工業,,"Formosa Plastics Corporation, U.S.A.",211--美國,,FORMOSA POINT COMFORT PLANT,201 FORMOSA DRIVE,POINT COMFORT,TX,77978,28.6825,-96.545278,1600028209,TX0085570,ECHO覆蓋率稽核,100,"Formosa Plastics Corporation, U.S.A.",台塑集團關係企業 FPC USA 德州 Point Comfort 主廠,郭文筆,1954/11/05,1964/07/27,63657407810,http://www.fpc.com.tw,高雄市仁武區水管路100號,https://www.fpcusa.com/content/uploads/2021/04/formosa-logo-stacked.png,1606963263,,D90,"DMR, Limited - Overdue",,,,,K,"Non-receipt Violation, Non-Monthly Average",07/20/2006,2,RE - Back into Compliance,09/27/2006,E,Effluent Violations,,,,,,,,,2,1600141664,101,1600141664,Q,J,1651142391,0,1626021146,1610228478,,,.72186,34247,Benzo[a]pyrene,01,kg/d,05/31/2006,3,,,,09/27/2006,99,,1601848523,0,Q2,DD,N,DAILY MX
1301,台灣塑膠工業股份有限公司,Formosa Plastics Corporation,FPC,塑膠工業,,"Formosa Plastics Corporation, U.S.A.",211--美國,,FORMOSA POINT COMFORT PLANT,201 FORMOSA DRIVE,POINT COMFORT,TX,77978,28.6825,-96.545278,1600028209,TX0085570,ECHO覆蓋率稽核,100,"Formosa Plastics Corporation, U.S.A.",台塑集團關係企業 FPC USA 德州 Point Comfort 主廠,郭文筆,1954/11/05,1964/07/27,63657407810,http://www.fpc.com.tw,高雄市仁武區水管路100號,https://www.fpcusa.com/content/uploads/2021/04/formosa-logo-stacked.png,1606963142,,D90,"DMR, Limited - Overdue",,,,,N,Non-Receipt of DMR/Schedule Report,04/19/2006,2,RE - Back into Compliance,04/24/2006,E,Effluent Violations,,,,,,,,,2,1600141664,101,1600141664,Q,J,1651144000,0,1626021025,1610228800,,,.2497,34546,"trans-1,2-Dichloroethylene",01,kg/d,02/28/2006,3,,,,04/24/2006,35,,1601848541,0,Q1,DB,A,DAILY AV
1301,台灣塑膠工業股份有限公司,Formosa Plastics Corporation,FPC,塑膠工業,,"Formosa Plastics Corporation, U.S.A.",211--美國,,FORMOSA POINT COMFORT PLANT,201 FORMOSA DRIVE,POINT COMFORT,TX,77978,28.6825,-96.545278,1600028209,TX0085570,ECHO覆蓋率稽核,100,"Formosa Plastics Corporation, U.S.A.",台塑集團關係企業 FPC USA 德州 Point Comfort 主廠,郭文筆,1954/11/05,1964/07/27,63657407810,http://www.fpc.com.tw,高雄市仁武區水管路100號,https://www.fpcusa.com/content/uploads/2021/04/formosa-logo-stacked.png,1606963604,,D80,"DMR, Monitor Only - Overdue",,,,,,,,,,,E,Effluent Violations,,,,,,,,,2,1600141664,TX1,1600141664,Q,1,1651154952,,1626028812,1610230990,Q,,,TYP6B,LOEC Sub-Lethal Reproduction Static Renewal 7 Day Chronic Menidia menidia,23,%,12/31/2005,3,,,,09/27/2006,,,1601848638,,C1,7D,,7 DA MIN
1301,台灣塑膠工業股份有限公司,Formosa Plastics Corporation,FPC,塑膠工業,,"Formosa Plastics Corporation, U.S.A.",211--美國,,FORMOSA POINT COMFORT PLANT,201 FORMOSA DRIVE,POINT COMFORT,TX,77978,28.6825,-96.545278,1600028209,TX0085570,ECHO覆蓋率稽核,100,"Formosa Plastics Corporation, U.S.A.",台塑集團關係企業 FPC USA 德州 Point Comfort 主廠,郭文筆,1954/11/05,1964/07/27,63657407810,http://www.fpc.com.tw,高雄市仁武區水管路100號,https://www.fpcusa.com/content/uploads/2021/04/formosa-logo-stacked.png,1606963233,,D90,"DMR, Limited - Overdue",,,,,K,"Non-receipt Violation, Non-Monthly Average",07/20/2006,2,RE - Back into Compliance,09/27/2006,E,Effluent Violations,,,,,,,,,2,1600141664,101,1600141664,Q,J,1651141821,0,1626021116,1610228364,,,.69916,34200,Acenaphthylene,01,kg/d,05/31/2006,3,,,,09/27/2006,99,,1601848517,0,Q2,DD,N,DAILY MX
1301,台灣塑膠工業股份有限公司,Formosa Plastics Corporation,FPC,塑膠工業,,"Formosa Plastics Corporation, U.S.A.",211--美國,,FORMOSA POINT COMFORT PLANT,201 FORMOSA DRIVE,POINT COMFORT,TX,77978,28.6825,-96.545278,1600028209,TX0085570,ECHO覆蓋率稽核,100,"Formosa Plastics Corporation, U.S.A.",台塑集團關係企業 FPC USA 德州 Point Comfort 主廠,郭文筆,1954/11/05,1964/07/27,63657407810,http://www.fpc.com.tw,高雄市仁武區水管路100號,https://www.fpcusa.com/content/uploads/2021/04/formosa-logo-stacked.png,1606963062,,D90,"DMR, Limited - Overdue",,,,,N,Non-Receipt of DMR/Schedule Report,04/19/2006,2,RE - Back into Compliance,04/24/2006,E,Effluent Violations,,,,,,,,,2,1600141664,101,1600141664,Q,J,1651142480,0,1626020945,1610228496,,,.25878,34320,Chrysene,01,kg/d,02/28/2006,3,,,,04/24/2006,35,,1601848525,0,Q1,DB,A,DAILY AV
1301,台灣塑膠工業股份有限公司,Formosa Plastics Corporation,FPC,塑膠工業,,"Formosa Plastics Corporation, U.S.A.",211--美國,,FORMOSA POINT COMFORT PLANT,201 FORMOSA DRIVE,POINT COMFORT,TX,77978,28.6825,-96.545278,1600028209,TX0085570,ECHO覆蓋率稽核,100,"Formosa Plastics Corporation, U.S.A.",台塑集團關係企業 FPC USA 德州 Point Comfort 主廠,郭文筆,1954/11/05,1964/07/27,63657407810,http://www.fpc.com.tw,高雄市仁武區水管路100號,https://www.fpcusa.com/content/uploads/2021/04/formosa-logo-stacked.png,3642423756,,E90,"DMR, Limited - Numeric Violation",,,,,,,,,,,E,Effluent Violations,,,,,,,,,0,3600742495,001,3600742495,A,1,3650127596,146,3695917048,3651761693,,,80,00530,"Solids, total suspended",19,mg/L,07/31/2019,1,83,=,19,08/20/2019,,,3601385609,146,C3,DD,N,DAILY MX
1301,台灣塑膠工業股份有限公司,Formosa Plastics Corporation,FPC,塑膠工業,,"Formosa Plastics Corporation, U.S.A.",211--美國,,FORMOSA POINT COMFORT PLANT,201 FORMOSA DRIVE,POINT COMFORT,TX,77978,28.6825,-96.545278,1600028209,TX0085570,ECHO覆蓋率稽核,100,"Formosa Plastics Corporation, U.S.A.",台塑集團關係企業 FPC USA 德州 Point Comfort 主廠,郭文筆,1954/11/05,1964/07/27,63657407810,http://www.fpc.com.tw,高雄市仁武區水管路100號,https://www.fpcusa.com/content/uploads/2021/04/formosa-logo-stacked.png,1606963654,,D80,"DMR, Monitor Only - Overdue",,,,,,,,,,,E,Effluent Violations,,,,,,,,,2,1600141664,TX1,1600141664,Q,1,1651154917,,1626028862,1610230983,Q,,,TXP6B,LOEC Lethal Survival Static Renewal 7 Day Chronic Menidia menidia,23,%,03/31/2006,3,,,,09/27/2006,,,1601848636,,C1,7D,,7 DA MIN
1301,台灣塑膠工業股份有限公司,Formosa Plastics Corporation,FPC,塑膠工業,,"Formosa Plastics Corporation, U.S.A.",211--美國,,FORMOSA POINT COMFORT PLANT,201 FORMOSA DRIVE,POINT COMFORT,TX,77978,28.6825,-96.545278,1600028209,TX0085570,ECHO覆蓋率稽核,100,"Formosa Plastics Corporation, U.S.A.",台塑集團關係企業 FPC USA 德州 Point Comfort 主廠,郭文筆,1954/11/05,1964/07/27,63657407810,http://www.fpc.com.tw,高雄市仁武區水管路100號,https://www.fpcusa.com/content/uploads/2021/04/formosa-logo-stacked.png,1606963750,,D80,"DMR, Monitor Only - Overdue",,,,,K,"Non-receipt Violation, Non-Monthly Average",02/19/2006,2,RE - Back into Compliance,09/27/2006,E,Effluent Violations,,,,,,,,,2,1600141664,TXA,1600141664,Q,1,1651155608,0,1626029483,1610231121,,,,TIE3E,LC50 Pass/Fail Static 24Hr Acute Americamysis bahia (formerly Mysidopsis bahia),9A,pass=0;fail=1,12/31/2005,3,,,,09/27/2006,99,,1601848657,0,C2,SA,N,SINGSAMP
1301,台灣塑膠工業股份有限公司,Formosa Plastics Corporation,FPC,塑膠工業,,"Formosa Plastics Corporation, U.S.A.",211--美國,,FORMOSA POINT COMFORT PLANT,201 FORMOSA DRIVE,POINT COMFORT,TX,77978,28.6825,-96.545278,1600028209,TX0085570,ECHO覆蓋率稽核,100,"Formosa Plastics Corporation, U.S.A.",台塑集團關係企業 FPC USA 德州 Point Comfort 主廠,郭文筆,1954/11/05,1964/07/27,63657407810,http://www.fpc.com.tw,高雄市仁武區水管路100號,https://www.fpcusa.com/content/uploads/2021/04/formosa-logo-stacked.png,3400685371,,D90,"DMR, Limited - Overdue",,,,,,,,,,,E,Effluent Violations,,,,,,,,,2,1600141664,TX1,1600141664,S,V,2205159918,,3401878757,3401078277,9,,10,22414,Whole effluent toxicity,23,%,12/31/2012,6,,,,04/09/2013,78,,1601848642,,C2,MJ,,MO AV MN
1301,台灣塑膠工業股份有限公司,Formosa Plastics Corporation,FPC,塑膠工業,,"Formosa Plastics Corporation, U.S.A.",211--美國,,FORMOSA POINT COMFORT PLANT,201 FORMOSA DRIVE,POINT COMFORT,TX,77978,28.6825,-96.545278,1600028209,TX0085570,ECHO覆蓋率稽核,100,"Formosa Plastics Corporation, U.S.A.",台塑集團關係企業 FPC USA 德州 Point Comfort 主廠,郭文筆,1954/11/05,1964/07/27,63657407810,http://www.fpc.com.tw,高雄市仁武區水管路100號,https://www.fpcusa.com/content/uploads/2021/04/formosa-logo-stacked.png,1606963388,,D90,"DMR, Limited - Overdue",,,,,K,"Non-receipt Violation, Non-Monthly Average",07/20/2006,2,RE - Back into Compliance,09/27/2006,E,Effluent Violations,,,,,,,,,2,1600141664,101,1600141664,Q,J,1651144671,0,1626021271,1610228934,,,.42676,34606,"2,4-Dimethylphenol",01,kg/d,05/31/2006,3,,,,09/27/2006,99,,1601848548,0,Q2,DD,N,DAILY MX
1301,台灣塑膠工業股份有限公司,Formosa Plastics Corporation,FPC,塑膠工業,,"Formosa Plastics Corporation, U.S.A.",211--美國,,FORMOSA POINT COMFORT PLANT,201 FORMOSA DRIVE,POINT COMFORT,TX,77978,28.6825,-96.545278,1600028209,TX0085570,ECHO覆蓋率稽核,100,"Formosa Plastics Corporation, U.S.A.",台塑集團關係企業 FPC USA 德州 Point Comfort 主廠,郭文筆,1954/11/05,1964/07/27,63657407810,http://www.fpc.com.tw,高雄市仁武區水管路100號,https://www.fpcusa.com/content/uploads/2021/04/formosa-logo-stacked.png,1606963257,,D90,"DMR, Limited - Overdue",,,,,N,Non-Receipt of DMR/Schedule Report,07/20/2006,2,RE - Back into Compliance,09/27/2006,E,Effluent Violations,,,,,,,,,2,1600141664,101,1600141664,Q,J,1651142295,0,1626021140,1610228459,,,.25878,34242,Benzo[k]fluoranthene,01,kg/d,05/31/2006,3,,,,09/27/2006,99,,1601848522,0,Q1,DB,A,DAILY AV
1301,台灣塑膠工業股份有限公司,Formosa Plastics Corporation,FPC,塑膠工業,,"Formosa Plastics Corporation, U.S.A.",211--美國,,FORMOSA POINT COMFORT PLANT,201 FORMOSA DRIVE,POINT COMFORT,TX,77978,28.6825,-96.545278,1600028209,TX0085570,ECHO覆蓋率稽核,100,"Formosa Plastics Corporation, U.S.A.",台塑集團關係企業 FPC USA 德州 Point Comfort 主廠,郭文筆,1954/11/05,1964/07/27,63657407810,http://www.fpc.com.tw,高雄市仁武區水管路100號,https://www.fpcusa.com/content/uploads/2021/04/formosa-logo-stacked.png,1606963337,,D90,"DMR, Limited - Overdue",,,,,N,Non-Receipt of DMR/Schedule Report,07/20/2006,2,RE - Back into Compliance,09/27/2006,E,Effluent Violations,,,,,,,,,2,1600141664,101,1600141664,Q,J,1651143720,0,1626021220,1610228744,,,.25878,34526,Benzo[a]anthracene,01,kg/d,05/31/2006,3,,,,09/27/2006,99,,1601848538,0,Q1,DB,A,DAILY AV
1301,台灣塑膠工業股份有限公司,Formosa Plastics Corporation,FPC,塑膠工業,,"Formosa Plastics Corporation, U.S.A.",211--美國,,FORMOSA POINT COMFORT PLANT,201 FORMOSA DRIVE,POINT COMFORT,TX,77978,28.6825,-96.545278,1600028209,TX0085570,ECHO覆蓋率稽核,100,"Formosa Plastics Corporation, U.S.A.",台塑集團關係企業 FPC USA 德州 Point Comfort 主廠,郭文筆,1954/11/05,1964/07/27,63657407810,http://www.fpc.com.tw,高雄市仁武區水管路100號,https://www.fpcusa.com/content/uploads/2021/04/formosa-logo-stacked.png,1606963003,,E90,"DMR, Limited - Numeric Violation",,,,,,,,,,,E,Effluent Violations,,,,,,,,,1,1600141665,101,1600141665,A,J,1651138906,1.28,1626010531,1610227781,,,.5448,32106,Chloroform,01,kg/d,01/31/2003,1,7,,,02/28/2003,8,,1601848504,.58112,Q2,DD,N,DAILY MX
1301,台灣塑膠工業股份有限公司,Formosa Plastics Corporation,FPC,塑膠工業,,"Formosa Plastics Corporation, U.S.A.",211--美國,,FORMOSA POINT COMFORT PLANT,201 FORMOSA DRIVE,POINT COMFORT,TX,77978,28.6825,-96.545278,1600028209,TX0085570,ECHO覆蓋率稽核,100,"Formosa Plastics Corporation, U.S.A.",台塑集團關係企業 FPC USA 德州 Point Comfort 主廠,郭文筆,1954/11/05,1964/07/27,63657407810,http://www.fpc.com.tw,高雄市仁武區水管路100號,https://www.fpcusa.com/content/uploads/2021/04/formosa-logo-stacked.png,3641613984,,E90,"DMR, Limited - Numeric Violation",,,,,,,,,,,E,Effluent Violations,,,,,,,,,0,3600742495,SUM,3600742495,A,J,3650136732,11.95,3690677758,3648882012,,,2.50153998,32103,"1,2-Dichloroethane",01,kg/d,04/30/2019,1,117,=,26,05/20/2019,,,3601387722,5.42529995,Q2,DD,N,DAILY MX
1301,台灣塑膠工業股份有限公司,Formosa Plastics Corporation,FPC,塑膠工業,,"Formosa Plastics Corporation, U.S.A.",211--美國,,FORMOSA POINT COMFORT PLANT,201 FORMOSA DRIVE,POINT COMFORT,TX,77978,28.6825,-96.545278,1600028209,TX0085570,ECHO覆蓋率稽核,100,"Formosa Plastics Corporation, U.S.A.",台塑集團關係企業 FPC USA 德州 Point Comfort 主廠,郭文筆,1954/11/05,1964/07/27,63657407810,http://www.fpc.com.tw,高雄市仁武區水管路100號,https://www.fpcusa.com/content/uploads/2021/04/formosa-logo-stacked.png,1606963358,,D90,"DMR, Limited - Overdue",,,,,K,"Non-receipt Violation, Non-Monthly Average",07/20/2006,2,RE - Back into Compliance,09/27/2006,E,Effluent Violations,,,,,,,,,2,1600141664,101,1600141664,Q,J,1651144101,0,1626021241,1610228820,,,1.66164,34551,"1,2,4-Trichlorobenzene",01,kg/d,05/31/2006,3,,,,09/27/2006,99,,1601848542,0,Q2,DD,N,DAILY MX
1301,台灣塑膠工業股份有限公司,Formosa Plastics Corporation,FPC,塑膠工業,,"Formosa Plastics Corporation, U.S.A.",211--美國,,FORMOSA POINT COMFORT PLANT,201 FORMOSA DRIVE,POINT COMFORT,TX,77978,28.6825,-96.545278,1600028209,TX0085570,ECHO覆蓋率稽核,100,"Formosa Plastics Corporation, U.S.A.",台塑集團關係企業 FPC USA 德州 Point Comfort 主廠,郭文筆,1954/11/05,1964/07/27,63657407810,http://www.fpc.com.tw,高雄市仁武區水管路100號,https://www.fpcusa.com/content/uploads/2021/04/formosa-logo-stacked.png,3666255304,,E90,"DMR, Limited - Numeric Violation",,,,,,,,,,,E,Effluent Violations,,,,,,,,,0,3600742495,201,3600742495,A,J,3884744080,539,3770578072,3691200688,,,215.196,00310,"BOD, 5-day, 20 deg. C",01,kg/d,06/30/2022,1,14,=,26,07/20/2022,,,3601385726,244.70599794,Q2,DD,N,DAILY MX
1301,台灣塑膠工業股份有限公司,Formosa Plastics Corporation,FPC,塑膠工業,,"Formosa Plastics Corporation, U.S.A.",211--美國,,FORMOSA POINT COMFORT PLANT,201 FORMOSA DRIVE,POINT COMFORT,TX,77978,28.6825,-96.545278,1600028209,TX0085570,ECHO覆蓋率稽核,100,"Formosa Plastics Corporation, U.S.A.",台塑集團關係企業 FPC USA 德州 Point Comfort 主廠,郭文筆,1954/11/05,1964/07/27,63657407810,http://www.fpc.com.tw,高雄市仁武區水管路100號,https://www.fpcusa.com/content/uploads/2021/04/formosa-logo-stacked.png,1606963392,,D90,"DMR, Limited - Overdue",,,,,N,Non-Receipt of DMR/Schedule Report,07/20/2006,2,RE - Back into Compliance,09/27/2006,E,Effluent Violations,,,,,,,,,2,1600141664,101,1600141664,Q,J,1651144765,0,1626021275,1610228953,,,1.3393,34611,"2,4-Dinitrotoluene",01,kg/d,05/31/2006,3,,,,09/27/2006,99,,1601848549,0,Q1,DB,A,DAILY AV
1301,台灣塑膠工業股份有限公司,Formosa Plastics Corporation,FPC,塑膠工業,,"Formosa Plastics Corporation, U.S.A.",211--美國,,FORMOSA POINT COMFORT PLANT,201 FORMOSA DRIVE,POINT COMFORT,TX,77978,28.6825,-96.545278,1600028209,TX0085570,ECHO覆蓋率稽核,100,"Formosa Plastics Corporation, U.S.A.",台塑集團關係企業 FPC USA 德州 Point Comfort 主廠,郭文筆,1954/11/05,1964/07/27,63657407810,http://www.fpc.com.tw,高雄市仁武區水管路100號,https://www.fpcusa.com/content/uploads/2021/04/formosa-logo-stacked.png,1606963496,,D80,"DMR, Monitor Only - Overdue",,,,,K,"Non-receipt Violation, Non-Monthly Average",09/19/2001,2,RE - Back into Compliance,11/02/2001,E,Effluent Violations,,,,,,,,,1,1600141665,201,1600141665,A,J,1651153989,0,1626024014,1610230797,,,,01152,"Titanium, total [as Ti]",19,mg/L,07/31/2001,1,,,,11/02/2001,74,,1601848624,0,C3,DD,N,DAILY MX
1301,台灣塑膠工業股份有限公司,Formosa Plastics Corporation,FPC,塑膠工業,,"Formosa Plastics Corporation, U.S.A.",211--美國,,FORMOSA POINT COMFORT PLANT,201 FORMOSA DRIVE,POINT COMFORT,TX,77978,28.6825,-96.545278,1600028209,TX0085570,ECHO覆蓋率稽核,100,"Formosa Plastics Corporation, U.S.A.",台塑集團關係企業 FPC USA 德州 Point Comfort 主廠,郭文筆,1954/11/05,1964/07/27,63657407810,http://www.fpc.com.tw,高雄市仁武區水管路100號,https://www.fpcusa.com/content/uploads/2021/04/formosa-logo-stacked.png,3638782398,,D90,"DMR, Limited - Overdue",,,,,N,Non-Receipt of DMR/Schedule Report,10/21/2018,2,RE - Back into Compliance,01/16/2019,E,Effluent Violations,,,,,,,,,0,3600742495,001,3600742495,A,1,3650126790,8,3675086785,3640351280,,,14,80082,"BOD, carbonaceous [5 day, 20 C]",19,mg/L,08/31/2018,1,,=,19,01/16/2019,118,,3601385598,8,C2,DB,A,DAILY AV
1301,台灣塑膠工業股份有限公司,Formosa Plastics Corporation,FPC,塑膠工業,,"Formosa Plastics Corporation, U.S.A.",211--美國,,FORMOSA POINT COMFORT PLANT,201 FORMOSA DRIVE,POINT COMFORT,TX,77978,28.6825,-96.545278,1600028209,TX0085570,ECHO覆蓋率稽核,100,"Formosa Plastics Corporation, U.S.A.",台塑集團關係企業 FPC USA 德州 Point Comfort 主廠,郭文筆,1954/11/05,1964/07/27,63657407810,http://www.fpc.com.tw,高雄市仁武區水管路100號,https://www.fpcusa.com/content/uploads/2021/04/formosa-logo-stacked.png,1606963710,,D80,"DMR, Monitor Only - Overdue",,,,,,,,,,,E,Effluent Violations,,,,,,,,,2,1600141664,TX1,1600141664,Q,1,1651154903,,1626028918,1610230980,Q,,,TXP3E,LOEC Lethal Survival Static Renewal 7 Day Chronic Americamysis bahia (formerly Mysidopsis bahia),23,%,06/30/2006,3,,,,09/27/2006,,,1601848635,,C2,MJ,,MO AV MN
1301,台灣塑膠工業股份有限公司,Formosa Plastics Corporation,FPC,塑膠工業,,"Formosa Plastics Corporation, U.S.A.",211--美國,,FORMOSA POINT COMFORT PLANT,201 FORMOSA DRIVE,POINT COMFORT,TX,77978,28.6825,-96.545278,1600028209,TX0085570,ECHO覆蓋率稽核,100,"Formosa Plastics Corporation, U.S.A.",台塑集團關係企業 FPC USA 德州 Point Comfort 主廠,郭文筆,1954/11/05,1964/07/27,63657407810,http://www.fpc.com.tw,高雄市仁武區水管路100號,https://www.fpcusa.com/content/uploads/2021/04/formosa-logo-stacked.png,3601864622,,E90,"DMR, Limited - Numeric Violation",,,,,,,,,,,E,Effluent Violations,,,,,,,,,2,1600141664,011,1600141664,A,1,3435159472,9.9,3609681960,3605393754,,,9,00400,pH,12,SU,06/30/2015,1,,=,12,07/20/2015,,,1601848469,9.9,C3,MB,N,MAXIMUM
1301,台灣塑膠工業股份有限公司,Formosa Plastics Corporation,FPC,塑膠工業,,"Formosa Plastics Corporation, U.S.A.",211--美國,,FORMOSA POINT COMFORT PLANT,201 FORMOSA DRIVE,POINT COMFORT,TX,77978,28.6825,-96.545278,1600028209,TX0085570,ECHO覆蓋率稽核,100,"Formosa Plastics Corporation, U.S.A.",台塑集團關係企業 FPC USA 德州 Point Comfort 主廠,郭文筆,1954/11/05,1964/07/27,63657407810,http://www.fpc.com.tw,高雄市仁武區水管路100號,https://www.fpcusa.com/content/uploads/2021/04/formosa-logo-stacked.png,1606963313,,D90,"DMR, Limited - Overdue",,,,,K,"Non-receipt Violation, Non-Monthly Average",07/20/2006,2,RE - Back into Compliance,09/27/2006,E,Effluent Violations,,,,,,,,,2,1600141664,101,1600141664,Q,J,1651143246,0,1626021196,1610228649,,,.80812,34447,Nitrobenzene,01,kg/d,05/31/2006,3,,,,09/27/2006,99,,1601848533,0,Q2,DD,N,DAILY MX
1301,台灣塑膠工業股份有限公司,Formosa Plastics Corporation,FPC,塑膠工業,,"Formosa Plastics Corporation, U.S.A.",211--美國,,FORMOSA POINT COMFORT PLANT,201 FORMOSA DRIVE,POINT COMFORT,TX,77978,28.6825,-96.545278,1600028209,TX0085570,ECHO覆蓋率稽核,100,"Formosa Plastics Corporation, U.S.A.",台塑集團關係企業 FPC USA 德州 Point Comfort 主廠,郭文筆,1954/11/05,1964/07/27,63657407810,http://www.fpc.com.tw,高雄市仁武區水管路100號,https://www.fpcusa.com/content/uploads/2021/04/formosa-logo-stacked.png,1606962746,,E90,"DMR, Limited - Numeric Violation",,,,,,,,,,,E,Effluent Violations,,,,,,,,,1,1600141665,008,1600141665,A,1,1651124714,9.2,1626001679,1610224942,,,9,00400,pH,12,SU,06/30/2001,1,,,,07/23/2001,3,,1601848454,9.2,C3,MB,N,MAXIMUM
1301,台灣塑膠工業股份有限公司,Formosa Plastics Corporation,FPC,塑膠工業,,"Formosa Plastics Corporation, U.S.A.",211--美國,,FORMOSA POINT COMFORT PLANT,201 FORMOSA DRIVE,POINT COMFORT,TX,77978,28.6825,-96.545278,1600028209,TX0085570,ECHO覆蓋率稽核,100,"Formosa Plastics Corporation, U.S.A.",台塑集團關係企業 FPC USA 德州 Point Comfort 主廠,郭文筆,1954/11/05,1964/07/27,63657407810,http://www.fpc.com.tw,高雄市仁武區水管路100號,https://www.fpcusa.com/content/uploads/2021/04/formosa-logo-stacked.png,1606963649,,D80,"DMR, Monitor Only - Overdue",,,,,,,,,,,E,Effluent Violations,,,,,,,,,2,1600141664,TX1,1600141664,Q,1,1651154897,,1626028857,1610230979,Q,,,TXP3E,LOEC Lethal Survival Static Renewal 7 Day Chronic Americamysis bahia (formerly Mysidopsis bahia),23,%,03/31/2006,3,,,,09/27/2006,,,1601848635,,C1,7D,,7 DA MIN
1301,台灣塑膠工業股份有限公司,Formosa Plastics Corporation,FPC,塑膠工業,,"Formosa Plastics Corporation, U.S.A.",211--美國,,FORMOSA POINT COMFORT PLANT,201 FORMOSA DRIVE,POINT COMFORT,TX,77978,28.6825,-96.545278,1600028209,TX0085570,ECHO覆蓋率稽核,100,"Formosa Plastics Corporation, U.S.A.",台塑集團關係企業 FPC USA 德州 Point Comfort 主廠,郭文筆,1954/11/05,1964/07/27,63657407810,http://www.fpc.com.tw,高雄市仁武區水管路100號,https://www.fpcusa.com/content/uploads/2021/04/formosa-logo-stacked.png,2602730238,,D90,"DMR, Limited - Overdue",,,,,,,,,,,E,Effluent Violations,,,,,,,,,2,1600141664,TX1,1600141664,S,V,1804019030,,2609218048,2604985137,8,,10,22414,Whole effluent toxicity,23,%,12/31/2011,6,,,,01/19/2012,,,1601848642,,C1,7D,,7 DA MIN
1301,台灣塑膠工業股份有限公司,Formosa Plastics Corporation,FPC,塑膠工業,,"Formosa Plastics Corporation, U.S.A.",211--美國,,FORMOSA POINT COMFORT PLANT,201 FORMOSA DRIVE,POINT COMFORT,TX,77978,28.6825,-96.545278,1600028209,TX0085570,ECHO覆蓋率稽核,100,"Formosa Plastics Corporation, U.S.A.",台塑集團關係企業 FPC USA 德州 Point Comfort 主廠,郭文筆,1954/11/05,1964/07/27,63657407810,http://www.fpc.com.tw,高雄市仁武區水管路100號,https://www.fpcusa.com/content/uploads/2021/04/formosa-logo-stacked.png,3400685339,,D90,"DMR, Limited - Overdue",,,,,,,,,,,E,Effluent Violations,,,,,,,,,2,1600141664,TX1,1600141664,S,V,2205159916,,3401878756,3401078277,9,,10,22414,Whole effluent toxicity,23,%,12/31/2012,6,,,,04/09/2013,78,,1601848642,,C1,7D,,7 DA MIN
1301,台灣塑膠工業股份有限公司,Formosa Plastics Corporation,FPC,塑膠工業,,"Formosa Plastics Corporation, U.S.A.",211--美國,,FORMOSA POINT COMFORT PLANT,201 FORMOSA DRIVE,POINT COMFORT,TX,77978,28.6825,-96.545278,1600028209,TX0085570,ECHO覆蓋率稽核,100,"Formosa Plastics Corporation, U.S.A.",台塑集團關係企業 FPC USA 德州 Point Comfort 主廠,郭文筆,1954/11/05,1964/07/27,63657407810,http://www.fpc.com.tw,高雄市仁武區水管路100號,https://www.fpcusa.com/content/uploads/2021/04/formosa-logo-stacked.png,3638782449,,D90,"DMR, Limited - Overdue",,,,,K,"Non-receipt Violation, Non-Monthly Average",10/21/2018,2,RE - Back into Compliance,01/16/2019,E,Effluent Violations,,,,,,,,,0,3600742495,101,3600742495,A,J,3650130662,421,3675086953,3640351344,,,889.386,00310,"BOD, 5-day, 20 deg. C",01,kg/d,08/31/2018,1,,=,26,01/16/2019,118,,3601385666,191.13399839,Q2,DD,N,DAILY MX
1301,台灣塑膠工業股份有限公司,Formosa Plastics Corporation,FPC,塑膠工業,,"Formosa Plastics Corporation, U.S.A.",211--美國,,FORMOSA POINT COMFORT PLANT,201 FORMOSA DRIVE,POINT COMFORT,TX,77978,28.6825,-96.545278,1600028209,TX0085570,ECHO覆蓋率稽核,100,"Formosa Plastics Corporation, U.S.A.",台塑集團關係企業 FPC USA 德州 Point Comfort 主廠,郭文筆,1954/11/05,1964/07/27,63657407810,http://www.fpc.com.tw,高雄市仁武區水管路100號,https://www.fpcusa.com/content/uploads/2021/04/formosa-logo-stacked.png,1606963357,,D90,"DMR, Limited - Overdue",,,,,N,Non-Receipt of DMR/Schedule Report,07/20/2006,2,RE - Back into Compliance,09/27/2006,E,Effluent Violations,,,,,,,,,2,1600141664,101,1600141664,Q,J,1651144100,0,1626021240,1610228820,,,.80812,34551,"1,2,4-Trichlorobenzene",01,kg/d,05/31/2006,3,,,,09/27/2006,99,,1601848542,0,Q1,DB,A,DAILY AV
1301,台灣塑膠工業股份有限公司,Formosa Plastics Corporation,FPC,塑膠工業,,"Formosa Plastics Corporation, U.S.A.",211--美國,,FORMOSA POINT COMFORT PLANT,201 FORMOSA DRIVE,POINT COMFORT,TX,77978,28.6825,-96.545278,1600028209,TX0085570,ECHO覆蓋率稽核,100,"Formosa Plastics Corporation, U.S.A.",台塑集團關係企業 FPC USA 德州 Point Comfort 主廠,郭文筆,1954/11/05,1964/07/27,63657407810,http://www.fpc.com.tw,高雄市仁武區水管路100號,https://www.fpcusa.com/content/uploads/2021/04/formosa-logo-stacked.png,1606962816,,D90,"DMR, Limited - Overdue",,,,,K,"Non-receipt Violation, Non-Monthly Average",09/19/2001,2,RE - Back into Compliance,11/02/2001,E,Effluent Violations,,,,,,,,,1,1600141665,101,1600141665,A,J,1651137819,8.5,1626008899,1610227563,,,11,00400,pH,12,SU,07/31/2001,1,,,,11/02/2001,74,,1601848501,8.5,C3,MB,N,MAXIMUM
1301,台灣塑膠工業股份有限公司,Formosa Plastics Corporation,FPC,塑膠工業,,"Formosa Plastics Corporation, U.S.A.",211--美國,,FORMOSA POINT COMFORT PLANT,201 FORMOSA DRIVE,POINT COMFORT,TX,77978,28.6825,-96.545278,1600028209,TX0085570,ECHO覆蓋率稽核,100,"Formosa Plastics Corporation, U.S.A.",台塑集團關係企業 FPC USA 德州 Point Comfort 主廠,郭文筆,1954/11/05,1964/07/27,63657407810,http://www.fpc.com.tw,高雄市仁武區水管路100號,https://www.fpcusa.com/content/uploads/2021/04/formosa-logo-stacked.png,1606963153,,D90,"DMR, Limited - Overdue",,,,,K,"Non-receipt Violation, Non-Monthly Average",04/19/2006,2,RE - Back into Compliance,04/24/2006,E,Effluent Violations,,,,,,,,,2,1600141664,101,1600141664,Q,J,1651144191,0,1626021036,1610228838,,,.5221,34566,"1,3-Dichlorobenzene",01,kg/d,02/28/2006,3,,,,04/24/2006,35,,1601848543,0,Q2,DD,N,DAILY MX
1301,台灣塑膠工業股份有限公司,Formosa Plastics Corporation,FPC,塑膠工業,,"Formosa Plastics Corporation, U.S.A.",211--美國,,FORMOSA POINT COMFORT PLANT,201 FORMOSA DRIVE,POINT COMFORT,TX,77978,28.6825,-96.545278,1600028209,TX0085570,ECHO覆蓋率稽核,100,"Formosa Plastics Corporation, U.S.A.",台塑集團關係企業 FPC USA 德州 Point Comfort 主廠,郭文筆,1954/11/05,1964/07/27,63657407810,http://www.fpc.com.tw,高雄市仁武區水管路100號,https://www.fpcusa.com/content/uploads/2021/04/formosa-logo-stacked.png,1606962608,,D90,"DMR, Limited - Overdue",,,,,K,"Non-receipt Violation, Non-Monthly Average",04/19/2002,2,RE - Back into Compliance,06/10/2002,E,Effluent Violations,,,,,,,,,1,1600141665,001,1600141665,A,1,1651109021,0,1625978411,1610221804,,,0,82581,"pH range excursions, > 60 minutes",88,occur/d,02/28/2002,1,,,,06/10/2002,82,,1601848395,0,Q2,MP,N,MO TOTAL
1301,台灣塑膠工業股份有限公司,Formosa Plastics Corporation,FPC,塑膠工業,,"Formosa Plastics Corporation, U.S.A.",211--美國,,FORMOSA POINT COMFORT PLANT,201 FORMOSA DRIVE,POINT COMFORT,TX,77978,28.6825,-96.545278,1600028209,TX0085570,ECHO覆蓋率稽核,100,"Formosa Plastics Corporation, U.S.A.",台塑集團關係企業 FPC USA 德州 Point Comfort 主廠,郭文筆,1954/11/05,1964/07/27,63657407810,http://www.fpc.com.tw,高雄市仁武區水管路100號,https://www.fpcusa.com/content/uploads/2021/04/formosa-logo-stacked.png,1606963227,,D90,"DMR, Limited - Overdue",,,,,N,Non-Receipt of DMR/Schedule Report,04/19/2006,2,RE - Back into Compliance,04/24/2006,E,Effluent Violations,,,,,,,,,2,1600141664,101,1600141664,Q,J,1651145615,0,1626021110,1610229123,,,.3405,51044,"1,3-Dichloropropylene",01,kg/d,02/28/2006,3,,,,04/24/2006,35,,1601848558,0,Q1,DB,A,DAILY AV
1301,台灣塑膠工業股份有限公司,Formosa Plastics Corporation,FPC,塑膠工業,,"Formosa Plastics Corporation, U.S.A.",211--美國,,FORMOSA POINT COMFORT PLANT,201 FORMOSA DRIVE,POINT COMFORT,TX,77978,28.6825,-96.545278,1600028209,TX0085570,ECHO覆蓋率稽核,100,"Formosa Plastics Corporation, U.S.A.",台塑集團關係企業 FPC USA 德州 Point Comfort 主廠,郭文筆,1954/11/05,1964/07/27,63657407810,http://www.fpc.com.tw,高雄市仁武區水管路100號,https://www.fpcusa.com/content/uploads/2021/04/formosa-logo-stacked.png,1606962638,,E90,"DMR, Limited - Numeric Violation",,,,,,,,,,,E,Effluent Violations,,,,,,,,,1,1600141665,001,1600141665,A,1,1651106326,5.9,1625979731,1610221265,,,2.497,01092,"Zinc, total [as Zn]",01,kg/d,01/31/2003,1,7,,,02/28/2003,8,,1601848384,2.6786,Q2,DD,N,DAILY MX
1301,台灣塑膠工業股份有限公司,Formosa Plastics Corporation,FPC,塑膠工業,,"Formosa Plastics Corporation, U.S.A.",211--美國,,FORMOSA POINT COMFORT PLANT,201 FORMOSA DRIVE,POINT COMFORT,TX,77978,28.6825,-96.545278,1600028209,TX0085570,ECHO覆蓋率稽核,100,"Formosa Plastics Corporation, U.S.A.",台塑集團關係企業 FPC USA 德州 Point Comfort 主廠,郭文筆,1954/11/05,1964/07/27,63657407810,http://www.fpc.com.tw,高雄市仁武區水管路100號,https://www.fpcusa.com/content/uploads/2021/04/formosa-logo-stacked.png,1606962983,,E90,"DMR, Limited - Numeric Violation",,,,,,,,,,,E,Effluent Violations,,,,,,,,,1,1600141665,101,1600141665,A,J,1651138631,6.67,1626010121,1610227726,,,2.50154,32103,"1,2-Dichloroethane",01,kg/d,08/31/2002,1,21,,,09/23/2002,3,,1601848512,3.02818,Q2,DD,N,DAILY MX
1301,台灣塑膠工業股份有限公司,Formosa Plastics Corporation,FPC,塑膠工業,,"Formosa Plastics Corporation, U.S.A.",211--美國,,FORMOSA POINT COMFORT PLANT,201 FORMOSA DRIVE,POINT COMFORT,TX,77978,28.6825,-96.545278,1600028209,TX0085570,ECHO覆蓋率稽核,100,"Formosa Plastics Corporation, U.S.A.",台塑集團關係企業 FPC USA 德州 Point Comfort 主廠,郭文筆,1954/11/05,1964/07/27,63657407810,http://www.fpc.com.tw,高雄市仁武區水管路100號,https://www.fpcusa.com/content/uploads/2021/04/formosa-logo-stacked.png,1606962893,,D90,"DMR, Limited - Overdue",,,,,K,"Non-receipt Violation, Non-Monthly Average",10/20/2001,2,RE - Back into Compliance,06/10/2002,E,Effluent Violations,,,,,,,,,1,1600141665,101,1600141665,A,J,1651141321,0,1626009056,1610228264,,,0,82581,"pH range excursions, > 60 minutes",88,occur/d,08/31/2001,1,,,,06/10/2002,99,,1601848515,0,Q2,MP,N,MO TOTAL
1301,台灣塑膠工業股份有限公司,Formosa Plastics Corporation,FPC,塑膠工業,,"Formosa Plastics Corporation, U.S.A.",211--美國,,FORMOSA POINT COMFORT PLANT,201 FORMOSA DRIVE,POINT COMFORT,TX,77978,28.6825,-96.545278,1600028209,TX0085570,ECHO覆蓋率稽核,100,"Formosa Plastics Corporation, U.S.A.",台塑集團關係企業 FPC USA 德州 Point Comfort 主廠,郭文筆,1954/11/05,1964/07/27,63657407810,http://www.fpc.com.tw,高雄市仁武區水管路100號,https://www.fpcusa.com/content/uploads/2021/04/formosa-logo-stacked.png,3641613983,,E90,"DMR, Limited - Numeric Violation",,,,,,,,,,,E,Effluent Violations,,,,,,,,,0,3600742495,001,3600742495,A,1,3650127394,11.97,3690677591,3648881928,,,2.71037998,32103,"1,2-Dichloroethane",01,kg/d,04/30/2019,1,101,=,26,05/20/2019,,,3601385601,5.43437995,Q2,DD,N,DAILY MX
1301,台灣塑膠工業股份有限公司,Formosa Plastics Corporation,FPC,塑膠工業,,"Formosa Plastics Corporation, U.S.A.",211--美國,,FORMOSA POINT COMFORT PLANT,201 FORMOSA DRIVE,POINT COMFORT,TX,77978,28.6825,-96.545278,1600028209,TX0085570,ECHO覆蓋率稽核,100,"Formosa Plastics Corporation, U.S.A.",台塑集團關係企業 FPC USA 德州 Point Comfort 主廠,郭文筆,1954/11/05,1964/07/27,63657407810,http://www.fpc.com.tw,高雄市仁武區水管路100號,https://www.fpcusa.com/content/uploads/2021/04/formosa-logo-stacked.png,1606963033,,D90,"DMR, Limited - Overdue",,,,,K,"Non-receipt Violation, Non-Monthly Average",04/19/2006,2,RE - Back into Compliance,04/24/2006,E,Effluent Violations,,,,,,,,,2,1600141664,101,1600141664,Q,J,1651142006,0,1626020916,1610228401,,,2.86928,34215,Acrylonitrile,01,kg/d,02/28/2006,3,,,,04/24/2006,35,,1601848519,0,Q2,DD,N,DAILY MX
1301,台灣塑膠工業股份有限公司,Formosa Plastics Corporation,FPC,塑膠工業,,"Formosa Plastics Corporation, U.S.A.",211--美國,,FORMOSA POINT COMFORT PLANT,201 FORMOSA DRIVE,POINT COMFORT,TX,77978,28.6825,-96.545278,1600028209,TX0085570,ECHO覆蓋率稽核,100,"Formosa Plastics Corporation, U.S.A.",台塑集團關係企業 FPC USA 德州 Point Comfort 主廠,郭文筆,1954/11/05,1964/07/27,63657407810,http://www.fpc.com.tw,高雄市仁武區水管路100號,https://www.fpcusa.com/content/uploads/2021/04/formosa-logo-stacked.png,1606963724,,D80,"DMR, Monitor Only - Overdue",,,,,,,,,,,E,Effluent Violations,,,,,,,,,2,1600141664,TX1,1600141664,Q,1,1651154962,,1626028932,1610230992,Q,,,TYP6B,LOEC Sub-Lethal Reproduction Static Renewal 7 Day Chronic Menidia menidia,23,%,06/30/2006,3,,,,09/27/2006,,,1601848638,,C1,7D,,7 DA MIN
1301,台灣塑膠工業股份有限公司,Formosa Plastics Corporation,FPC,塑膠工業,,"Formosa Plastics Corporation, U.S.A.",211--美國,,FORMOSA POINT COMFORT PLANT,201 FORMOSA DRIVE,POINT COMFORT,TX,77978,28.6825,-96.545278,1600028209,TX0085570,ECHO覆蓋率稽核,100,"Formosa Plastics Corporation, U.S.A.",台塑集團關係企業 FPC USA 德州 Point Comfort 主廠,郭文筆,1954/11/05,1964/07/27,63657407810,http://www.fpc.com.tw,高雄市仁武區水管路100號,https://www.fpcusa.com/content/uploads/2021/04/formosa-logo-stacked.png,1606962781,,D90,"DMR, Limited - Overdue",,,,,K,"Non-receipt Violation, Non-Monthly Average",10/20/2001,2,RE - Back into Compliance,11/20/2001,E,Effluent Violations,,,,,,,,,1,1600141665,012,1600141665,A,1,1651131514,,1626007409,1610226302,C,,15,00556,Oil & Grease,19,mg/L,08/31/2001,1,,,,11/20/2001,,,1601848479,,C3,DD,N,DAILY MX
1301,台灣塑膠工業股份有限公司,Formosa Plastics Corporation,FPC,塑膠工業,,"Formosa Plastics Corporation, U.S.A.",211--美國,,FORMOSA POINT COMFORT PLANT,201 FORMOSA DRIVE,POINT COMFORT,TX,77978,28.6825,-96.545278,1600028209,TX0085570,ECHO覆蓋率稽核,100,"Formosa Plastics Corporation, U.S.A.",台塑集團關係企業 FPC USA 德州 Point Comfort 主廠,郭文筆,1954/11/05,1964/07/27,63657407810,http://www.fpc.com.tw,高雄市仁武區水管路100號,https://www.fpcusa.com/content/uploads/2021/04/formosa-logo-stacked.png,1606963485,,D80,"DMR, Monitor Only - Overdue",,,,,N,Non-Receipt of DMR/Schedule Report,09/19/2001,2,RE - Back into Compliance,11/02/2001,E,Effluent Violations,,,,,,,,,1,1600141665,201,1600141665,A,J,1651153488,0,1626024003,1610230697,,,,01051,"Lead, total [as Pb]",19,mg/L,07/31/2001,1,,,,11/02/2001,74,,1601848622,0,C2,DB,A,DAILY AV
1301,台灣塑膠工業股份有限公司,Formosa Plastics Corporation,FPC,塑膠工業,,"Formosa Plastics Corporation, U.S.A.",211--美國,,FORMOSA POINT COMFORT PLANT,201 FORMOSA DRIVE,POINT COMFORT,TX,77978,28.6825,-96.545278,1600028209,TX0085570,ECHO覆蓋率稽核,100,"Formosa Plastics Corporation, U.S.A.",台塑集團關係企業 FPC USA 德州 Point Comfort 主廠,郭文筆,1954/11/05,1964/07/27,63657407810,http://www.fpc.com.tw,高雄市仁武區水管路100號,https://www.fpcusa.com/content/uploads/2021/04/formosa-logo-stacked.png,1606962871,,D80,"DMR, Monitor Only - Overdue",,,,,K,"Non-receipt Violation, Non-Monthly Average",09/19/2001,2,RE - Back into Compliance,11/02/2001,E,Effluent Violations,,,,,,,,,1,1600141665,101,1600141665,A,J,1651138569,0,1626008954,1610227713,,,,32103,"1,2-Dichloroethane",19,mg/L,07/31/2001,1,,,,11/02/2001,74,,1601848512,0,C3,DD,N,DAILY MX
1301,台灣塑膠工業股份有限公司,Formosa Plastics Corporation,FPC,塑膠工業,,"Formosa Plastics Corporation, U.S.A.",211--美國,,FORMOSA POINT COMFORT PLANT,201 FORMOSA DRIVE,POINT COMFORT,TX,77978,28.6825,-96.545278,1600028209,TX0085570,ECHO覆蓋率稽核,100,"Formosa Plastics Corporation, U.S.A.",台塑集團關係企業 FPC USA 德州 Point Comfort 主廠,郭文筆,1954/11/05,1964/07/27,63657407810,http://www.fpc.com.tw,高雄市仁武區水管路100號,https://www.fpcusa.com/content/uploads/2021/04/formosa-logo-stacked.png,1606963509,,E90,"DMR, Limited - Numeric Violation",,,,,,,,,,,E,Effluent Violations,,,,,,,,,1,1600141665,201,1600141665,A,J,1651152767,3.5,1626024287,1610230553,,,6,00400,pH,12,SU,01/31/2002,1,,,,02/22/2002,2,,1601848619,3.5,C1,ME,,MINIMUM
1301,台灣塑膠工業股份有限公司,Formosa Plastics Corporation,FPC,塑膠工業,,"Formosa Plastics Corporation, U.S.A.",211--美國,,FORMOSA POINT COMFORT PLANT,201 FORMOSA DRIVE,POINT COMFORT,TX,77978,28.6825,-96.545278,1600028209,TX0085570,ECHO覆蓋率稽核,100,"Formosa Plastics Corporation, U.S.A.",台塑集團關係企業 FPC USA 德州 Point Comfort 主廠,郭文筆,1954/11/05,1964/07/27,63657407810,http://www.fpc.com.tw,高雄市仁武區水管路100號,https://www.fpcusa.com/content/uploads/2021/04/formosa-logo-stacked.png,1606963258,,D90,"DMR, Limited - Overdue",,,,,K,"Non-receipt Violation, Non-Monthly Average",07/20/2006,2,RE - Back into Compliance,09/27/2006,E,Effluent Violations,,,,,,,,,2,1600141664,101,1600141664,Q,J,1651142296,0,1626021141,1610228459,,,.69916,34242,Benzo[k]fluoranthene,01,kg/d,05/31/2006,3,,,,09/27/2006,99,,1601848522,0,Q2,DD,N,DAILY MX
1301,台灣塑膠工業股份有限公司,Formosa Plastics Corporation,FPC,塑膠工業,,"Formosa Plastics Corporation, U.S.A.",211--美國,,FORMOSA POINT COMFORT PLANT,201 FORMOSA DRIVE,POINT COMFORT,TX,77978,28.6825,-96.545278,1600028209,TX0085570,ECHO覆蓋率稽核,100,"Formosa Plastics Corporation, U.S.A.",台塑集團關係企業 FPC USA 德州 Point Comfort 主廠,郭文筆,1954/11/05,1964/07/27,63657407810,http://www.fpc.com.tw,高雄市仁武區水管路100號,https://www.fpcusa.com/content/uploads/2021/04/formosa-logo-stacked.png,1606962863,,D90,"DMR, Limited - Overdue",,,,,K,"Non-receipt Violation, Non-Monthly Average",09/19/2001,2,RE - Back into Compliance,11/02/2001,E,Effluent Violations,,,,,,,,,1,1600141665,101,1600141665,A,J,1651140566,0,1626008946,1610228113,,,.64014,34506,"1,1,1-Trichloroethane",01,kg/d,07/31/2001,1,,,,11/02/2001,74,,1601848511,0,Q2,DD,N,DAILY MX
1301,台灣塑膠工業股份有限公司,Formosa Plastics Corporation,FPC,塑膠工業,,"Formosa Plastics Corporation, U.S.A.",211--美國,,FORMOSA POINT COMFORT PLANT,201 FORMOSA DRIVE,POINT COMFORT,TX,77978,28.6825,-96.545278,1600028209,TX0085570,ECHO覆蓋率稽核,100,"Formosa Plastics Corporation, U.S.A.",台塑集團關係企業 FPC USA 德州 Point Comfort 主廠,郭文筆,1954/11/05,1964/07/27,63657407810,http://www.fpc.com.tw,高雄市仁武區水管路100號,https://www.fpcusa.com/content/uploads/2021/04/formosa-logo-stacked.png,1606963187,,D90,"DMR, Limited - Overdue",,,,,N,Non-Receipt of DMR/Schedule Report,04/19/2006,2,RE - Back into Compliance,04/24/2006,E,Effluent Violations,,,,,,,,,2,1600141664,101,1600141664,Q,J,1651144855,0,1626021070,1610228971,,,.8399,34616,"2,4-Dinitrophenol",01,kg/d,02/28/2006,3,,,,04/24/2006,35,,1601848550,0,Q1,DB,A,DAILY AV
1301,台灣塑膠工業股份有限公司,Formosa Plastics Corporation,FPC,塑膠工業,,"Formosa Plastics Corporation, U.S.A.",211--美國,,FORMOSA POINT COMFORT PLANT,201 FORMOSA DRIVE,POINT COMFORT,TX,77978,28.6825,-96.545278,1600028209,TX0085570,ECHO覆蓋率稽核,100,"Formosa Plastics Corporation, U.S.A.",台塑集團關係企業 FPC USA 德州 Point Comfort 主廠,郭文筆,1954/11/05,1964/07/27,63657407810,http://www.fpc.com.tw,高雄市仁武區水管路100號,https://www.fpcusa.com/content/uploads/2021/04/formosa-logo-stacked.png,2600373290,,E90,"DMR, Limited - Numeric Violation",,,,,,,,,,,E,Effluent Violations,,,,,,,,,2,1600141664,001,1600141664,A,1,1804001605,1.61,2600544353,2600314750,,,.62198,01042,"Copper, total [as Cu]",01,kg/d,02/28/2011,1,18,=,26,03/17/2011,,,1601848357,.73093999,Q1,DB,A,DAILY AV
1301,台灣塑膠工業股份有限公司,Formosa Plastics Corporation,FPC,塑膠工業,,"Formosa Plastics Corporation, U.S.A.",211--美國,,FORMOSA POINT COMFORT PLANT,201 FORMOSA DRIVE,POINT COMFORT,TX,77978,28.6825,-96.545278,1600028209,TX0085570,ECHO覆蓋率稽核,100,"Formosa Plastics Corporation, U.S.A.",台塑集團關係企業 FPC USA 德州 Point Comfort 主廠,郭文筆,1954/11/05,1964/07/27,63657407810,http://www.fpc.com.tw,高雄市仁武區水管路100號,https://www.fpcusa.com/content/uploads/2021/04/formosa-logo-stacked.png,3400434856,,D90,"DMR, Limited - Overdue",,,,,K,"Non-receipt Violation, Non-Monthly Average",01/20/2013,2,RE - Back into Compliance,02/28/2013,E,Effluent Violations,,,,,,,,,2,1600141664,006,1600141664,A,1,2614039972,,3403618260,3402016452,C,,9,00400,pH,12,SU,11/30/2012,1,,,,02/28/2013,70,,1601848439,,C3,MB,N,MAXIMUM
1301,台灣塑膠工業股份有限公司,Formosa Plastics Corporation,FPC,塑膠工業,,"Formosa Plastics Corporation, U.S.A.",211--美國,,FORMOSA POINT COMFORT PLANT,201 FORMOSA DRIVE,POINT COMFORT,TX,77978,28.6825,-96.545278,1600028209,TX0085570,ECHO覆蓋率稽核,100,"Formosa Plastics Corporation, U.S.A.",台塑集團關係企業 FPC USA 德州 Point Comfort 主廠,郭文筆,1954/11/05,1964/07/27,63657407810,http://www.fpc.com.tw,高雄市仁武區水管路100號,https://www.fpcusa.com/content/uploads/2021/04/formosa-logo-stacked.png,1606963659,,D80,"DMR, Monitor Only - Overdue",,,,,,,,,,,E,Effluent Violations,,,,,,,,,2,1600141664,TX1,1600141664,Q,1,1651154937,,1626028867,1610230987,Q,,,TYP3E,LOEC Sub-Lethal Reproduction Static Renewal 7 Day Chronic Americamysis bahia (Mysidopsis bahia),23,%,03/31/2006,3,,,,09/27/2006,,,1601848637,,C1,7D,,7 DA MIN
1301,台灣塑膠工業股份有限公司,Formosa Plastics Corporation,FPC,塑膠工業,,"Formosa Plastics Corporation, U.S.A.",211--美國,,FORMOSA POINT COMFORT PLANT,201 FORMOSA DRIVE,POINT COMFORT,TX,77978,28.6825,-96.545278,1600028209,TX0085570,ECHO覆蓋率稽核,100,"Formosa Plastics Corporation, U.S.A.",台塑集團關係企業 FPC USA 德州 Point Comfort 主廠,郭文筆,1954/11/05,1964/07/27,63657407810,http://www.fpc.com.tw,高雄市仁武區水管路100號,https://www.fpcusa.com/content/uploads/2021/04/formosa-logo-stacked.png,1606962699,,D90,"DMR, Limited - Overdue",,,,,,,,,,,E,Effluent Violations,,,,,,,,,1,1600141665,003,1600141665,A,1,1651113857,8.3,1625991702,1610222771,,,6,00400,pH,12,SU,06/30/2001,1,,,,10/24/2001,96,,1601848414,8.3,C1,ME,,MINIMUM
1301,台灣塑膠工業股份有限公司,Formosa Plastics Corporation,FPC,塑膠工業,,"Formosa Plastics Corporation, U.S.A.",211--美國,,FORMOSA POINT COMFORT PLANT,201 FORMOSA DRIVE,POINT COMFORT,TX,77978,28.6825,-96.545278,1600028209,TX0085570,ECHO覆蓋率稽核,100,"Formosa Plastics Corporation, U.S.A.",台塑集團關係企業 FPC USA 德州 Point Comfort 主廠,郭文筆,1954/11/05,1964/07/27,63657407810,http://www.fpc.com.tw,高雄市仁武區水管路100號,https://www.fpcusa.com/content/uploads/2021/04/formosa-logo-stacked.png,1606962888,,D90,"DMR, Limited - Overdue",,,,,K,"Non-receipt Violation, Non-Monthly Average",09/19/2001,2,RE - Back into Compliance,06/10/2002,E,Effluent Violations,,,,,,,,,1,1600141665,101,1600141665,A,J,1651141566,0,1626008971,1610228313,,,.309524,82582,"pH range excursions, monthly total accum",5A,d,07/31/2001,1,,,,06/10/2002,99,,1601848516,0,Q2,MP,N,MO TOTAL
1301,台灣塑膠工業股份有限公司,Formosa Plastics Corporation,FPC,塑膠工業,,"Formosa Plastics Corporation, U.S.A.",211--美國,,FORMOSA POINT COMFORT PLANT,201 FORMOSA DRIVE,POINT COMFORT,TX,77978,28.6825,-96.545278,1600028209,TX0085570,ECHO覆蓋率稽核,100,"Formosa Plastics Corporation, U.S.A.",台塑集團關係企業 FPC USA 德州 Point Comfort 主廠,郭文筆,1954/11/05,1964/07/27,63657407810,http://www.fpc.com.tw,高雄市仁武區水管路100號,https://www.fpcusa.com/content/uploads/2021/04/formosa-logo-stacked.png,1606963343,,D90,"DMR, Limited - Overdue",,,,,K,"Non-receipt Violation, Non-Monthly Average",07/20/2006,2,RE - Back into Compliance,09/27/2006,E,Effluent Violations,,,,,,,,,2,1600141664,101,1600141664,Q,J,1651143816,0,1626021226,1610228763,,,1.93404,34536,"1,2-Dichlorobenzene",01,kg/d,05/31/2006,3,,,,09/27/2006,99,,1601848539,0,Q2,DD,N,DAILY MX
1301,台灣塑膠工業股份有限公司,Formosa Plastics Corporation,FPC,塑膠工業,,"Formosa Plastics Corporation, U.S.A.",211--美國,,FORMOSA POINT COMFORT PLANT,201 FORMOSA DRIVE,POINT COMFORT,TX,77978,28.6825,-96.545278,1600028209,TX0085570,ECHO覆蓋率稽核,100,"Formosa Plastics Corporation, U.S.A.",台塑集團關係企業 FPC USA 德州 Point Comfort 主廠,郭文筆,1954/11/05,1964/07/27,63657407810,http://www.fpc.com.tw,高雄市仁武區水管路100號,https://www.fpcusa.com/content/uploads/2021/04/formosa-logo-stacked.png,1606963157,,D90,"DMR, Limited - Overdue",,,,,N,Non-Receipt of DMR/Schedule Report,04/19/2006,2,RE - Back into Compliance,04/24/2006,E,Effluent Violations,,,,,,,,,2,1600141664,101,1600141664,Q,J,1651144285,0,1626021040,1610228857,,,.17706,34571,"1,4-Dichlorobenzene",01,kg/d,02/28/2006,3,,,,04/24/2006,35,,1601848544,0,Q1,DB,A,DAILY AV
1301,台灣塑膠工業股份有限公司,Formosa Plastics Corporation,FPC,塑膠工業,,"Formosa Plastics Corporation, U.S.A.",211--美國,,FORMOSA POINT COMFORT PLANT,201 FORMOSA DRIVE,POINT COMFORT,TX,77978,28.6825,-96.545278,1600028209,TX0085570,ECHO覆蓋率稽核,100,"Formosa Plastics Corporation, U.S.A.",台塑集團關係企業 FPC USA 德州 Point Comfort 主廠,郭文筆,1954/11/05,1964/07/27,63657407810,http://www.fpc.com.tw,高雄市仁武區水管路100號,https://www.fpcusa.com/content/uploads/2021/04/formosa-logo-stacked.png,1606963595,,D80,"DMR, Monitor Only - Overdue",,,,,,,,,,,E,Effluent Violations,,,,,,,,,2,1600141664,TX1,1600141664,Q,1,1651154913,,1626028803,1610230982,Q,,,TXP6B,LOEC Lethal Survival Static Renewal 7 Day Chronic Menidia menidia,23,%,12/31/2005,3,,,,09/27/2006,,,1601848636,,C2,MJ,,MO AV MN
1301,台灣塑膠工業股份有限公司,Formosa Plastics Corporation,FPC,塑膠工業,,"Formosa Plastics Corporation, U.S.A.",211--美國,,FORMOSA POINT COMFORT PLANT,201 FORMOSA DRIVE,POINT COMFORT,TX,77978,28.6825,-96.545278,1600028209,TX0085570,ECHO覆蓋率稽核,100,"Formosa Plastics Corporation, U.S.A.",台塑集團關係企業 FPC USA 德州 Point Comfort 主廠,郭文筆,1954/11/05,1964/07/27,63657407810,http://www.fpc.com.tw,高雄市仁武區水管路100號,https://www.fpcusa.com/content/uploads/2021/04/formosa-logo-stacked.png,3001159514,,D90,"DMR, Limited - Overdue",,,,,K,"Non-receipt Violation, Non-Monthly Average",10/21/2012,2,RE - Back into Compliance,11/06/2012,E,Effluent Violations,,,,,,,,,2,1600141664,004,1600141664,A,1,2201923767,,3006967880,3003786900,C,,55,00680,"Carbon, tot organic [TOC]",19,mg/L,08/31/2012,1,,,,11/06/2012,47,,1601848421,,C3,DD,N,DAILY MX
1301,台灣塑膠工業股份有限公司,Formosa Plastics Corporation,FPC,塑膠工業,,"Formosa Plastics Corporation, U.S.A.",211--美國,,FORMOSA POINT COMFORT PLANT,201 FORMOSA DRIVE,POINT COMFORT,TX,77978,28.6825,-96.545278,1600028209,TX0085570,ECHO覆蓋率稽核,100,"Formosa Plastics Corporation, U.S.A.",台塑集團關係企業 FPC USA 德州 Point Comfort 主廠,郭文筆,1954/11/05,1964/07/27,63657407810,http://www.fpc.com.tw,高雄市仁武區水管路100號,https://www.fpcusa.com/content/uploads/2021/04/formosa-logo-stacked.png,1606963655,,D80,"DMR, Monitor Only - Overdue",,,,,,,,,,,E,Effluent Violations,,,,,,,,,2,1600141664,TX1,1600141664,Q,1,1651154918,,1626028863,1610230983,Q,,,TXP6B,LOEC Lethal Survival Static Renewal 7 Day Chronic Menidia menidia,23,%,03/31/2006,3,,,,09/27/2006,,,1601848636,,C2,MJ,,MO AV MN
1301,台灣塑膠工業股份有限公司,Formosa Plastics Corporation,FPC,塑膠工業,,"Formosa Plastics Corporation, U.S.A.",211--美國,,FORMOSA POINT COMFORT PLANT,201 FORMOSA DRIVE,POINT COMFORT,TX,77978,28.6825,-96.545278,1600028209,TX0085570,ECHO覆蓋率稽核,100,"Formosa Plastics Corporation, U.S.A.",台塑集團關係企業 FPC USA 德州 Point Comfort 主廠,郭文筆,1954/11/05,1964/07/27,63657407810,http://www.fpc.com.tw,高雄市仁武區水管路100號,https://www.fpcusa.com/content/uploads/2021/04/formosa-logo-stacked.png,1606963098,,D90,"DMR, Limited - Overdue",,,,,K,"Non-receipt Violation, Non-Monthly Average",04/19/2006,2,RE - Back into Compliance,04/24/2006,E,Effluent Violations,,,,,,,,,2,1600141664,101,1600141664,Q,J,1651143146,0,1626020981,1610228629,,,.64014,34396,Hexachloroethane,01,kg/d,02/28/2006,3,,,,04/24/2006,35,,1601848532,0,Q2,DD,N,DAILY MX
1301,台灣塑膠工業股份有限公司,Formosa Plastics Corporation,FPC,塑膠工業,,"Formosa Plastics Corporation, U.S.A.",211--美國,,FORMOSA POINT COMFORT PLANT,201 FORMOSA DRIVE,POINT COMFORT,TX,77978,28.6825,-96.545278,1600028209,TX0085570,ECHO覆蓋率稽核,100,"Formosa Plastics Corporation, U.S.A.",台塑集團關係企業 FPC USA 德州 Point Comfort 主廠,郭文筆,1954/11/05,1964/07/27,63657407810,http://www.fpc.com.tw,高雄市仁武區水管路100號,https://www.fpcusa.com/content/uploads/2021/04/formosa-logo-stacked.png,1606962695,,E90,"DMR, Limited - Numeric Violation",,,,,,,,,,,E,Effluent Violations,,,,,,,,,2,1600141664,001,1600141664,Q,1,1651109533,47.8,1625989303,1610221906,,,.00000000957,34675,"2,3,7,8-Tetrachlorodibenzo-p-dioxin",19,mg/L,05/31/2008,3,399,,2S,06/20/2008,,,1601848397,.0000000478,C2,DB,A,DAILY AV
1301,台灣塑膠工業股份有限公司,Formosa Plastics Corporation,FPC,塑膠工業,,"Formosa Plastics Corporation, U.S.A.",211--美國,,FORMOSA POINT COMFORT PLANT,201 FORMOSA DRIVE,POINT COMFORT,TX,77978,28.6825,-96.545278,1600028209,TX0085570,ECHO覆蓋率稽核,100,"Formosa Plastics Corporation, U.S.A.",台塑集團關係企業 FPC USA 德州 Point Comfort 主廠,郭文筆,1954/11/05,1964/07/27,63657407810,http://www.fpc.com.tw,高雄市仁武區水管路100號,https://www.fpcusa.com/content/uploads/2021/04/formosa-logo-stacked.png,1606963173,,D90,"DMR, Limited - Overdue",,,,,K,"Non-receipt Violation, Non-Monthly Average",04/19/2006,2,RE - Back into Compliance,04/24/2006,E,Effluent Violations,,,,,,,,,2,1600141664,101,1600141664,Q,J,1651144571,0,1626021056,1610228914,,,1.33022,34601,"2,4-Dichlorophenol",01,kg/d,02/28/2006,3,,,,04/24/2006,35,,1601848547,0,Q2,DD,N,DAILY MX
1301,台灣塑膠工業股份有限公司,Formosa Plastics Corporation,FPC,塑膠工業,,"Formosa Plastics Corporation, U.S.A.",211--美國,,FORMOSA POINT COMFORT PLANT,201 FORMOSA DRIVE,POINT COMFORT,TX,77978,28.6825,-96.545278,1600028209,TX0085570,ECHO覆蓋率稽核,100,"Formosa Plastics Corporation, U.S.A.",台塑集團關係企業 FPC USA 德州 Point Comfort 主廠,郭文筆,1954/11/05,1964/07/27,63657407810,http://www.fpc.com.tw,高雄市仁武區水管路100號,https://www.fpcusa.com/content/uploads/2021/04/formosa-logo-stacked.png,3682417997,,E90,"DMR, Limited - Numeric Violation",,,,,,,,,,,E,Effluent Violations,,,,,,,,,0,3600742495,201,3600742495,A,J,3976472315,53.98,3841403852,3730567496,,,20.12581983,50060,"Chlorine, total residual",01,kg/d,03/31/2025,1,22,=,26,04/17/2025,,,3601385728,24.50691979,Q2,DD,N,DAILY MX
1301,台灣塑膠工業股份有限公司,Formosa Plastics Corporation,FPC,塑膠工業,,"Formosa Plastics Corporation, U.S.A.",211--美國,,FORMOSA POINT COMFORT PLANT,201 FORMOSA DRIVE,POINT COMFORT,TX,77978,28.6825,-96.545278,1600028209,TX0085570,ECHO覆蓋率稽核,100,"Formosa Plastics Corporation, U.S.A.",台塑集團關係企業 FPC USA 德州 Point Comfort 主廠,郭文筆,1954/11/05,1964/07/27,63657407810,http://www.fpc.com.tw,高雄市仁武區水管路100號,https://www.fpcusa.com/content/uploads/2021/04/formosa-logo-stacked.png,1606963133,,D90,"DMR, Limited - Overdue",,,,,K,"Non-receipt Violation, Non-Monthly Average",04/19/2006,2,RE - Back into Compliance,04/24/2006,E,Effluent Violations,,,,,,,,,2,1600141664,101,1600141664,Q,J,1651143811,0,1626021016,1610228762,,,1.93404,34536,"1,2-Dichlorobenzene",01,kg/d,02/28/2006,3,,,,04/24/2006,35,,1601848539,0,Q2,DD,N,DAILY MX
1301,台灣塑膠工業股份有限公司,Formosa Plastics Corporation,FPC,塑膠工業,,"Formosa Plastics Corporation, U.S.A.",211--美國,,FORMOSA POINT COMFORT PLANT,201 FORMOSA DRIVE,POINT COMFORT,TX,77978,28.6825,-96.545278,1600028209,TX0085570,ECHO覆蓋率稽核,100,"Formosa Plastics Corporation, U.S.A.",台塑集團關係企業 FPC USA 德州 Point Comfort 主廠,郭文筆,1954/11/05,1964/07/27,63657407810,http://www.fpc.com.tw,高雄市仁武區水管路100號,https://www.fpcusa.com/content/uploads/2021/04/formosa-logo-stacked.png,1606963463,,D80,"DMR, Monitor Only - Overdue",,,,,K,"Non-receipt Violation, Non-Monthly Average",09/19/2001,2,RE - Back into Compliance,11/02/2001,E,Effluent Violations,,,,,,,,,1,1600141665,201,1600141665,A,J,1651152486,2170,1626023981,1610230497,,,,00340,"Oxygen demand, chem. [high level] [COD]",01,kg/d,07/31/2001,1,,,,11/02/2001,74,,1601848618,985.18,Q2,DD,N,DAILY MX
1301,台灣塑膠工業股份有限公司,Formosa Plastics Corporation,FPC,塑膠工業,,"Formosa Plastics Corporation, U.S.A.",211--美國,,FORMOSA POINT COMFORT PLANT,201 FORMOSA DRIVE,POINT COMFORT,TX,77978,28.6825,-96.545278,1600028209,TX0085570,ECHO覆蓋率稽核,100,"Formosa Plastics Corporation, U.S.A.",台塑集團關係企業 FPC USA 德州 Point Comfort 主廠,郭文筆,1954/11/05,1964/07/27,63657407810,http://www.fpc.com.tw,高雄市仁武區水管路100號,https://www.fpcusa.com/content/uploads/2021/04/formosa-logo-stacked.png,1606963579,,D80,"DMR, Monitor Only - Overdue",,,,,,,,,,,E,Effluent Violations,,,,,,,,,2,1600141664,TX1,1600141664,Q,1,1651154852,0,1626028787,1610230970,,,,TWP3E,Pass/Fail Sub-Lethal Static Renewal 7 Day Chronic Americamysis bahia (formerly Mysidopsis bahia),9A,pass=0;fail=1,12/31/2005,3,,,,09/27/2006,99,,1601848633,0,C1,7D,,7 DA MIN
1301,台灣塑膠工業股份有限公司,Formosa Plastics Corporation,FPC,塑膠工業,,"Formosa Plastics Corporation, U.S.A.",211--美國,,FORMOSA POINT COMFORT PLANT,201 FORMOSA DRIVE,POINT COMFORT,TX,77978,28.6825,-96.545278,1600028209,TX0085570,ECHO覆蓋率稽核,100,"Formosa Plastics Corporation, U.S.A.",台塑集團關係企業 FPC USA 德州 Point Comfort 主廠,郭文筆,1954/11/05,1964/07/27,63657407810,http://www.fpc.com.tw,高雄市仁武區水管路100號,https://www.fpcusa.com/content/uploads/2021/04/formosa-logo-stacked.png,1606963765,,D90,"DMR, Limited - Overdue",,,,,K,"Non-receipt Violation, Non-Monthly Average",08/19/2006,2,RE - Back into Compliance,09/27/2006,E,Effluent Violations,,,,,,,,,2,1600141664,TXA,1600141664,Q,1,1651155523,100,1626029498,1610231104,,,100,22414,Whole effluent toxicity,23,%,06/30/2006,3,,,,09/27/2006,69,,1601848656,100,C2,SA,N,SINGSAMP
1301,台灣塑膠工業股份有限公司,Formosa Plastics Corporation,FPC,塑膠工業,,"Formosa Plastics Corporation, U.S.A.",211--美國,,FORMOSA POINT COMFORT PLANT,201 FORMOSA DRIVE,POINT COMFORT,TX,77978,28.6825,-96.545278,1600028209,TX0085570,ECHO覆蓋率稽核,100,"Formosa Plastics Corporation, U.S.A.",台塑集團關係企業 FPC USA 德州 Point Comfort 主廠,郭文筆,1954/11/05,1964/07/27,63657407810,http://www.fpc.com.tw,高雄市仁武區水管路100號,https://www.fpcusa.com/content/uploads/2021/04/formosa-logo-stacked.png,1606962868,,D90,"DMR, Limited - Overdue",,,,,K,"Non-receipt Violation, Non-Monthly Average",09/19/2001,2,RE - Back into Compliance,11/02/2001,E,Effluent Violations,,,,,,,,,1,1600141665,101,1600141665,A,J,1651138566,0,1626008951,1610227713,,,2.50154,32103,"1,2-Dichloroethane",01,kg/d,07/31/2001,1,,,,11/02/2001,74,,1601848512,0,Q2,DD,N,DAILY MX
1301,台灣塑膠工業股份有限公司,Formosa Plastics Corporation,FPC,塑膠工業,,"Formosa Plastics Corporation, U.S.A.",211--美國,,FORMOSA POINT COMFORT PLANT,201 FORMOSA DRIVE,POINT COMFORT,TX,77978,28.6825,-96.545278,1600028209,TX0085570,ECHO覆蓋率稽核,100,"Formosa Plastics Corporation, U.S.A.",台塑集團關係企業 FPC USA 德州 Point Comfort 主廠,郭文筆,1954/11/05,1964/07/27,63657407810,http://www.fpc.com.tw,高雄市仁武區水管路100號,https://www.fpcusa.com/content/uploads/2021/04/formosa-logo-stacked.png,3404650575,,E90,"DMR, Limited - Numeric Violation",,,,,,,,,,,E,Effluent Violations,,,,,,,,,2,1600141664,201,1600141664,A,J,3401045880,243,3420647827,3411748099,,,107.598,00310,"BOD, 5-day, 20 deg. C",01,kg/d,04/30/2014,1,3,=,26,05/20/2014,,,1601848607,110.32199907,Q1,DB,A,DAILY AV
1301,台灣塑膠工業股份有限公司,Formosa Plastics Corporation,FPC,塑膠工業,,"Formosa Plastics Corporation, U.S.A.",211--美國,,FORMOSA POINT COMFORT PLANT,201 FORMOSA DRIVE,POINT COMFORT,TX,77978,28.6825,-96.545278,1600028209,TX0085570,ECHO覆蓋率稽核,100,"Formosa Plastics Corporation, U.S.A.",台塑集團關係企業 FPC USA 德州 Point Comfort 主廠,郭文筆,1954/11/05,1964/07/27,63657407810,http://www.fpc.com.tw,高雄市仁武區水管路100號,https://www.fpcusa.com/content/uploads/2021/04/formosa-logo-stacked.png,1606963367,,D90,"DMR, Limited - Overdue",,,,,N,Non-Receipt of DMR/Schedule Report,07/20/2006,2,RE - Back into Compliance,09/27/2006,E,Effluent Violations,,,,,,,,,2,1600141664,101,1600141664,Q,J,1651144290,0,1626021250,1610228858,,,.17706,34571,"1,4-Dichlorobenzene",01,kg/d,05/31/2006,3,,,,09/27/2006,99,,1601848544,0,Q1,DB,A,DAILY AV
1301,台灣塑膠工業股份有限公司,Formosa Plastics Corporation,FPC,塑膠工業,,"Formosa Plastics Corporation, U.S.A.",211--美國,,FORMOSA POINT COMFORT PLANT,201 FORMOSA DRIVE,POINT COMFORT,TX,77978,28.6825,-96.545278,1600028209,TX0085570,ECHO覆蓋率稽核,100,"Formosa Plastics Corporation, U.S.A.",台塑集團關係企業 FPC USA 德州 Point Comfort 主廠,郭文筆,1954/11/05,1964/07/27,63657407810,http://www.fpc.com.tw,高雄市仁武區水管路100號,https://www.fpcusa.com/content/uploads/2021/04/formosa-logo-stacked.png,1606963629,,D80,"DMR, Monitor Only - Overdue",,,,,,,,,,,E,Effluent Violations,,,,,,,,,2,1600141664,TX1,1600141664,Q,1,1651154817,13,1626028837,1610230963,,,,TPP3E,NOEC Sub-Lethal Static Renewal 7 Day Chronic Americamysis bahia (formerly Mysidopsis bahia),23,%,03/31/2006,3,,,,09/27/2006,99,,1601848631,13,C1,7D,,7 DA MIN
1301,台灣塑膠工業股份有限公司,Formosa Plastics Corporation,FPC,塑膠工業,,"Formosa Plastics Corporation, U.S.A.",211--美國,,FORMOSA POINT COMFORT PLANT,201 FORMOSA DRIVE,POINT COMFORT,TX,77978,28.6825,-96.545278,1600028209,TX0085570,ECHO覆蓋率稽核,100,"Formosa Plastics Corporation, U.S.A.",台塑集團關係企業 FPC USA 德州 Point Comfort 主廠,郭文筆,1954/11/05,1964/07/27,63657407810,http://www.fpc.com.tw,高雄市仁武區水管路100號,https://www.fpcusa.com/content/uploads/2021/04/formosa-logo-stacked.png,1606963635,,D80,"DMR, Monitor Only - Overdue",,,,,,,,,,,E,Effluent Violations,,,,,,,,,2,1600141664,TX1,1600141664,Q,1,1651154838,13,1626028843,1610230967,,,,TPP6B,NOEC Sub-Lethal Static Renewal 7 Day Chronic Menidia menidia,23,%,03/31/2006,3,,,,09/27/2006,99,,1601848632,13,C2,MJ,,MO AV MN
1301,台灣塑膠工業股份有限公司,Formosa Plastics Corporation,FPC,塑膠工業,,"Formosa Plastics Corporation, U.S.A.",211--美國,,FORMOSA POINT COMFORT PLANT,201 FORMOSA DRIVE,POINT COMFORT,TX,77978,28.6825,-96.545278,1600028209,TX0085570,ECHO覆蓋率稽核,100,"Formosa Plastics Corporation, U.S.A.",台塑集團關係企業 FPC USA 德州 Point Comfort 主廠,郭文筆,1954/11/05,1964/07/27,63657407810,http://www.fpc.com.tw,高雄市仁武區水管路100號,https://www.fpcusa.com/content/uploads/2021/04/formosa-logo-stacked.png,1606963745,,D90,"DMR, Limited - Overdue",,,,,K,"Non-receipt Violation, Non-Monthly Average",02/19/2006,2,RE - Back into Compliance,09/27/2006,E,Effluent Violations,,,,,,,,,2,1600141664,TXA,1600141664,Q,1,1651155513,100,1626029478,1610231102,,,100,22414,Whole effluent toxicity,23,%,12/31/2005,3,,,,09/27/2006,99,,1601848656,100,C2,SA,N,SINGSAMP
1301,台灣塑膠工業股份有限公司,Formosa Plastics Corporation,FPC,塑膠工業,,"Formosa Plastics Corporation, U.S.A.",211--美國,,FORMOSA POINT COMFORT PLANT,201 FORMOSA DRIVE,POINT COMFORT,TX,77978,28.6825,-96.545278,1600028209,TX0085570,ECHO覆蓋率稽核,100,"Formosa Plastics Corporation, U.S.A.",台塑集團關係企業 FPC USA 德州 Point Comfort 主廠,郭文筆,1954/11/05,1964/07/27,63657407810,http://www.fpc.com.tw,高雄市仁武區水管路100號,https://www.fpcusa.com/content/uploads/2021/04/formosa-logo-stacked.png,1606963117,,D90,"DMR, Limited - Overdue",,,,,N,Non-Receipt of DMR/Schedule Report,04/19/2006,2,RE - Back into Compliance,04/24/2006,E,Effluent Violations,,,,,,,,,2,1600141664,101,1600141664,Q,J,1651143525,0,1626021000,1610228705,,,.19068,34501,"1,1-Dichloroethylene",01,kg/d,02/28/2006,3,,,,04/24/2006,35,,1601848536,0,Q1,DB,A,DAILY AV
1301,台灣塑膠工業股份有限公司,Formosa Plastics Corporation,FPC,塑膠工業,,"Formosa Plastics Corporation, U.S.A.",211--美國,,FORMOSA POINT COMFORT PLANT,201 FORMOSA DRIVE,POINT COMFORT,TX,77978,28.6825,-96.545278,1600028209,TX0085570,ECHO覆蓋率稽核,100,"Formosa Plastics Corporation, U.S.A.",台塑集團關係企業 FPC USA 德州 Point Comfort 主廠,郭文筆,1954/11/05,1964/07/27,63657407810,http://www.fpc.com.tw,高雄市仁武區水管路100號,https://www.fpcusa.com/content/uploads/2021/04/formosa-logo-stacked.png,1606963664,,D80,"DMR, Monitor Only - Overdue",,,,,,,,,,,E,Effluent Violations,,,,,,,,,2,1600141664,TX1,1600141664,Q,1,1651154957,,1626028872,1610230991,Q,,,TYP6B,LOEC Sub-Lethal Reproduction Static Renewal 7 Day Chronic Menidia menidia,23,%,03/31/2006,3,,,,09/27/2006,,,1601848638,,C1,7D,,7 DA MIN
1301,台灣塑膠工業股份有限公司,Formosa Plastics Corporation,FPC,塑膠工業,,"Formosa Plastics Corporation, U.S.A.",211--美國,,FORMOSA POINT COMFORT PLANT,201 FORMOSA DRIVE,POINT COMFORT,TX,77978,28.6825,-96.545278,1600028209,TX0085570,ECHO覆蓋率稽核,100,"Formosa Plastics Corporation, U.S.A.",台塑集團關係企業 FPC USA 德州 Point Comfort 主廠,郭文筆,1954/11/05,1964/07/27,63657407810,http://www.fpc.com.tw,高雄市仁武區水管路100號,https://www.fpcusa.com/content/uploads/2021/04/formosa-logo-stacked.png,1606963373,,D90,"DMR, Limited - Overdue",,,,,K,"Non-receipt Violation, Non-Monthly Average",07/20/2006,2,RE - Back into Compliance,09/27/2006,E,Effluent Violations,,,,,,,,,2,1600141664,101,1600141664,Q,J,1651144386,0,1626021256,1610228877,,,1.16224,34586,2-Chlorophenol,01,kg/d,05/31/2006,3,,,,09/27/2006,99,,1601848545,0,Q2,DD,N,DAILY MX
1301,台灣塑膠工業股份有限公司,Formosa Plastics Corporation,FPC,塑膠工業,,"Formosa Plastics Corporation, U.S.A.",211--美國,,FORMOSA POINT COMFORT PLANT,201 FORMOSA DRIVE,POINT COMFORT,TX,77978,28.6825,-96.545278,1600028209,TX0085570,ECHO覆蓋率稽核,100,"Formosa Plastics Corporation, U.S.A.",台塑集團關係企業 FPC USA 德州 Point Comfort 主廠,郭文筆,1954/11/05,1964/07/27,63657407810,http://www.fpc.com.tw,高雄市仁武區水管路100號,https://www.fpcusa.com/content/uploads/2021/04/formosa-logo-stacked.png,3661471129,,E90,"DMR, Limited - Numeric Violation",,,,,,,,,,,E,Effluent Violations,,,,,,,,,0,3600742495,004,3600742495,A,1,3836231715,1.2,3748755207,3679294712,,,.4,32103,"1,2-Dichloroethane",19,mg/L,08/31/2021,1,200,=,19,09/17/2021,,,3601385630,1.2,C3,DD,N,DAILY MX
1301,台灣塑膠工業股份有限公司,Formosa Plastics Corporation,FPC,塑膠工業,,"Formosa Plastics Corporation, U.S.A.",211--美國,,FORMOSA POINT COMFORT PLANT,201 FORMOSA DRIVE,POINT COMFORT,TX,77978,28.6825,-96.545278,1600028209,TX0085570,ECHO覆蓋率稽核,100,"Formosa Plastics Corporation, U.S.A.",台塑集團關係企業 FPC USA 德州 Point Comfort 主廠,郭文筆,1954/11/05,1964/07/27,63657407810,http://www.fpc.com.tw,高雄市仁武區水管路100號,https://www.fpcusa.com/content/uploads/2021/04/formosa-logo-stacked.png,3001038054,,D90,"DMR, Limited - Overdue",,,,,K,"Non-receipt Violation, Non-Monthly Average",09/20/2012,2,RE - Back into Compliance,10/19/2012,E,Effluent Violations,,,,,,,,,2,1600141664,012,1600141664,A,1,2201926859,,3006272031,3003403814,C,,9,00400,pH,12,SU,07/31/2012,1,,,,10/19/2012,60,,1601848475,,C3,MB,N,MAXIMUM
1301,台灣塑膠工業股份有限公司,Formosa Plastics Corporation,FPC,塑膠工業,,"Formosa Plastics Corporation, U.S.A.",211--美國,,FORMOSA POINT COMFORT PLANT,201 FORMOSA DRIVE,POINT COMFORT,TX,77978,28.6825,-96.545278,1600028209,TX0085570,ECHO覆蓋率稽核,100,"Formosa Plastics Corporation, U.S.A.",台塑集團關係企業 FPC USA 德州 Point Comfort 主廠,郭文筆,1954/11/05,1964/07/27,63657407810,http://www.fpc.com.tw,高雄市仁武區水管路100號,https://www.fpcusa.com/content/uploads/2021/04/formosa-logo-stacked.png,1606963293,,D90,"DMR, Limited - Overdue",,,,,K,"Non-receipt Violation, Non-Monthly Average",07/20/2006,2,RE - Back into Compliance,09/27/2006,E,Effluent Violations,,,,,,,,,2,1600141664,101,1600141664,Q,J,1651142866,0,1626021176,1610228573,,,.80812,34376,Fluoranthene,01,kg/d,05/31/2006,3,,,,09/27/2006,99,,1601848529,0,Q2,DD,N,DAILY MX
1301,台灣塑膠工業股份有限公司,Formosa Plastics Corporation,FPC,塑膠工業,,"Formosa Plastics Corporation, U.S.A.",211--美國,,FORMOSA POINT COMFORT PLANT,201 FORMOSA DRIVE,POINT COMFORT,TX,77978,28.6825,-96.545278,1600028209,TX0085570,ECHO覆蓋率稽核,100,"Formosa Plastics Corporation, U.S.A.",台塑集團關係企業 FPC USA 德州 Point Comfort 主廠,郭文筆,1954/11/05,1964/07/27,63657407810,http://www.fpc.com.tw,高雄市仁武區水管路100號,https://www.fpcusa.com/content/uploads/2021/04/formosa-logo-stacked.png,1606962963,,D90,"DMR, Limited - Overdue",,,,,K,"Non-receipt Violation, Non-Monthly Average",04/19/2002,2,RE - Back into Compliance,06/10/2002,E,Effluent Violations,,,,,,,,,1,1600141665,101,1600141665,A,J,1651141601,0,1626009601,1610228320,,,.309524,82582,"pH range excursions, monthly total accum",5A,d,02/28/2002,1,,,,06/10/2002,82,,1601848516,0,Q2,MP,N,MO TOTAL
1301,台灣塑膠工業股份有限公司,Formosa Plastics Corporation,FPC,塑膠工業,,"Formosa Plastics Corporation, U.S.A.",211--美國,,FORMOSA POINT COMFORT PLANT,201 FORMOSA DRIVE,POINT COMFORT,TX,77978,28.6825,-96.545278,1600028209,TX0085570,ECHO覆蓋率稽核,100,"Formosa Plastics Corporation, U.S.A.",台塑集團關係企業 FPC USA 德州 Point Comfort 主廠,郭文筆,1954/11/05,1964/07/27,63657407810,http://www.fpc.com.tw,高雄市仁武區水管路100號,https://www.fpcusa.com/content/uploads/2021/04/formosa-logo-stacked.png,1606962666,,E90,"DMR, Limited - Numeric Violation",,,,,,,,,,,E,Effluent Violations,,,,,,,,,2,1600141664,001,1600141664,A,1,1651096519,380,1625985309,1610219303,,,300,00340,"Oxygen demand, chem. [high level] [COD]",19,mg/L,11/30/2006,1,27,,19,12/20/2006,,,1601848349,380,C3,DD,N,DAILY MX
1301,台灣塑膠工業股份有限公司,Formosa Plastics Corporation,FPC,塑膠工業,,"Formosa Plastics Corporation, U.S.A.",211--美國,,FORMOSA POINT COMFORT PLANT,201 FORMOSA DRIVE,POINT COMFORT,TX,77978,28.6825,-96.545278,1600028209,TX0085570,ECHO覆蓋率稽核,100,"Formosa Plastics Corporation, U.S.A.",台塑集團關係企業 FPC USA 德州 Point Comfort 主廠,郭文筆,1954/11/05,1964/07/27,63657407810,http://www.fpc.com.tw,高雄市仁武區水管路100號,https://www.fpcusa.com/content/uploads/2021/04/formosa-logo-stacked.png,1606963387,,D90,"DMR, Limited - Overdue",,,,,N,Non-Receipt of DMR/Schedule Report,07/20/2006,2,RE - Back into Compliance,09/27/2006,E,Effluent Violations,,,,,,,,,2,1600141664,101,1600141664,Q,J,1651144670,0,1626021270,1610228934,,,.21338,34606,"2,4-Dimethylphenol",01,kg/d,05/31/2006,3,,,,09/27/2006,99,,1601848548,0,Q1,DB,A,DAILY AV
1301,台灣塑膠工業股份有限公司,Formosa Plastics Corporation,FPC,塑膠工業,,"Formosa Plastics Corporation, U.S.A.",211--美國,,FORMOSA POINT COMFORT PLANT,201 FORMOSA DRIVE,POINT COMFORT,TX,77978,28.6825,-96.545278,1600028209,TX0085570,ECHO覆蓋率稽核,100,"Formosa Plastics Corporation, U.S.A.",台塑集團關係企業 FPC USA 德州 Point Comfort 主廠,郭文筆,1954/11/05,1964/07/27,63657407810,http://www.fpc.com.tw,高雄市仁武區水管路100號,https://www.fpcusa.com/content/uploads/2021/04/formosa-logo-stacked.png,3001159532,,D90,"DMR, Limited - Overdue",,,,,K,"Non-receipt Violation, Non-Monthly Average",10/21/2012,2,RE - Back into Compliance,11/06/2012,E,Effluent Violations,,,,,,,,,2,1600141664,011,1600141664,A,1,2201926592,,3006967897,3003786912,C,,55,00680,"Carbon, tot organic [TOC]",19,mg/L,08/31/2012,1,,,,11/06/2012,47,,1601848471,,C3,DD,N,DAILY MX
1301,台灣塑膠工業股份有限公司,Formosa Plastics Corporation,FPC,塑膠工業,,"Formosa Plastics Corporation, U.S.A.",211--美國,,FORMOSA POINT COMFORT PLANT,201 FORMOSA DRIVE,POINT COMFORT,TX,77978,28.6825,-96.545278,1600028209,TX0085570,ECHO覆蓋率稽核,100,"Formosa Plastics Corporation, U.S.A.",台塑集團關係企業 FPC USA 德州 Point Comfort 主廠,郭文筆,1954/11/05,1964/07/27,63657407810,http://www.fpc.com.tw,高雄市仁武區水管路100號,https://www.fpcusa.com/content/uploads/2021/04/formosa-logo-stacked.png,3405301666,,D90,"DMR, Limited - Overdue",,,,,K,"Non-receipt Violation, Non-Monthly Average",08/20/2014,9,RE - Manual by Back into Compliance/Administratively Resolved,10/10/2014,E,Effluent Violations,,,,,,,,,2,1600141664,011,1600141664,A,1,3401036170,,3422292797,3412626144,E,,55,00680,"Carbon, tot organic [TOC]",19,mg/L,06/30/2014,1,,,,07/17/2014,,,1601848471,,C3,DD,N,DAILY MX
1301,台灣塑膠工業股份有限公司,Formosa Plastics Corporation,FPC,塑膠工業,,"Formosa Plastics Corporation, U.S.A.",211--美國,,FORMOSA POINT COMFORT PLANT,201 FORMOSA DRIVE,POINT COMFORT,TX,77978,28.6825,-96.545278,1600028209,TX0085570,ECHO覆蓋率稽核,100,"Formosa Plastics Corporation, U.S.A.",台塑集團關係企業 FPC USA 德州 Point Comfort 主廠,郭文筆,1954/11/05,1964/07/27,63657407810,http://www.fpc.com.tw,高雄市仁武區水管路100號,https://www.fpcusa.com/content/uploads/2021/04/formosa-logo-stacked.png,1606963457,,D90,"DMR, Limited - Overdue",,,,,N,Non-Receipt of DMR/Schedule Report,09/19/2001,2,RE - Back into Compliance,11/02/2001,E,Effluent Violations,,,,,,,,,1,1600141665,201,1600141665,A,J,1651152235,117,1626023975,1610230447,,,138.016,00310,"BOD, 5-day, 20 deg. C",01,kg/d,07/31/2001,1,,,,11/02/2001,74,,1601848617,53.118,Q1,DB,A,DAILY AV
1301,台灣塑膠工業股份有限公司,Formosa Plastics Corporation,FPC,塑膠工業,,"Formosa Plastics Corporation, U.S.A.",211--美國,,FORMOSA POINT COMFORT PLANT,201 FORMOSA DRIVE,POINT COMFORT,TX,77978,28.6825,-96.545278,1600028209,TX0085570,ECHO覆蓋率稽核,100,"Formosa Plastics Corporation, U.S.A.",台塑集團關係企業 FPC USA 德州 Point Comfort 主廠,郭文筆,1954/11/05,1964/07/27,63657407810,http://www.fpc.com.tw,高雄市仁武區水管路100號,https://www.fpcusa.com/content/uploads/2021/04/formosa-logo-stacked.png,1606962683,,D90,"DMR, Limited - Overdue",,,,,K,"Non-receipt Violation, Non-Monthly Average",04/19/2006,2,RE - Back into Compliance,09/27/2006,E,Effluent Violations,,,,,,,,,2,1600141664,001,1600141664,Q,1,1651109486,0,1625989256,1610221897,,,.000000744,34675,"2,3,7,8-Tetrachlorodibenzo-p-dioxin",01,kg/d,02/28/2006,3,,,,09/27/2006,99,,1601848397,0,Q2,DD,N,DAILY MX
1301,台灣塑膠工業股份有限公司,Formosa Plastics Corporation,FPC,塑膠工業,,"Formosa Plastics Corporation, U.S.A.",211--美國,,FORMOSA POINT COMFORT PLANT,201 FORMOSA DRIVE,POINT COMFORT,TX,77978,28.6825,-96.545278,1600028209,TX0085570,ECHO覆蓋率稽核,100,"Formosa Plastics Corporation, U.S.A.",台塑集團關係企業 FPC USA 德州 Point Comfort 主廠,郭文筆,1954/11/05,1964/07/27,63657407810,http://www.fpc.com.tw,高雄市仁武區水管路100號,https://www.fpcusa.com/content/uploads/2021/04/formosa-logo-stacked.png,1606963506,,D80,"DMR, Monitor Only - Overdue",,,,,K,"Non-receipt Violation, Non-Monthly Average",09/19/2001,2,RE - Back into Compliance,11/02/2001,E,Effluent Violations,,,,,,,,,1,1600141665,201,1600141665,A,J,1651154489,0,1626024024,1610230897,,,,50060,"Chlorine, total residual",19,mg/L,07/31/2001,1,,,,11/02/2001,74,,1601848626,0,C3,DD,N,DAILY MX
1301,台灣塑膠工業股份有限公司,Formosa Plastics Corporation,FPC,塑膠工業,,"Formosa Plastics Corporation, U.S.A.",211--美國,,FORMOSA POINT COMFORT PLANT,201 FORMOSA DRIVE,POINT COMFORT,TX,77978,28.6825,-96.545278,1600028209,TX0085570,ECHO覆蓋率稽核,100,"Formosa Plastics Corporation, U.S.A.",台塑集團關係企業 FPC USA 德州 Point Comfort 主廠,郭文筆,1954/11/05,1964/07/27,63657407810,http://www.fpc.com.tw,高雄市仁武區水管路100號,https://www.fpcusa.com/content/uploads/2021/04/formosa-logo-stacked.png,3000556119,,D90,"DMR, Limited - Overdue",,,,,,,,,,,E,Effluent Violations,,,,,,,,,2,1600141664,011,1600141664,A,1,2201926534,,3003446514,3001863649,C,,6,00400,pH,12,SU,04/30/2012,1,,,,07/13/2012,54,,1601848469,,C1,ME,,MINIMUM
1301,台灣塑膠工業股份有限公司,Formosa Plastics Corporation,FPC,塑膠工業,,"Formosa Plastics Corporation, U.S.A.",211--美國,,FORMOSA POINT COMFORT PLANT,201 FORMOSA DRIVE,POINT COMFORT,TX,77978,28.6825,-96.545278,1600028209,TX0085570,ECHO覆蓋率稽核,100,"Formosa Plastics Corporation, U.S.A.",台塑集團關係企業 FPC USA 德州 Point Comfort 主廠,郭文筆,1954/11/05,1964/07/27,63657407810,http://www.fpc.com.tw,高雄市仁武區水管路100號,https://www.fpcusa.com/content/uploads/2021/04/formosa-logo-stacked.png,3404945741,,E90,"DMR, Limited - Numeric Violation",,,,,,,,,,,E,Effluent Violations,,,,,,,,,2,1600141664,201,1600141664,A,J,3401046137,620,3421536155,3412221522,,,215.196,00310,"BOD, 5-day, 20 deg. C",01,kg/d,05/31/2014,1,31,=,26,06/20/2014,,,1601848607,281.47999763,Q2,DD,N,DAILY MX
1301,台灣塑膠工業股份有限公司,Formosa Plastics Corporation,FPC,塑膠工業,,"Formosa Plastics Corporation, U.S.A.",211--美國,,FORMOSA POINT COMFORT PLANT,201 FORMOSA DRIVE,POINT COMFORT,TX,77978,28.6825,-96.545278,1600028209,TX0085570,ECHO覆蓋率稽核,100,"Formosa Plastics Corporation, U.S.A.",台塑集團關係企業 FPC USA 德州 Point Comfort 主廠,郭文筆,1954/11/05,1964/07/27,63657407810,http://www.fpc.com.tw,高雄市仁武區水管路100號,https://www.fpcusa.com/content/uploads/2021/04/formosa-logo-stacked.png,1606962958,,D90,"DMR, Limited - Overdue",,,,,K,"Non-receipt Violation, Non-Monthly Average",04/19/2002,2,RE - Back into Compliance,06/10/2002,E,Effluent Violations,,,,,,,,,1,1600141665,101,1600141665,A,J,1651141351,0,1626009596,1610228270,,,0,82581,"pH range excursions, > 60 minutes",88,occur/d,02/28/2002,1,,,,06/10/2002,82,,1601848515,0,Q2,MP,N,MO TOTAL
1301,台灣塑膠工業股份有限公司,Formosa Plastics Corporation,FPC,塑膠工業,,"Formosa Plastics Corporation, U.S.A.",211--美國,,FORMOSA POINT COMFORT PLANT,201 FORMOSA DRIVE,POINT COMFORT,TX,77978,28.6825,-96.545278,1600028209,TX0085570,ECHO覆蓋率稽核,100,"Formosa Plastics Corporation, U.S.A.",台塑集團關係企業 FPC USA 德州 Point Comfort 主廠,郭文筆,1954/11/05,1964/07/27,63657407810,http://www.fpc.com.tw,高雄市仁武區水管路100號,https://www.fpcusa.com/content/uploads/2021/04/formosa-logo-stacked.png,3401670493,,E90,"DMR, Limited - Numeric Violation",,,,,,,,,,,E,Effluent Violations,,,,,,,,,2,1600141664,005,1600141664,A,1,2614038950,57.3,3406525486,3403908406,,,55,00680,"Carbon, tot organic [TOC]",19,mg/L,03/31/2013,1,4,=,19,05/23/2013,33,,1601848431,57.3,C3,DD,N,DAILY MX
1301,台灣塑膠工業股份有限公司,Formosa Plastics Corporation,FPC,塑膠工業,,"Formosa Plastics Corporation, U.S.A.",211--美國,,FORMOSA POINT COMFORT PLANT,201 FORMOSA DRIVE,POINT COMFORT,TX,77978,28.6825,-96.545278,1600028209,TX0085570,ECHO覆蓋率稽核,100,"Formosa Plastics Corporation, U.S.A.",台塑集團關係企業 FPC USA 德州 Point Comfort 主廠,郭文筆,1954/11/05,1964/07/27,63657407810,http://www.fpc.com.tw,高雄市仁武區水管路100號,https://www.fpcusa.com/content/uploads/2021/04/formosa-logo-stacked.png,3637522029,,E90,"DMR, Limited - Numeric Violation",,,,,,,,,,,E,Effluent Violations,,,,,,,,,0,3600742495,001,3600742495,Q,1,3671368306,26.7,3669664185,3637427671,,,0,34675,"2,3,7,8-Tetrachlorodibenzo-p-dioxin",19,mg/L,05/31/2018,3,2147483650,=,2S,06/20/2018,,,3601386409,.00000003,C2,DB,A,DAILY AV
1301,台灣塑膠工業股份有限公司,Formosa Plastics Corporation,FPC,塑膠工業,,"Formosa Plastics Corporation, U.S.A.",211--美國,,FORMOSA POINT COMFORT PLANT,201 FORMOSA DRIVE,POINT COMFORT,TX,77978,28.6825,-96.545278,1600028209,TX0085570,ECHO覆蓋率稽核,100,"Formosa Plastics Corporation, U.S.A.",台塑集團關係企業 FPC USA 德州 Point Comfort 主廠,郭文筆,1954/11/05,1964/07/27,63657407810,http://www.fpc.com.tw,高雄市仁武區水管路100號,https://www.fpcusa.com/content/uploads/2021/04/formosa-logo-stacked.png,1606962833,,D90,"DMR, Limited - Overdue",,,,,K,"Non-receipt Violation, Non-Monthly Average",09/19/2001,2,RE - Back into Compliance,11/02/2001,E,Effluent Violations,,,,,,,,,1,1600141665,101,1600141665,A,J,1651139066,0,1626008916,1610227813,,,1.6117,34030,Benzene,01,kg/d,07/31/2001,1,,,,11/02/2001,74,,1601848505,0,Q2,DD,N,DAILY MX
1301,台灣塑膠工業股份有限公司,Formosa Plastics Corporation,FPC,塑膠工業,,"Formosa Plastics Corporation, U.S.A.",211--美國,,FORMOSA POINT COMFORT PLANT,201 FORMOSA DRIVE,POINT COMFORT,TX,77978,28.6825,-96.545278,1600028209,TX0085570,ECHO覆蓋率稽核,100,"Formosa Plastics Corporation, U.S.A.",台塑集團關係企業 FPC USA 德州 Point Comfort 主廠,郭文筆,1954/11/05,1964/07/27,63657407810,http://www.fpc.com.tw,高雄市仁武區水管路100號,https://www.fpcusa.com/content/uploads/2021/04/formosa-logo-stacked.png,1606962828,,D90,"DMR, Limited - Overdue",,,,,K,"Non-receipt Violation, Non-Monthly Average",09/19/2001,2,RE - Back into Compliance,11/02/2001,E,Effluent Violations,,,,,,,,,1,1600141665,101,1600141665,A,J,1651138816,0,1626008911,1610227763,,,.5448,32106,Chloroform,01,kg/d,07/31/2001,1,,,,11/02/2001,74,,1601848504,0,Q2,DD,N,DAILY MX
1301,台灣塑膠工業股份有限公司,Formosa Plastics Corporation,FPC,塑膠工業,,"Formosa Plastics Corporation, U.S.A.",211--美國,,FORMOSA POINT COMFORT PLANT,201 FORMOSA DRIVE,POINT COMFORT,TX,77978,28.6825,-96.545278,1600028209,TX0085570,ECHO覆蓋率稽核,100,"Formosa Plastics Corporation, U.S.A.",台塑集團關係企業 FPC USA 德州 Point Comfort 主廠,郭文筆,1954/11/05,1964/07/27,63657407810,http://www.fpc.com.tw,高雄市仁武區水管路100號,https://www.fpcusa.com/content/uploads/2021/04/formosa-logo-stacked.png,3659945221,,E90,"DMR, Limited - Numeric Violation",,,,,,,,,,,E,Effluent Violations,,,,,,,,,0,3600742495,201,3600742495,A,J,3836259622,545,3742877327,3676135349,,,215.196,00310,"BOD, 5-day, 20 deg. C",01,kg/d,05/31/2021,1,15,=,26,06/18/2021,,,3601385726,247.42999792,Q2,DD,N,DAILY MX
1301,台灣塑膠工業股份有限公司,Formosa Plastics Corporation,FPC,塑膠工業,,"Formosa Plastics Corporation, U.S.A.",211--美國,,FORMOSA POINT COMFORT PLANT,201 FORMOSA DRIVE,POINT COMFORT,TX,77978,28.6825,-96.545278,1600028209,TX0085570,ECHO覆蓋率稽核,100,"Formosa Plastics Corporation, U.S.A.",台塑集團關係企業 FPC USA 德州 Point Comfort 主廠,郭文筆,1954/11/05,1964/07/27,63657407810,http://www.fpc.com.tw,高雄市仁武區水管路100號,https://www.fpcusa.com/content/uploads/2021/04/formosa-logo-stacked.png,2600002016,,D90,"DMR, Limited - Overdue",,,,,,,,,,,E,Effluent Violations,,,,,,,,,2,1600141664,TX1,1600141664,S,V,1804018957,,2202872174,2201622329,8,,10,22414,Whole effluent toxicity,23,%,12/31/2010,6,,,,01/20/2011,,,1601848642,,C2,MJ,,MO AV MN
1301,台灣塑膠工業股份有限公司,Formosa Plastics Corporation,FPC,塑膠工業,,"Formosa Plastics Corporation, U.S.A.",211--美國,,FORMOSA POINT COMFORT PLANT,201 FORMOSA DRIVE,POINT COMFORT,TX,77978,28.6825,-96.545278,1600028209,TX0085570,ECHO覆蓋率稽核,100,"Formosa Plastics Corporation, U.S.A.",台塑集團關係企業 FPC USA 德州 Point Comfort 主廠,郭文筆,1954/11/05,1964/07/27,63657407810,http://www.fpc.com.tw,高雄市仁武區水管路100號,https://www.fpcusa.com/content/uploads/2021/04/formosa-logo-stacked.png,1606962680,,D90,"DMR, Limited - Overdue",,,,,N,Non-Receipt of DMR/Schedule Report,01/19/2006,2,RE - Back into Compliance,09/27/2006,E,Effluent Violations,,,,,,,,,2,1600141664,001,1600141664,Q,1,1651109483,0,1625989253,1610221896,,,.00000000957,34675,"2,3,7,8-Tetrachlorodibenzo-p-dioxin",19,mg/L,11/30/2005,3,,,,09/27/2006,99,,1601848397,0,C2,DB,A,DAILY AV
1301,台灣塑膠工業股份有限公司,Formosa Plastics Corporation,FPC,塑膠工業,,"Formosa Plastics Corporation, U.S.A.",211--美國,,FORMOSA POINT COMFORT PLANT,201 FORMOSA DRIVE,POINT COMFORT,TX,77978,28.6825,-96.545278,1600028209,TX0085570,ECHO覆蓋率稽核,100,"Formosa Plastics Corporation, U.S.A.",台塑集團關係企業 FPC USA 德州 Point Comfort 主廠,郭文筆,1954/11/05,1964/07/27,63657407810,http://www.fpc.com.tw,高雄市仁武區水管路100號,https://www.fpcusa.com/content/uploads/2021/04/formosa-logo-stacked.png,1606963460,,D80,"DMR, Monitor Only - Overdue",,,,,N,Non-Receipt of DMR/Schedule Report,09/19/2001,2,RE - Back into Compliance,11/02/2001,E,Effluent Violations,,,,,,,,,1,1600141665,201,1600141665,A,J,1651152238,5,1626023978,1610230447,,,,00310,"BOD, 5-day, 20 deg. C",19,mg/L,07/31/2001,1,,,,11/02/2001,74,,1601848617,5,C2,DB,A,DAILY AV
1301,台灣塑膠工業股份有限公司,Formosa Plastics Corporation,FPC,塑膠工業,,"Formosa Plastics Corporation, U.S.A.",211--美國,,FORMOSA POINT COMFORT PLANT,201 FORMOSA DRIVE,POINT COMFORT,TX,77978,28.6825,-96.545278,1600028209,TX0085570,ECHO覆蓋率稽核,100,"Formosa Plastics Corporation, U.S.A.",台塑集團關係企業 FPC USA 德州 Point Comfort 主廠,郭文筆,1954/11/05,1964/07/27,63657407810,http://www.fpc.com.tw,高雄市仁武區水管路100號,https://www.fpcusa.com/content/uploads/2021/04/formosa-logo-stacked.png,1606963481,,D80,"DMR, Monitor Only - Overdue",,,,,K,"Non-receipt Violation, Non-Monthly Average",09/19/2001,2,RE - Back into Compliance,11/02/2001,E,Effluent Violations,,,,,,,,,1,1600141665,201,1600141665,A,J,1651153239,.04,1626023999,1610230647,,,,01042,"Copper, total [as Cu]",19,mg/L,07/31/2001,1,,,,11/02/2001,74,,1601848621,.04,C3,DD,N,DAILY MX
1301,台灣塑膠工業股份有限公司,Formosa Plastics Corporation,FPC,塑膠工業,,"Formosa Plastics Corporation, U.S.A.",211--美國,,FORMOSA POINT COMFORT PLANT,201 FORMOSA DRIVE,POINT COMFORT,TX,77978,28.6825,-96.545278,1600028209,TX0085570,ECHO覆蓋率稽核,100,"Formosa Plastics Corporation, U.S.A.",台塑集團關係企業 FPC USA 德州 Point Comfort 主廠,郭文筆,1954/11/05,1964/07/27,63657407810,http://www.fpc.com.tw,高雄市仁武區水管路100號,https://www.fpcusa.com/content/uploads/2021/04/formosa-logo-stacked.png,1606962817,,D90,"DMR, Limited - Overdue",,,,,N,Non-Receipt of DMR/Schedule Report,09/19/2001,2,RE - Back into Compliance,11/02/2001,E,Effluent Violations,,,,,,,,,1,1600141665,101,1600141665,A,J,1651138065,68,1626008900,1610227613,,,521.646,00530,"Solids, total suspended",01,kg/d,07/31/2001,1,,,,11/02/2001,74,,1601848502,30.872,Q1,DB,A,DAILY AV
1301,台灣塑膠工業股份有限公司,Formosa Plastics Corporation,FPC,塑膠工業,,"Formosa Plastics Corporation, U.S.A.",211--美國,,FORMOSA POINT COMFORT PLANT,201 FORMOSA DRIVE,POINT COMFORT,TX,77978,28.6825,-96.545278,1600028209,TX0085570,ECHO覆蓋率稽核,100,"Formosa Plastics Corporation, U.S.A.",台塑集團關係企業 FPC USA 德州 Point Comfort 主廠,郭文筆,1954/11/05,1964/07/27,63657407810,http://www.fpc.com.tw,高雄市仁武區水管路100號,https://www.fpcusa.com/content/uploads/2021/04/formosa-logo-stacked.png,3001159294,,D80,"DMR, Monitor Only - Overdue",,,,,K,"Non-receipt Violation, Non-Monthly Average",10/21/2012,2,RE - Back into Compliance,11/06/2012,E,Effluent Violations,,,,,,,,,2,1600141664,005,1600141664,A,1,2201924391,,3006967927,3003786928,C,,,03768,"Purgeable hydrocarbons, Meth. 601",19,mg/L,08/31/2012,1,,,,11/06/2012,47,,1601848432,,C3,DD,N,DAILY MX
1301,台灣塑膠工業股份有限公司,Formosa Plastics Corporation,FPC,塑膠工業,,"Formosa Plastics Corporation, U.S.A.",211--美國,,FORMOSA POINT COMFORT PLANT,201 FORMOSA DRIVE,POINT COMFORT,TX,77978,28.6825,-96.545278,1600028209,TX0085570,ECHO覆蓋率稽核,100,"Formosa Plastics Corporation, U.S.A.",台塑集團關係企業 FPC USA 德州 Point Comfort 主廠,郭文筆,1954/11/05,1964/07/27,63657407810,http://www.fpc.com.tw,高雄市仁武區水管路100號,https://www.fpcusa.com/content/uploads/2021/04/formosa-logo-stacked.png,1606962678,,D90,"DMR, Limited - Overdue",,,,,K,"Non-receipt Violation, Non-Monthly Average",01/19/2006,2,RE - Back into Compliance,09/27/2006,E,Effluent Violations,,,,,,,,,2,1600141664,001,1600141664,Q,1,1651109481,0,1625989251,1610221896,,,.000000744,34675,"2,3,7,8-Tetrachlorodibenzo-p-dioxin",01,kg/d,11/30/2005,3,,,,09/27/2006,99,,1601848397,0,Q2,DD,N,DAILY MX
1301,台灣塑膠工業股份有限公司,Formosa Plastics Corporation,FPC,塑膠工業,,"Formosa Plastics Corporation, U.S.A.",211--美國,,FORMOSA POINT COMFORT PLANT,201 FORMOSA DRIVE,POINT COMFORT,TX,77978,28.6825,-96.545278,1600028209,TX0085570,ECHO覆蓋率稽核,100,"Formosa Plastics Corporation, U.S.A.",台塑集團關係企業 FPC USA 德州 Point Comfort 主廠,郭文筆,1954/11/05,1964/07/27,63657407810,http://www.fpc.com.tw,高雄市仁武區水管路100號,https://www.fpcusa.com/content/uploads/2021/04/formosa-logo-stacked.png,1606963028,,D90,"DMR, Limited - Overdue",,,,,K,"Non-receipt Violation, Non-Monthly Average",04/19/2006,2,RE - Back into Compliance,04/24/2006,E,Effluent Violations,,,,,,,,,2,1600141664,101,1600141664,Q,J,1651141911,0,1626020911,1610228382,,,.69916,34205,Acenaphthene,01,kg/d,02/28/2006,3,,,,04/24/2006,35,,1601848518,0,Q2,DD,N,DAILY MX
1301,台灣塑膠工業股份有限公司,Formosa Plastics Corporation,FPC,塑膠工業,,"Formosa Plastics Corporation, U.S.A.",211--美國,,FORMOSA POINT COMFORT PLANT,201 FORMOSA DRIVE,POINT COMFORT,TX,77978,28.6825,-96.545278,1600028209,TX0085570,ECHO覆蓋率稽核,100,"Formosa Plastics Corporation, U.S.A.",台塑集團關係企業 FPC USA 德州 Point Comfort 主廠,郭文筆,1954/11/05,1964/07/27,63657407810,http://www.fpc.com.tw,高雄市仁武區水管路100號,https://www.fpcusa.com/content/uploads/2021/04/formosa-logo-stacked.png,1606962673,,E90,"DMR, Limited - Numeric Violation",,,,,,,,,,,E,Effluent Violations,,,,,,,,,2,1600141664,001,1600141664,A,1,1651101906,.22,1625987396,1610220381,,,.02724,71900,"Mercury, total [as Hg]",01,kg/d,03/31/2008,1,267,,26,04/16/2008,,,1601848367,.09988,Q2,DD,N,DAILY MX
1301,台灣塑膠工業股份有限公司,Formosa Plastics Corporation,FPC,塑膠工業,,"Formosa Plastics Corporation, U.S.A.",211--美國,,FORMOSA POINT COMFORT PLANT,201 FORMOSA DRIVE,POINT COMFORT,TX,77978,28.6825,-96.545278,1600028209,TX0085570,ECHO覆蓋率稽核,100,"Formosa Plastics Corporation, U.S.A.",台塑集團關係企業 FPC USA 德州 Point Comfort 主廠,郭文筆,1954/11/05,1964/07/27,63657407810,http://www.fpc.com.tw,高雄市仁武區水管路100號,https://www.fpcusa.com/content/uploads/2021/04/formosa-logo-stacked.png,1606962789,,D90,"DMR, Limited - Overdue",,,,,,,,,,,E,Effluent Violations,,,,,,,,,1,1600141665,101,1600141665,A,J,1651137812,6.9,1626008807,1610227562,,,5,00400,pH,12,SU,06/30/2001,1,,,,11/02/2001,99,,1601848501,6.9,C1,ME,,MINIMUM
1301,台灣塑膠工業股份有限公司,Formosa Plastics Corporation,FPC,塑膠工業,,"Formosa Plastics Corporation, U.S.A.",211--美國,,FORMOSA POINT COMFORT PLANT,201 FORMOSA DRIVE,POINT COMFORT,TX,77978,28.6825,-96.545278,1600028209,TX0085570,ECHO覆蓋率稽核,100,"Formosa Plastics Corporation, U.S.A.",台塑集團關係企業 FPC USA 德州 Point Comfort 主廠,郭文筆,1954/11/05,1964/07/27,63657407810,http://www.fpc.com.tw,高雄市仁武區水管路100號,https://www.fpcusa.com/content/uploads/2021/04/formosa-logo-stacked.png,1606963228,,D90,"DMR, Limited - Overdue",,,,,K,"Non-receipt Violation, Non-Monthly Average",04/19/2006,2,RE - Back into Compliance,04/24/2006,E,Effluent Violations,,,,,,,,,2,1600141664,101,1600141664,Q,J,1651145616,0,1626021111,1610229123,,,.5221,51044,"1,3-Dichloropropylene",01,kg/d,02/28/2006,3,,,,04/24/2006,35,,1601848558,0,Q2,DD,N,DAILY MX
1301,台灣塑膠工業股份有限公司,Formosa Plastics Corporation,FPC,塑膠工業,,"Formosa Plastics Corporation, U.S.A.",211--美國,,FORMOSA POINT COMFORT PLANT,201 FORMOSA DRIVE,POINT COMFORT,TX,77978,28.6825,-96.545278,1600028209,TX0085570,ECHO覆蓋率稽核,100,"Formosa Plastics Corporation, U.S.A.",台塑集團關係企業 FPC USA 德州 Point Comfort 主廠,郭文筆,1954/11/05,1964/07/27,63657407810,http://www.fpc.com.tw,高雄市仁武區水管路100號,https://www.fpcusa.com/content/uploads/2021/04/formosa-logo-stacked.png,1606963217,,D90,"DMR, Limited - Overdue",,,,,N,Non-Receipt of DMR/Schedule Report,04/19/2006,2,RE - Back into Compliance,04/24/2006,E,Effluent Violations,,,,,,,,,2,1600141664,101,1600141664,Q,J,1651145425,0,1626021100,1610229085,,,.32234,39110,Di-n-butyl phthalate,01,kg/d,02/28/2006,3,,,,04/24/2006,35,,1601848556,0,Q1,DB,A,DAILY AV
1301,台灣塑膠工業股份有限公司,Formosa Plastics Corporation,FPC,塑膠工業,,"Formosa Plastics Corporation, U.S.A.",211--美國,,FORMOSA POINT COMFORT PLANT,201 FORMOSA DRIVE,POINT COMFORT,TX,77978,28.6825,-96.545278,1600028209,TX0085570,ECHO覆蓋率稽核,100,"Formosa Plastics Corporation, U.S.A.",台塑集團關係企業 FPC USA 德州 Point Comfort 主廠,郭文筆,1954/11/05,1964/07/27,63657407810,http://www.fpc.com.tw,高雄市仁武區水管路100號,https://www.fpcusa.com/content/uploads/2021/04/formosa-logo-stacked.png,1606962734,,E90,"DMR, Limited - Numeric Violation",,,,,,,,,,,E,Effluent Violations,,,,,,,,,1,1600141665,006,1600141665,A,1,1651121562,3.1,1625999187,1610224312,,,6,00400,pH,12,SU,06/30/2003,1,,,,08/07/2003,18,,1601848442,3.1,C1,ME,,MINIMUM
1301,台灣塑膠工業股份有限公司,Formosa Plastics Corporation,FPC,塑膠工業,,"Formosa Plastics Corporation, U.S.A.",211--美國,,FORMOSA POINT COMFORT PLANT,201 FORMOSA DRIVE,POINT COMFORT,TX,77978,28.6825,-96.545278,1600028209,TX0085570,ECHO覆蓋率稽核,100,"Formosa Plastics Corporation, U.S.A.",台塑集團關係企業 FPC USA 德州 Point Comfort 主廠,郭文筆,1954/11/05,1964/07/27,63657407810,http://www.fpc.com.tw,高雄市仁武區水管路100號,https://www.fpcusa.com/content/uploads/2021/04/formosa-logo-stacked.png,1606963352,,D90,"DMR, Limited - Overdue",,,,,N,Non-Receipt of DMR/Schedule Report,07/20/2006,2,RE - Back into Compliance,09/27/2006,E,Effluent Violations,,,,,,,,,2,1600141664,101,1600141664,Q,J,1651144005,0,1626021235,1610228801,,,.2497,34546,"trans-1,2-Dichloroethylene",01,kg/d,05/31/2006,3,,,,09/27/2006,99,,1601848541,0,Q1,DB,A,DAILY AV
1301,台灣塑膠工業股份有限公司,Formosa Plastics Corporation,FPC,塑膠工業,,"Formosa Plastics Corporation, U.S.A.",211--美國,,FORMOSA POINT COMFORT PLANT,201 FORMOSA DRIVE,POINT COMFORT,TX,77978,28.6825,-96.545278,1600028209,TX0085570,ECHO覆蓋率稽核,100,"Formosa Plastics Corporation, U.S.A.",台塑集團關係企業 FPC USA 德州 Point Comfort 主廠,郭文筆,1954/11/05,1964/07/27,63657407810,http://www.fpc.com.tw,高雄市仁武區水管路100號,https://www.fpcusa.com/content/uploads/2021/04/formosa-logo-stacked.png,1606963063,,D90,"DMR, Limited - Overdue",,,,,K,"Non-receipt Violation, Non-Monthly Average",04/19/2006,2,RE - Back into Compliance,04/24/2006,E,Effluent Violations,,,,,,,,,2,1600141664,101,1600141664,Q,J,1651142481,0,1626020946,1610228496,,,.69916,34320,Chrysene,01,kg/d,02/28/2006,3,,,,04/24/2006,35,,1601848525,0,Q2,DD,N,DAILY MX
1301,台灣塑膠工業股份有限公司,Formosa Plastics Corporation,FPC,塑膠工業,,"Formosa Plastics Corporation, U.S.A.",211--美國,,FORMOSA POINT COMFORT PLANT,201 FORMOSA DRIVE,POINT COMFORT,TX,77978,28.6825,-96.545278,1600028209,TX0085570,ECHO覆蓋率稽核,100,"Formosa Plastics Corporation, U.S.A.",台塑集團關係企業 FPC USA 德州 Point Comfort 主廠,郭文筆,1954/11/05,1964/07/27,63657407810,http://www.fpc.com.tw,高雄市仁武區水管路100號,https://www.fpcusa.com/content/uploads/2021/04/formosa-logo-stacked.png,1606963660,,D80,"DMR, Monitor Only - Overdue",,,,,,,,,,,E,Effluent Violations,,,,,,,,,2,1600141664,TX1,1600141664,Q,1,1651154938,,1626028868,1610230987,Q,,,TYP3E,LOEC Sub-Lethal Reproduction Static Renewal 7 Day Chronic Americamysis bahia (Mysidopsis bahia),23,%,03/31/2006,3,,,,09/27/2006,,,1601848637,,C2,MJ,,MO AV MN
1301,台灣塑膠工業股份有限公司,Formosa Plastics Corporation,FPC,塑膠工業,,"Formosa Plastics Corporation, U.S.A.",211--美國,,FORMOSA POINT COMFORT PLANT,201 FORMOSA DRIVE,POINT COMFORT,TX,77978,28.6825,-96.545278,1600028209,TX0085570,ECHO覆蓋率稽核,100,"Formosa Plastics Corporation, U.S.A.",台塑集團關係企業 FPC USA 德州 Point Comfort 主廠,郭文筆,1954/11/05,1964/07/27,63657407810,http://www.fpc.com.tw,高雄市仁武區水管路100號,https://www.fpcusa.com/content/uploads/2021/04/formosa-logo-stacked.png,1606963427,,D90,"DMR, Limited - Overdue",,,,,N,Non-Receipt of DMR/Schedule Report,07/20/2006,2,RE - Back into Compliance,09/27/2006,E,Effluent Violations,,,,,,,,,2,1600141664,101,1600141664,Q,J,1651145430,0,1626021310,1610229086,,,.32234,39110,Di-n-butyl phthalate,01,kg/d,05/31/2006,3,,,,09/27/2006,99,,1601848556,0,Q1,DB,A,DAILY AV
1301,台灣塑膠工業股份有限公司,Formosa Plastics Corporation,FPC,塑膠工業,,"Formosa Plastics Corporation, U.S.A.",211--美國,,FORMOSA POINT COMFORT PLANT,201 FORMOSA DRIVE,POINT COMFORT,TX,77978,28.6825,-96.545278,1600028209,TX0085570,ECHO覆蓋率稽核,100,"Formosa Plastics Corporation, U.S.A.",台塑集團關係企業 FPC USA 德州 Point Comfort 主廠,郭文筆,1954/11/05,1964/07/27,63657407810,http://www.fpc.com.tw,高雄市仁武區水管路100號,https://www.fpcusa.com/content/uploads/2021/04/formosa-logo-stacked.png,1606963714,,D80,"DMR, Monitor Only - Overdue",,,,,,,,,,,E,Effluent Violations,,,,,,,,,2,1600141664,TX1,1600141664,Q,1,1651154922,,1626028922,1610230984,Q,,,TXP6B,LOEC Lethal Survival Static Renewal 7 Day Chronic Menidia menidia,23,%,06/30/2006,3,,,,09/27/2006,,,1601848636,,C1,7D,,7 DA MIN
1301,台灣塑膠工業股份有限公司,Formosa Plastics Corporation,FPC,塑膠工業,,"Formosa Plastics Corporation, U.S.A.",211--美國,,FORMOSA POINT COMFORT PLANT,201 FORMOSA DRIVE,POINT COMFORT,TX,77978,28.6825,-96.545278,1600028209,TX0085570,ECHO覆蓋率稽核,100,"Formosa Plastics Corporation, U.S.A.",台塑集團關係企業 FPC USA 德州 Point Comfort 主廠,郭文筆,1954/11/05,1964/07/27,63657407810,http://www.fpc.com.tw,高雄市仁武區水管路100號,https://www.fpcusa.com/content/uploads/2021/04/formosa-logo-stacked.png,1606962688,,D90,"DMR, Limited - Overdue",,,,,K,"Non-receipt Violation, Non-Monthly Average",07/20/2006,2,RE - Back into Compliance,09/27/2006,E,Effluent Violations,,,,,,,,,2,1600141664,001,1600141664,Q,1,1651109491,0,1625989261,1610221898,,,.000000744,34675,"2,3,7,8-Tetrachlorodibenzo-p-dioxin",01,kg/d,05/31/2006,3,,,,09/27/2006,99,,1601848397,0,Q2,DD,N,DAILY MX
1301,台灣塑膠工業股份有限公司,Formosa Plastics Corporation,FPC,塑膠工業,,"Formosa Plastics Corporation, U.S.A.",211--美國,,FORMOSA POINT COMFORT PLANT,201 FORMOSA DRIVE,POINT COMFORT,TX,77978,28.6825,-96.545278,1600028209,TX0085570,ECHO覆蓋率稽核,100,"Formosa Plastics Corporation, U.S.A.",台塑集團關係企業 FPC USA 德州 Point Comfort 主廠,郭文筆,1954/11/05,1964/07/27,63657407810,http://www.fpc.com.tw,高雄市仁武區水管路100號,https://www.fpcusa.com/content/uploads/2021/04/formosa-logo-stacked.png,3001038083,,D90,"DMR, Limited - Overdue",,,,,K,"Non-receipt Violation, Non-Monthly Average",09/20/2012,2,RE - Back into Compliance,10/19/2012,E,Effluent Violations,,,,,,,,,2,1600141664,012,1600141664,A,1,2201926863,,3006272029,3003403813,C,,55,00680,"Carbon, tot organic [TOC]",19,mg/L,07/31/2012,1,,,,10/19/2012,60,,1601848477,,C3,DD,N,DAILY MX
1301,台灣塑膠工業股份有限公司,Formosa Plastics Corporation,FPC,塑膠工業,,"Formosa Plastics Corporation, U.S.A.",211--美國,,FORMOSA POINT COMFORT PLANT,201 FORMOSA DRIVE,POINT COMFORT,TX,77978,28.6825,-96.545278,1600028209,TX0085570,ECHO覆蓋率稽核,100,"Formosa Plastics Corporation, U.S.A.",台塑集團關係企業 FPC USA 德州 Point Comfort 主廠,郭文筆,1954/11/05,1964/07/27,63657407810,http://www.fpc.com.tw,高雄市仁武區水管路100號,https://www.fpcusa.com/content/uploads/2021/04/formosa-logo-stacked.png,3600051864,,E90,"DMR, Limited - Numeric Violation",,,,,,,,,,,E,Effluent Violations,,,,,,,,,2,1600141664,009,1600141664,A,1,3401034362,10.5,3600169805,3600100211,,,9,00400,pH,12,SU,09/30/2014,1,,=,12,10/17/2014,,,1601848457,10.5,C3,MB,N,MAXIMUM
1301,台灣塑膠工業股份有限公司,Formosa Plastics Corporation,FPC,塑膠工業,,"Formosa Plastics Corporation, U.S.A.",211--美國,,FORMOSA POINT COMFORT PLANT,201 FORMOSA DRIVE,POINT COMFORT,TX,77978,28.6825,-96.545278,1600028209,TX0085570,ECHO覆蓋率稽核,100,"Formosa Plastics Corporation, U.S.A.",台塑集團關係企業 FPC USA 德州 Point Comfort 主廠,郭文筆,1954/11/05,1964/07/27,63657407810,http://www.fpc.com.tw,高雄市仁武區水管路100號,https://www.fpcusa.com/content/uploads/2021/04/formosa-logo-stacked.png,1606962759,,D90,"DMR, Limited - Overdue",,,,,,,,,,,E,Effluent Violations,,,,,,,,,1,1600141665,012,1600141665,A,1,1651131257,,1626007387,1610226251,C,,6,00400,pH,12,SU,07/31/2001,1,,,,11/02/2001,,,1601848478,,C1,ME,,MINIMUM
1301,台灣塑膠工業股份有限公司,Formosa Plastics Corporation,FPC,塑膠工業,,"Formosa Plastics Corporation, U.S.A.",211--美國,,FORMOSA POINT COMFORT PLANT,201 FORMOSA DRIVE,POINT COMFORT,TX,77978,28.6825,-96.545278,1600028209,TX0085570,ECHO覆蓋率稽核,100,"Formosa Plastics Corporation, U.S.A.",台塑集團關係企業 FPC USA 德州 Point Comfort 主廠,郭文筆,1954/11/05,1964/07/27,63657407810,http://www.fpc.com.tw,高雄市仁武區水管路100號,https://www.fpcusa.com/content/uploads/2021/04/formosa-logo-stacked.png,1606963332,,D90,"DMR, Limited - Overdue",,,,,N,Non-Receipt of DMR/Schedule Report,07/20/2006,2,RE - Back into Compliance,09/27/2006,E,Effluent Violations,,,,,,,,,2,1600141664,101,1600141664,Q,J,1651143625,0,1626021215,1610228725,,,.2497,34511,"1,1,2-Trichloroethane",01,kg/d,05/31/2006,3,,,,09/27/2006,99,,1601848537,0,Q1,DB,A,DAILY AV
1301,台灣塑膠工業股份有限公司,Formosa Plastics Corporation,FPC,塑膠工業,,"Formosa Plastics Corporation, U.S.A.",211--美國,,FORMOSA POINT COMFORT PLANT,201 FORMOSA DRIVE,POINT COMFORT,TX,77978,28.6825,-96.545278,1600028209,TX0085570,ECHO覆蓋率稽核,100,"Formosa Plastics Corporation, U.S.A.",台塑集團關係企業 FPC USA 德州 Point Comfort 主廠,郭文筆,1954/11/05,1964/07/27,63657407810,http://www.fpc.com.tw,高雄市仁武區水管路100號,https://www.fpcusa.com/content/uploads/2021/04/formosa-logo-stacked.png,1606963272,,D90,"DMR, Limited - Overdue",,,,,N,Non-Receipt of DMR/Schedule Report,07/20/2006,2,RE - Back into Compliance,09/27/2006,E,Effluent Violations,,,,,,,,,2,1600141664,101,1600141664,Q,J,1651142485,0,1626021155,1610228497,,,.25878,34320,Chrysene,01,kg/d,05/31/2006,3,,,,09/27/2006,99,,1601848525,0,Q1,DB,A,DAILY AV
1301,台灣塑膠工業股份有限公司,Formosa Plastics Corporation,FPC,塑膠工業,,"Formosa Plastics Corporation, U.S.A.",211--美國,,FORMOSA POINT COMFORT PLANT,201 FORMOSA DRIVE,POINT COMFORT,TX,77978,28.6825,-96.545278,1600028209,TX0085570,ECHO覆蓋率稽核,100,"Formosa Plastics Corporation, U.S.A.",台塑集團關係企業 FPC USA 德州 Point Comfort 主廠,郭文筆,1954/11/05,1964/07/27,63657407810,http://www.fpc.com.tw,高雄市仁武區水管路100號,https://www.fpcusa.com/content/uploads/2021/04/formosa-logo-stacked.png,1606963715,,D80,"DMR, Monitor Only - Overdue",,,,,,,,,,,E,Effluent Violations,,,,,,,,,2,1600141664,TX1,1600141664,Q,1,1651154923,,1626028923,1610230984,Q,,,TXP6B,LOEC Lethal Survival Static Renewal 7 Day Chronic Menidia menidia,23,%,06/30/2006,3,,,,09/27/2006,,,1601848636,,C2,MJ,,MO AV MN
1301,台灣塑膠工業股份有限公司,Formosa Plastics Corporation,FPC,塑膠工業,,"Formosa Plastics Corporation, U.S.A.",211--美國,,FORMOSA POINT COMFORT PLANT,201 FORMOSA DRIVE,POINT COMFORT,TX,77978,28.6825,-96.545278,1600028209,TX0085570,ECHO覆蓋率稽核,100,"Formosa Plastics Corporation, U.S.A.",台塑集團關係企業 FPC USA 德州 Point Comfort 主廠,郭文筆,1954/11/05,1964/07/27,63657407810,http://www.fpc.com.tw,高雄市仁武區水管路100號,https://www.fpcusa.com/content/uploads/2021/04/formosa-logo-stacked.png,1606962668,,E90,"DMR, Limited - Numeric Violation",,,,,,,,,,,E,Effluent Violations,,,,,,,,,2,1600141664,001,1600141664,A,1,1651102416,5200,1625985406,1610220483,,,1238.058,80082,"BOD, carbonaceous [5 day, 20 C]",01,kg/d,11/30/2006,1,91,,26,12/20/2006,,,1601848369,2360.8,Q2,DD,N,DAILY MX
1301,台灣塑膠工業股份有限公司,Formosa Plastics Corporation,FPC,塑膠工業,,"Formosa Plastics Corporation, U.S.A.",211--美國,,FORMOSA POINT COMFORT PLANT,201 FORMOSA DRIVE,POINT COMFORT,TX,77978,28.6825,-96.545278,1600028209,TX0085570,ECHO覆蓋率稽核,100,"Formosa Plastics Corporation, U.S.A.",台塑集團關係企業 FPC USA 德州 Point Comfort 主廠,郭文筆,1954/11/05,1964/07/27,63657407810,http://www.fpc.com.tw,高雄市仁武區水管路100號,https://www.fpcusa.com/content/uploads/2021/04/formosa-logo-stacked.png,1606962731,,E90,"DMR, Limited - Numeric Violation",,,,,,,,,,,E,Effluent Violations,,,,,,,,,1,1600141665,006,1600141665,A,1,1651121469,9.4,1625998904,1610224293,,,9,00400,pH,12,SU,11/30/2001,1,,,,12/27/2001,7,,1601848442,9.4,C3,MB,N,MAXIMUM
1301,台灣塑膠工業股份有限公司,Formosa Plastics Corporation,FPC,塑膠工業,,"Formosa Plastics Corporation, U.S.A.",211--美國,,FORMOSA POINT COMFORT PLANT,201 FORMOSA DRIVE,POINT COMFORT,TX,77978,28.6825,-96.545278,1600028209,TX0085570,ECHO覆蓋率稽核,100,"Formosa Plastics Corporation, U.S.A.",台塑集團關係企業 FPC USA 德州 Point Comfort 主廠,郭文筆,1954/11/05,1964/07/27,63657407810,http://www.fpc.com.tw,高雄市仁武區水管路100號,https://www.fpcusa.com/content/uploads/2021/04/formosa-logo-stacked.png,1606963574,,D80,"DMR, Monitor Only - Overdue",,,,,,,,,,,E,Effluent Violations,,,,,,,,,2,1600141664,TX1,1600141664,Q,1,1651154832,13,1626028782,1610230966,,,,TPP6B,NOEC Sub-Lethal Static Renewal 7 Day Chronic Menidia menidia,23,%,12/31/2005,3,,,,09/27/2006,99,,1601848632,13,C1,7D,,7 DA MIN
1301,台灣塑膠工業股份有限公司,Formosa Plastics Corporation,FPC,塑膠工業,,"Formosa Plastics Corporation, U.S.A.",211--美國,,FORMOSA POINT COMFORT PLANT,201 FORMOSA DRIVE,POINT COMFORT,TX,77978,28.6825,-96.545278,1600028209,TX0085570,ECHO覆蓋率稽核,100,"Formosa Plastics Corporation, U.S.A.",台塑集團關係企業 FPC USA 德州 Point Comfort 主廠,郭文筆,1954/11/05,1964/07/27,63657407810,http://www.fpc.com.tw,高雄市仁武區水管路100號,https://www.fpcusa.com/content/uploads/2021/04/formosa-logo-stacked.png,3642423755,,E90,"DMR, Limited - Numeric Violation",,,,,,,,,,,E,Effluent Violations,,,,,,,,,0,3600742495,001,3600742495,A,1,3650127619,10.18,3695917022,3651761686,,,1.41193999,01042,"Copper, total [as Cu]",01,kg/d,07/31/2019,1,227,=,26,08/20/2019,,,3601385607,4.62171996,Q2,DD,N,DAILY MX
1301,台灣塑膠工業股份有限公司,Formosa Plastics Corporation,FPC,塑膠工業,,"Formosa Plastics Corporation, U.S.A.",211--美國,,FORMOSA POINT COMFORT PLANT,201 FORMOSA DRIVE,POINT COMFORT,TX,77978,28.6825,-96.545278,1600028209,TX0085570,ECHO覆蓋率稽核,100,"Formosa Plastics Corporation, U.S.A.",台塑集團關係企業 FPC USA 德州 Point Comfort 主廠,郭文筆,1954/11/05,1964/07/27,63657407810,http://www.fpc.com.tw,高雄市仁武區水管路100號,https://www.fpcusa.com/content/uploads/2021/04/formosa-logo-stacked.png,2200543048,,E90,"DMR, Limited - Numeric Violation",,,,,,,,,,,E,Effluent Violations,,,,,,,,,2,1600141664,001,1600141664,A,1,1804000100,1.9,2201178439,2200661892,,,.33596,34694,Phenol,01,kg/d,09/30/2010,1,157,=,26,10/19/2010,,,1601848363,.86259999,Q2,DD,N,DAILY MX
1301,台灣塑膠工業股份有限公司,Formosa Plastics Corporation,FPC,塑膠工業,,"Formosa Plastics Corporation, U.S.A.",211--美國,,FORMOSA POINT COMFORT PLANT,201 FORMOSA DRIVE,POINT COMFORT,TX,77978,28.6825,-96.545278,1600028209,TX0085570,ECHO覆蓋率稽核,100,"Formosa Plastics Corporation, U.S.A.",台塑集團關係企業 FPC USA 德州 Point Comfort 主廠,郭文筆,1954/11/05,1964/07/27,63657407810,http://www.fpc.com.tw,高雄市仁武區水管路100號,https://www.fpcusa.com/content/uploads/2021/04/formosa-logo-stacked.png,1606962508,,D90,"DMR, Limited - Overdue",,,,,K,"Non-receipt Violation, Non-Monthly Average",08/19/2001,2,RE - Back into Compliance,06/10/2002,E,Effluent Violations,,,,,,,,,1,1600141665,001,1600141665,A,1,1651108981,0,1625977411,1610221796,,,0,82581,"pH range excursions, > 60 minutes",88,occur/d,06/30/2001,1,,,,06/10/2002,99,,1601848395,0,Q2,MP,N,MO TOTAL
1301,台灣塑膠工業股份有限公司,Formosa Plastics Corporation,FPC,塑膠工業,,"Formosa Plastics Corporation, U.S.A.",211--美國,,FORMOSA POINT COMFORT PLANT,201 FORMOSA DRIVE,POINT COMFORT,TX,77978,28.6825,-96.545278,1600028209,TX0085570,ECHO覆蓋率稽核,100,"Formosa Plastics Corporation, U.S.A.",台塑集團關係企業 FPC USA 德州 Point Comfort 主廠,郭文筆,1954/11/05,1964/07/27,63657407810,http://www.fpc.com.tw,高雄市仁武區水管路100號,https://www.fpcusa.com/content/uploads/2021/04/formosa-logo-stacked.png,1606962872,,D90,"DMR, Limited - Overdue",,,,,N,Non-Receipt of DMR/Schedule Report,09/19/2001,2,RE - Back into Compliance,11/02/2001,E,Effluent Violations,,,,,,,,,1,1600141665,101,1600141665,A,J,1651140815,0,1626008955,1610228163,,,.17706,34694,Phenol,01,kg/d,07/31/2001,1,,,,11/02/2001,74,,1601848513,0,Q1,DB,A,DAILY AV
1301,台灣塑膠工業股份有限公司,Formosa Plastics Corporation,FPC,塑膠工業,,"Formosa Plastics Corporation, U.S.A.",211--美國,,FORMOSA POINT COMFORT PLANT,201 FORMOSA DRIVE,POINT COMFORT,TX,77978,28.6825,-96.545278,1600028209,TX0085570,ECHO覆蓋率稽核,100,"Formosa Plastics Corporation, U.S.A.",台塑集團關係企業 FPC USA 德州 Point Comfort 主廠,郭文筆,1954/11/05,1964/07/27,63657407810,http://www.fpc.com.tw,高雄市仁武區水管路100號,https://www.fpcusa.com/content/uploads/2021/04/formosa-logo-stacked.png,1606963077,,D90,"DMR, Limited - Overdue",,,,,N,Non-Receipt of DMR/Schedule Report,04/19/2006,2,RE - Back into Compliance,04/24/2006,E,Effluent Violations,,,,,,,,,2,1600141664,101,1600141664,Q,J,1651142765,0,1626020960,1610228553,,,.38136,34371,Ethylbenzene,01,kg/d,02/28/2006,3,,,,04/24/2006,35,,1601848528,0,Q1,DB,A,DAILY AV
1301,台灣塑膠工業股份有限公司,Formosa Plastics Corporation,FPC,塑膠工業,,"Formosa Plastics Corporation, U.S.A.",211--美國,,FORMOSA POINT COMFORT PLANT,201 FORMOSA DRIVE,POINT COMFORT,TX,77978,28.6825,-96.545278,1600028209,TX0085570,ECHO覆蓋率稽核,100,"Formosa Plastics Corporation, U.S.A.",台塑集團關係企業 FPC USA 德州 Point Comfort 主廠,郭文筆,1954/11/05,1964/07/27,63657407810,http://www.fpc.com.tw,高雄市仁武區水管路100號,https://www.fpcusa.com/content/uploads/2021/04/formosa-logo-stacked.png,1606963650,,D80,"DMR, Monitor Only - Overdue",,,,,,,,,,,E,Effluent Violations,,,,,,,,,2,1600141664,TX1,1600141664,Q,1,1651154898,,1626028858,1610230979,Q,,,TXP3E,LOEC Lethal Survival Static Renewal 7 Day Chronic Americamysis bahia (formerly Mysidopsis bahia),23,%,03/31/2006,3,,,,09/27/2006,,,1601848635,,C2,MJ,,MO AV MN
1301,台灣塑膠工業股份有限公司,Formosa Plastics Corporation,FPC,塑膠工業,,"Formosa Plastics Corporation, U.S.A.",211--美國,,FORMOSA POINT COMFORT PLANT,201 FORMOSA DRIVE,POINT COMFORT,TX,77978,28.6825,-96.545278,1600028209,TX0085570,ECHO覆蓋率稽核,100,"Formosa Plastics Corporation, U.S.A.",台塑集團關係企業 FPC USA 德州 Point Comfort 主廠,郭文筆,1954/11/05,1964/07/27,63657407810,http://www.fpc.com.tw,高雄市仁武區水管路100號,https://www.fpcusa.com/content/uploads/2021/04/formosa-logo-stacked.png,1606963453,,D90,"DMR, Limited - Overdue",,,,,K,"Non-receipt Violation, Non-Monthly Average",02/19/2003,2,RE - Back into Compliance,04/21/2003,E,Effluent Violations,,,,,,,,,1,1600141665,101,1600141665,Y,J,1651149266,0,1626023871,1610229853,,,.64014,39180,Trichloroethylene,01,kg/d,12/31/2002,12,,,,04/21/2003,91,,1601848606,0,Q2,DD,N,DAILY MX
1301,台灣塑膠工業股份有限公司,Formosa Plastics Corporation,FPC,塑膠工業,,"Formosa Plastics Corporation, U.S.A.",211--美國,,FORMOSA POINT COMFORT PLANT,201 FORMOSA DRIVE,POINT COMFORT,TX,77978,28.6825,-96.545278,1600028209,TX0085570,ECHO覆蓋率稽核,100,"Formosa Plastics Corporation, U.S.A.",台塑集團關係企業 FPC USA 德州 Point Comfort 主廠,郭文筆,1954/11/05,1964/07/27,63657407810,http://www.fpc.com.tw,高雄市仁武區水管路100號,https://www.fpcusa.com/content/uploads/2021/04/formosa-logo-stacked.png,3622568752,,E90,"DMR, Limited - Numeric Violation",,,,,,,,,,,E,Effluent Violations,,,,,,,,,0,3600742495,011,3600742495,A,1,3637798117,10,3639260835,3622236605,,,9,00400,pH,12,SU,04/30/2017,1,,=,12,05/19/2017,,,3601385656,10,C3,MB,N,MAXIMUM
1301,台灣塑膠工業股份有限公司,Formosa Plastics Corporation,FPC,塑膠工業,,"Formosa Plastics Corporation, U.S.A.",211--美國,,FORMOSA POINT COMFORT PLANT,201 FORMOSA DRIVE,POINT COMFORT,TX,77978,28.6825,-96.545278,1600028209,TX0085570,ECHO覆蓋率稽核,100,"Formosa Plastics Corporation, U.S.A.",台塑集團關係企業 FPC USA 德州 Point Comfort 主廠,郭文筆,1954/11/05,1964/07/27,63657407810,http://www.fpc.com.tw,高雄市仁武區水管路100號,https://www.fpcusa.com/content/uploads/2021/04/formosa-logo-stacked.png,1606963022,,D90,"DMR, Limited - Overdue",,,,,N,Non-Receipt of DMR/Schedule Report,04/19/2006,2,RE - Back into Compliance,04/24/2006,E,Effluent Violations,,,,,,,,,2,1600141664,101,1600141664,Q,J,1651141815,0,1626020905,1610228363,,,.25878,34200,Acenaphthylene,01,kg/d,02/28/2006,3,,,,04/24/2006,35,,1601848517,0,Q1,DB,A,DAILY AV
1301,台灣塑膠工業股份有限公司,Formosa Plastics Corporation,FPC,塑膠工業,,"Formosa Plastics Corporation, U.S.A.",211--美國,,FORMOSA POINT COMFORT PLANT,201 FORMOSA DRIVE,POINT COMFORT,TX,77978,28.6825,-96.545278,1600028209,TX0085570,ECHO覆蓋率稽核,100,"Formosa Plastics Corporation, U.S.A.",台塑集團關係企業 FPC USA 德州 Point Comfort 主廠,郭文筆,1954/11/05,1964/07/27,63657407810,http://www.fpc.com.tw,高雄市仁武區水管路100號,https://www.fpcusa.com/content/uploads/2021/04/formosa-logo-stacked.png,1606963102,,D90,"DMR, Limited - Overdue",,,,,N,Non-Receipt of DMR/Schedule Report,04/19/2006,2,RE - Back into Compliance,04/24/2006,E,Effluent Violations,,,,,,,,,2,1600141664,101,1600141664,Q,J,1651143240,0,1626020985,1610228648,,,.32234,34447,Nitrobenzene,01,kg/d,02/28/2006,3,,,,04/24/2006,35,,1601848533,0,Q1,DB,A,DAILY AV
1301,台灣塑膠工業股份有限公司,Formosa Plastics Corporation,FPC,塑膠工業,,"Formosa Plastics Corporation, U.S.A.",211--美國,,FORMOSA POINT COMFORT PLANT,201 FORMOSA DRIVE,POINT COMFORT,TX,77978,28.6825,-96.545278,1600028209,TX0085570,ECHO覆蓋率稽核,100,"Formosa Plastics Corporation, U.S.A.",台塑集團關係企業 FPC USA 德州 Point Comfort 主廠,郭文筆,1954/11/05,1964/07/27,63657407810,http://www.fpc.com.tw,高雄市仁武區水管路100號,https://www.fpcusa.com/content/uploads/2021/04/formosa-logo-stacked.png,1606963103,,D90,"DMR, Limited - Overdue",,,,,K,"Non-receipt Violation, Non-Monthly Average",04/19/2006,2,RE - Back into Compliance,04/24/2006,E,Effluent Violations,,,,,,,,,2,1600141664,101,1600141664,Q,J,1651143241,0,1626020986,1610228648,,,.80812,34447,Nitrobenzene,01,kg/d,02/28/2006,3,,,,04/24/2006,35,,1601848533,0,Q2,DD,N,DAILY MX
1301,台灣塑膠工業股份有限公司,Formosa Plastics Corporation,FPC,塑膠工業,,"Formosa Plastics Corporation, U.S.A.",211--美國,,FORMOSA POINT COMFORT PLANT,201 FORMOSA DRIVE,POINT COMFORT,TX,77978,28.6825,-96.545278,1600028209,TX0085570,ECHO覆蓋率稽核,100,"Formosa Plastics Corporation, U.S.A.",台塑集團關係企業 FPC USA 德州 Point Comfort 主廠,郭文筆,1954/11/05,1964/07/27,63657407810,http://www.fpc.com.tw,高雄市仁武區水管路100號,https://www.fpcusa.com/content/uploads/2021/04/formosa-logo-stacked.png,3667902952,,E90,"DMR, Limited - Numeric Violation",,,,,,,,,,,E,Effluent Violations,,,,,,,,,0,3600742495,101,3600742495,A,J,3884740066,4.9,3781643278,3697105470,,,4.4,50050,"Flow, in conduit or thru treatment plant",03,MGD,11/30/2022,1,11,=,03,12/20/2022,,,3601385676,4.9,Q1,DB,A,DAILY AV
1301,台灣塑膠工業股份有限公司,Formosa Plastics Corporation,FPC,塑膠工業,,"Formosa Plastics Corporation, U.S.A.",211--美國,,FORMOSA POINT COMFORT PLANT,201 FORMOSA DRIVE,POINT COMFORT,TX,77978,28.6825,-96.545278,1600028209,TX0085570,ECHO覆蓋率稽核,100,"Formosa Plastics Corporation, U.S.A.",台塑集團關係企業 FPC USA 德州 Point Comfort 主廠,郭文筆,1954/11/05,1964/07/27,63657407810,http://www.fpc.com.tw,高雄市仁武區水管路100號,https://www.fpcusa.com/content/uploads/2021/04/formosa-logo-stacked.png,1606963053,,D90,"DMR, Limited - Overdue",,,,,K,"Non-receipt Violation, Non-Monthly Average",04/19/2006,2,RE - Back into Compliance,04/24/2006,E,Effluent Violations,,,,,,,,,2,1600141664,101,1600141664,Q,J,1651142386,0,1626020936,1610228477,,,.72186,34247,Benzo[a]pyrene,01,kg/d,02/28/2006,3,,,,04/24/2006,35,,1601848523,0,Q2,DD,N,DAILY MX
1301,台灣塑膠工業股份有限公司,Formosa Plastics Corporation,FPC,塑膠工業,,"Formosa Plastics Corporation, U.S.A.",211--美國,,FORMOSA POINT COMFORT PLANT,201 FORMOSA DRIVE,POINT COMFORT,TX,77978,28.6825,-96.545278,1600028209,TX0085570,ECHO覆蓋率稽核,100,"Formosa Plastics Corporation, U.S.A.",台塑集團關係企業 FPC USA 德州 Point Comfort 主廠,郭文筆,1954/11/05,1964/07/27,63657407810,http://www.fpc.com.tw,高雄市仁武區水管路100號,https://www.fpcusa.com/content/uploads/2021/04/formosa-logo-stacked.png,1606963408,,D90,"DMR, Limited - Overdue",,,,,K,"Non-receipt Violation, Non-Monthly Average",07/20/2006,2,RE - Back into Compliance,09/27/2006,E,Effluent Violations,,,,,,,,,2,1600141664,101,1600141664,Q,J,1651145051,0,1626021291,1610229010,,,1.47096,34646,4-Nitrophenol,01,kg/d,05/31/2006,3,,,,09/27/2006,99,,1601848552,0,Q2,DD,N,DAILY MX
1301,台灣塑膠工業股份有限公司,Formosa Plastics Corporation,FPC,塑膠工業,,"Formosa Plastics Corporation, U.S.A.",211--美國,,FORMOSA POINT COMFORT PLANT,201 FORMOSA DRIVE,POINT COMFORT,TX,77978,28.6825,-96.545278,1600028209,TX0085570,ECHO覆蓋率稽核,100,"Formosa Plastics Corporation, U.S.A.",台塑集團關係企業 FPC USA 德州 Point Comfort 主廠,郭文筆,1954/11/05,1964/07/27,63657407810,http://www.fpc.com.tw,高雄市仁武區水管路100號,https://www.fpcusa.com/content/uploads/2021/04/formosa-logo-stacked.png,1606963127,,D90,"DMR, Limited - Overdue",,,,,N,Non-Receipt of DMR/Schedule Report,04/19/2006,2,RE - Back into Compliance,04/24/2006,E,Effluent Violations,,,,,,,,,2,1600141664,101,1600141664,Q,J,1651143715,0,1626021010,1610228743,,,.25878,34526,Benzo[a]anthracene,01,kg/d,02/28/2006,3,,,,04/24/2006,35,,1601848538,0,Q1,DB,A,DAILY AV
1301,台灣塑膠工業股份有限公司,Formosa Plastics Corporation,FPC,塑膠工業,,"Formosa Plastics Corporation, U.S.A.",211--美國,,FORMOSA POINT COMFORT PLANT,201 FORMOSA DRIVE,POINT COMFORT,TX,77978,28.6825,-96.545278,1600028209,TX0085570,ECHO覆蓋率稽核,100,"Formosa Plastics Corporation, U.S.A.",台塑集團關係企業 FPC USA 德州 Point Comfort 主廠,郭文筆,1954/11/05,1964/07/27,63657407810,http://www.fpc.com.tw,高雄市仁武區水管路100號,https://www.fpcusa.com/content/uploads/2021/04/formosa-logo-stacked.png,1606963203,,D90,"DMR, Limited - Overdue",,,,,K,"Non-receipt Violation, Non-Monthly Average",04/19/2006,2,RE - Back into Compliance,04/24/2006,E,Effluent Violations,,,,,,,,,2,1600141664,101,1600141664,Q,J,1651145141,0,1626021086,1610229028,,,3.28696,34657,"4,6-Dinitro-o-cresol",01,kg/d,02/28/2006,3,,,,04/24/2006,35,,1601848553,0,Q2,DD,N,DAILY MX
1301,台灣塑膠工業股份有限公司,Formosa Plastics Corporation,FPC,塑膠工業,,"Formosa Plastics Corporation, U.S.A.",211--美國,,FORMOSA POINT COMFORT PLANT,201 FORMOSA DRIVE,POINT COMFORT,TX,77978,28.6825,-96.545278,1600028209,TX0085570,ECHO覆蓋率稽核,100,"Formosa Plastics Corporation, U.S.A.",台塑集團關係企業 FPC USA 德州 Point Comfort 主廠,郭文筆,1954/11/05,1964/07/27,63657407810,http://www.fpc.com.tw,高雄市仁武區水管路100號,https://www.fpcusa.com/content/uploads/2021/04/formosa-logo-stacked.png,1606962807,,D90,"DMR, Limited - Overdue",,,,,N,Non-Receipt of DMR/Schedule Report,09/19/2001,2,RE - Back into Compliance,11/02/2001,E,Effluent Violations,,,,,,,,,1,1600141665,101,1600141665,A,J,1651137565,794,1626008890,1610227513,,,3030.904,00340,"Oxygen demand, chem. [high level] [COD]",01,kg/d,07/31/2001,1,,,,11/02/2001,74,,1601848500,360.476,Q1,DB,A,DAILY AV
1301,台灣塑膠工業股份有限公司,Formosa Plastics Corporation,FPC,塑膠工業,,"Formosa Plastics Corporation, U.S.A.",211--美國,,FORMOSA POINT COMFORT PLANT,201 FORMOSA DRIVE,POINT COMFORT,TX,77978,28.6825,-96.545278,1600028209,TX0085570,ECHO覆蓋率稽核,100,"Formosa Plastics Corporation, U.S.A.",台塑集團關係企業 FPC USA 德州 Point Comfort 主廠,郭文筆,1954/11/05,1964/07/27,63657407810,http://www.fpc.com.tw,高雄市仁武區水管路100號,https://www.fpcusa.com/content/uploads/2021/04/formosa-logo-stacked.png,1606962913,,D90,"DMR, Limited - Overdue",,,,,K,"Non-receipt Violation, Non-Monthly Average",11/19/2001,2,RE - Back into Compliance,06/10/2002,E,Effluent Violations,,,,,,,,,1,1600141665,101,1600141665,A,J,1651141576,0,1626009151,1610228315,,,.309524,82582,"pH range excursions, monthly total accum",5A,d,09/30/2001,1,,,,06/10/2002,99,,1601848516,0,Q2,MP,N,MO TOTAL
1301,台灣塑膠工業股份有限公司,Formosa Plastics Corporation,FPC,塑膠工業,,"Formosa Plastics Corporation, U.S.A.",211--美國,,FORMOSA POINT COMFORT PLANT,201 FORMOSA DRIVE,POINT COMFORT,TX,77978,28.6825,-96.545278,1600028209,TX0085570,ECHO覆蓋率稽核,100,"Formosa Plastics Corporation, U.S.A.",台塑集團關係企業 FPC USA 德州 Point Comfort 主廠,郭文筆,1954/11/05,1964/07/27,63657407810,http://www.fpc.com.tw,高雄市仁武區水管路100號,https://www.fpcusa.com/content/uploads/2021/04/formosa-logo-stacked.png,3001159551,,D90,"DMR, Limited - Overdue",,,,,K,"Non-receipt Violation, Non-Monthly Average",10/21/2012,2,RE - Back into Compliance,11/06/2012,E,Effluent Violations,,,,,,,,,2,1600141664,012,1600141664,A,1,2201926874,,3006967901,3003786915,C,,15,00556,Oil & Grease,19,mg/L,08/31/2012,1,,,,11/06/2012,47,,1601848476,,C3,DD,N,DAILY MX
1301,台灣塑膠工業股份有限公司,Formosa Plastics Corporation,FPC,塑膠工業,,"Formosa Plastics Corporation, U.S.A.",211--美國,,FORMOSA POINT COMFORT PLANT,201 FORMOSA DRIVE,POINT COMFORT,TX,77978,28.6825,-96.545278,1600028209,TX0085570,ECHO覆蓋率稽核,100,"Formosa Plastics Corporation, U.S.A.",台塑集團關係企業 FPC USA 德州 Point Comfort 主廠,郭文筆,1954/11/05,1964/07/27,63657407810,http://www.fpc.com.tw,高雄市仁武區水管路100號,https://www.fpcusa.com/content/uploads/2021/04/formosa-logo-stacked.png,1606962948,,D90,"DMR, Limited - Overdue",,,,,K,"Non-receipt Violation, Non-Monthly Average",03/22/2002,2,RE - Back into Compliance,06/10/2002,E,Effluent Violations,,,,,,,,,1,1600141665,101,1600141665,A,J,1651141346,0,1626009506,1610228269,,,0,82581,"pH range excursions, > 60 minutes",88,occur/d,01/31/2002,1,,,,06/10/2002,99,,1601848515,0,Q2,MP,N,MO TOTAL
1301,台灣塑膠工業股份有限公司,Formosa Plastics Corporation,FPC,塑膠工業,,"Formosa Plastics Corporation, U.S.A.",211--美國,,FORMOSA POINT COMFORT PLANT,201 FORMOSA DRIVE,POINT COMFORT,TX,77978,28.6825,-96.545278,1600028209,TX0085570,ECHO覆蓋率稽核,100,"Formosa Plastics Corporation, U.S.A.",台塑集團關係企業 FPC USA 德州 Point Comfort 主廠,郭文筆,1954/11/05,1964/07/27,63657407810,http://www.fpc.com.tw,高雄市仁武區水管路100號,https://www.fpcusa.com/content/uploads/2021/04/formosa-logo-stacked.png,1606963138,,D90,"DMR, Limited - Overdue",,,,,K,"Non-receipt Violation, Non-Monthly Average",04/19/2006,2,RE - Back into Compliance,04/24/2006,E,Effluent Violations,,,,,,,,,2,1600141664,101,1600141664,Q,J,1651143906,0,1626021021,1610228781,,,2.72854,34541,"1,2-Dichloropropane",01,kg/d,02/28/2006,3,,,,04/24/2006,35,,1601848540,0,Q2,DD,N,DAILY MX
1301,台灣塑膠工業股份有限公司,Formosa Plastics Corporation,FPC,塑膠工業,,"Formosa Plastics Corporation, U.S.A.",211--美國,,FORMOSA POINT COMFORT PLANT,201 FORMOSA DRIVE,POINT COMFORT,TX,77978,28.6825,-96.545278,1600028209,TX0085570,ECHO覆蓋率稽核,100,"Formosa Plastics Corporation, U.S.A.",台塑集團關係企業 FPC USA 德州 Point Comfort 主廠,郭文筆,1954/11/05,1964/07/27,63657407810,http://www.fpc.com.tw,高雄市仁武區水管路100號,https://www.fpcusa.com/content/uploads/2021/04/formosa-logo-stacked.png,1606963092,,D90,"DMR, Limited - Overdue",,,,,N,Non-Receipt of DMR/Schedule Report,04/19/2006,2,RE - Back into Compliance,04/24/2006,E,Effluent Violations,,,,,,,,,2,1600141664,101,1600141664,Q,J,1651143050,0,1626020975,1610228610,,,.23608,34391,Hexachlorobutadiene,01,kg/d,02/28/2006,3,,,,04/24/2006,35,,1601848531,0,Q1,DB,A,DAILY AV
1301,台灣塑膠工業股份有限公司,Formosa Plastics Corporation,FPC,塑膠工業,,"Formosa Plastics Corporation, U.S.A.",211--美國,,FORMOSA POINT COMFORT PLANT,201 FORMOSA DRIVE,POINT COMFORT,TX,77978,28.6825,-96.545278,1600028209,TX0085570,ECHO覆蓋率稽核,100,"Formosa Plastics Corporation, U.S.A.",台塑集團關係企業 FPC USA 德州 Point Comfort 主廠,郭文筆,1954/11/05,1964/07/27,63657407810,http://www.fpc.com.tw,高雄市仁武區水管路100號,https://www.fpcusa.com/content/uploads/2021/04/formosa-logo-stacked.png,3638782413,,D90,"DMR, Limited - Overdue",,,,,N,Non-Receipt of DMR/Schedule Report,10/21/2018,2,RE - Back into Compliance,01/16/2019,E,Effluent Violations,,,,,,,,,0,3600742495,101,3600742495,A,J,3650130661,179,3675086951,3640351344,,,331.874,00310,"BOD, 5-day, 20 deg. C",01,kg/d,08/31/2018,1,,=,26,01/16/2019,118,,3601385666,81.26599932,Q1,DB,A,DAILY AV
1301,台灣塑膠工業股份有限公司,Formosa Plastics Corporation,FPC,塑膠工業,,"Formosa Plastics Corporation, U.S.A.",211--美國,,FORMOSA POINT COMFORT PLANT,201 FORMOSA DRIVE,POINT COMFORT,TX,77978,28.6825,-96.545278,1600028209,TX0085570,ECHO覆蓋率稽核,100,"Formosa Plastics Corporation, U.S.A.",台塑集團關係企業 FPC USA 德州 Point Comfort 主廠,郭文筆,1954/11/05,1964/07/27,63657407810,http://www.fpc.com.tw,高雄市仁武區水管路100號,https://www.fpcusa.com/content/uploads/2021/04/formosa-logo-stacked.png,1606963288,,D90,"DMR, Limited - Overdue",,,,,K,"Non-receipt Violation, Non-Monthly Average",07/20/2006,2,RE - Back into Compliance,09/27/2006,E,Effluent Violations,,,,,,,,,2,1600141664,101,1600141664,Q,J,1651142771,0,1626021171,1610228554,,,1.28028,34371,Ethylbenzene,01,kg/d,05/31/2006,3,,,,09/27/2006,99,,1601848528,0,Q2,DD,N,DAILY MX
1301,台灣塑膠工業股份有限公司,Formosa Plastics Corporation,FPC,塑膠工業,,"Formosa Plastics Corporation, U.S.A.",211--美國,,FORMOSA POINT COMFORT PLANT,201 FORMOSA DRIVE,POINT COMFORT,TX,77978,28.6825,-96.545278,1600028209,TX0085570,ECHO覆蓋率稽核,100,"Formosa Plastics Corporation, U.S.A.",台塑集團關係企業 FPC USA 德州 Point Comfort 主廠,郭文筆,1954/11/05,1964/07/27,63657407810,http://www.fpc.com.tw,高雄市仁武區水管路100號,https://www.fpcusa.com/content/uploads/2021/04/formosa-logo-stacked.png,3682417995,,E90,"DMR, Limited - Numeric Violation",,,,,,,,,,,E,Effluent Violations,,,,,,,,,0,3600742495,001,3600742495,A,1,3976444559,8.4,3841403524,3730567339,,,2.497,01092,"Zinc, total [as Zn]",01,kg/d,03/31/2025,1,53,=,26,04/17/2025,,,3601385618,3.81359997,Q2,DD,N,DAILY MX
1301,台灣塑膠工業股份有限公司,Formosa Plastics Corporation,FPC,塑膠工業,,"Formosa Plastics Corporation, U.S.A.",211--美國,,FORMOSA POINT COMFORT PLANT,201 FORMOSA DRIVE,POINT COMFORT,TX,77978,28.6825,-96.545278,1600028209,TX0085570,ECHO覆蓋率稽核,100,"Formosa Plastics Corporation, U.S.A.",台塑集團關係企業 FPC USA 德州 Point Comfort 主廠,郭文筆,1954/11/05,1964/07/27,63657407810,http://www.fpc.com.tw,高雄市仁武區水管路100號,https://www.fpcusa.com/content/uploads/2021/04/formosa-logo-stacked.png,1606962613,,D90,"DMR, Limited - Overdue",,,,,K,"Non-receipt Violation, Non-Monthly Average",04/19/2002,2,RE - Back into Compliance,06/10/2002,E,Effluent Violations,,,,,,,,,1,1600141665,001,1600141665,A,1,1651109271,0,1625978416,1610221854,,,.309524,82582,"pH range excursions, monthly total accum",5A,d,02/28/2002,1,,,,06/10/2002,82,,1601848396,0,Q2,MP,N,MO TOTAL
1301,台灣塑膠工業股份有限公司,Formosa Plastics Corporation,FPC,塑膠工業,,"Formosa Plastics Corporation, U.S.A.",211--美國,,FORMOSA POINT COMFORT PLANT,201 FORMOSA DRIVE,POINT COMFORT,TX,77978,28.6825,-96.545278,1600028209,TX0085570,ECHO覆蓋率稽核,100,"Formosa Plastics Corporation, U.S.A.",台塑集團關係企業 FPC USA 德州 Point Comfort 主廠,郭文筆,1954/11/05,1964/07/27,63657407810,http://www.fpc.com.tw,高雄市仁武區水管路100號,https://www.fpcusa.com/content/uploads/2021/04/formosa-logo-stacked.png,1606963212,,D90,"DMR, Limited - Overdue",,,,,N,Non-Receipt of DMR/Schedule Report,04/19/2006,2,RE - Back into Compliance,04/24/2006,E,Effluent Violations,,,,,,,,,2,1600141664,101,1600141664,Q,J,1651145330,0,1626021095,1610229066,,,1.22126,39100,Di[2-ethylhexyl] phthalate [DEHP],01,kg/d,02/28/2006,3,,,,04/24/2006,35,,1601848555,0,Q1,DB,A,DAILY AV
1301,台灣塑膠工業股份有限公司,Formosa Plastics Corporation,FPC,塑膠工業,,"Formosa Plastics Corporation, U.S.A.",211--美國,,FORMOSA POINT COMFORT PLANT,201 FORMOSA DRIVE,POINT COMFORT,TX,77978,28.6825,-96.545278,1600028209,TX0085570,ECHO覆蓋率稽核,100,"Formosa Plastics Corporation, U.S.A.",台塑集團關係企業 FPC USA 德州 Point Comfort 主廠,郭文筆,1954/11/05,1964/07/27,63657407810,http://www.fpc.com.tw,高雄市仁武區水管路100號,https://www.fpcusa.com/content/uploads/2021/04/formosa-logo-stacked.png,1606963674,,D80,"DMR, Monitor Only - Overdue",,,,,,,,,,,E,Effluent Violations,,,,,,,,,2,1600141664,TX1,1600141664,Q,1,1651154762,0,1626028882,1610230952,,,,TLP6B,Low Flow Pass/Fail Survival Test Static Renewal 7 Day Chronic Menidia menidia,9A,pass=0;fail=1,06/30/2006,3,,,,09/27/2006,69,,1601848628,0,C1,7D,,7 DA MIN
1301,台灣塑膠工業股份有限公司,Formosa Plastics Corporation,FPC,塑膠工業,,"Formosa Plastics Corporation, U.S.A.",211--美國,,FORMOSA POINT COMFORT PLANT,201 FORMOSA DRIVE,POINT COMFORT,TX,77978,28.6825,-96.545278,1600028209,TX0085570,ECHO覆蓋率稽核,100,"Formosa Plastics Corporation, U.S.A.",台塑集團關係企業 FPC USA 德州 Point Comfort 主廠,郭文筆,1954/11/05,1964/07/27,63657407810,http://www.fpc.com.tw,高雄市仁武區水管路100號,https://www.fpcusa.com/content/uploads/2021/04/formosa-logo-stacked.png,1606962686,,D90,"DMR, Limited - Overdue",,,,,K,"Non-receipt Violation, Non-Monthly Average",04/19/2006,2,RE - Back into Compliance,09/27/2006,E,Effluent Violations,,,,,,,,,2,1600141664,001,1600141664,Q,1,1651109489,0,1625989259,1610221897,,,.0000000202,34675,"2,3,7,8-Tetrachlorodibenzo-p-dioxin",19,mg/L,02/28/2006,3,,,,09/27/2006,99,,1601848397,0,C3,DD,N,DAILY MX
1301,台灣塑膠工業股份有限公司,Formosa Plastics Corporation,FPC,塑膠工業,,"Formosa Plastics Corporation, U.S.A.",211--美國,,FORMOSA POINT COMFORT PLANT,201 FORMOSA DRIVE,POINT COMFORT,TX,77978,28.6825,-96.545278,1600028209,TX0085570,ECHO覆蓋率稽核,100,"Formosa Plastics Corporation, U.S.A.",台塑集團關係企業 FPC USA 德州 Point Comfort 主廠,郭文筆,1954/11/05,1964/07/27,63657407810,http://www.fpc.com.tw,高雄市仁武區水管路100號,https://www.fpcusa.com/content/uploads/2021/04/formosa-logo-stacked.png,3000556112,,D90,"DMR, Limited - Overdue",,,,,K,"Non-receipt Violation, Non-Monthly Average",06/20/2012,2,RE - Back into Compliance,07/13/2012,E,Effluent Violations,,,,,,,,,2,1600141664,011,1600141664,A,1,2201926538,,3003446516,3001863650,C,,15,00556,Oil & Grease,19,mg/L,04/30/2012,1,,,,07/13/2012,54,,1601848470,,C3,DD,N,DAILY MX
1301,台灣塑膠工業股份有限公司,Formosa Plastics Corporation,FPC,塑膠工業,,"Formosa Plastics Corporation, U.S.A.",211--美國,,FORMOSA POINT COMFORT PLANT,201 FORMOSA DRIVE,POINT COMFORT,TX,77978,28.6825,-96.545278,1600028209,TX0085570,ECHO覆蓋率稽核,100,"Formosa Plastics Corporation, U.S.A.",台塑集團關係企業 FPC USA 德州 Point Comfort 主廠,郭文筆,1954/11/05,1964/07/27,63657407810,http://www.fpc.com.tw,高雄市仁武區水管路100號,https://www.fpcusa.com/content/uploads/2021/04/formosa-logo-stacked.png,1606963535,,D80,"DMR, Monitor Only - Overdue",,,,,,,,,,,E,Effluent Violations,,,,,,,,,1,1600141665,TX1,1600141665,Q,1,1651154973,100,1626028678,1610230994,,,,22414,Whole effluent toxicity,23,%,09/30/2001,3,,>,,11/20/2001,31,,1601848640,100,C2,MJ,,MO AV MN
1301,台灣塑膠工業股份有限公司,Formosa Plastics Corporation,FPC,塑膠工業,,"Formosa Plastics Corporation, U.S.A.",211--美國,,FORMOSA POINT COMFORT PLANT,201 FORMOSA DRIVE,POINT COMFORT,TX,77978,28.6825,-96.545278,1600028209,TX0085570,ECHO覆蓋率稽核,100,"Formosa Plastics Corporation, U.S.A.",台塑集團關係企業 FPC USA 德州 Point Comfort 主廠,郭文筆,1954/11/05,1964/07/27,63657407810,http://www.fpc.com.tw,高雄市仁武區水管路100號,https://www.fpcusa.com/content/uploads/2021/04/formosa-logo-stacked.png,1606963564,,D80,"DMR, Monitor Only - Overdue",,,,,,,,,,,E,Effluent Violations,,,,,,,,,2,1600141664,TX1,1600141664,Q,1,1651154792,13,1626028772,1610230958,,,,TOP6B,NOEC Lethal Static Renewal 7 Day Chronic Menidia menidia,23,%,12/31/2005,3,,,,09/27/2006,99,,1601848630,13,C1,7D,,7 DA MIN
1301,台灣塑膠工業股份有限公司,Formosa Plastics Corporation,FPC,塑膠工業,,"Formosa Plastics Corporation, U.S.A.",211--美國,,FORMOSA POINT COMFORT PLANT,201 FORMOSA DRIVE,POINT COMFORT,TX,77978,28.6825,-96.545278,1600028209,TX0085570,ECHO覆蓋率稽核,100,"Formosa Plastics Corporation, U.S.A.",台塑集團關係企業 FPC USA 德州 Point Comfort 主廠,郭文筆,1954/11/05,1964/07/27,63657407810,http://www.fpc.com.tw,高雄市仁武區水管路100號,https://www.fpcusa.com/content/uploads/2021/04/formosa-logo-stacked.png,1606963353,,D90,"DMR, Limited - Overdue",,,,,K,"Non-receipt Violation, Non-Monthly Average",07/20/2006,2,RE - Back into Compliance,09/27/2006,E,Effluent Violations,,,,,,,,,2,1600141664,101,1600141664,Q,J,1651144006,0,1626021236,1610228801,,,.64014,34546,"trans-1,2-Dichloroethylene",01,kg/d,05/31/2006,3,,,,09/27/2006,99,,1601848541,0,Q2,DD,N,DAILY MX
1301,台灣塑膠工業股份有限公司,Formosa Plastics Corporation,FPC,塑膠工業,,"Formosa Plastics Corporation, U.S.A.",211--美國,,FORMOSA POINT COMFORT PLANT,201 FORMOSA DRIVE,POINT COMFORT,TX,77978,28.6825,-96.545278,1600028209,TX0085570,ECHO覆蓋率稽核,100,"Formosa Plastics Corporation, U.S.A.",台塑集團關係企業 FPC USA 德州 Point Comfort 主廠,郭文筆,1954/11/05,1964/07/27,63657407810,http://www.fpc.com.tw,高雄市仁武區水管路100號,https://www.fpcusa.com/content/uploads/2021/04/formosa-logo-stacked.png,1606962633,,D90,"DMR, Limited - Overdue",,,,,K,"Non-receipt Violation, Non-Monthly Average",12/20/2002,2,RE - Back into Compliance,12/30/2002,E,Effluent Violations,,,,,,,,,1,1600141665,001,1600141665,A,1,1651109311,0,1625979416,1610221862,,,.309524,82582,"pH range excursions, monthly total accum",5A,d,10/31/2002,1,,,,12/30/2002,40,,1601848396,0,Q2,MP,N,MO TOTAL
1301,台灣塑膠工業股份有限公司,Formosa Plastics Corporation,FPC,塑膠工業,,"Formosa Plastics Corporation, U.S.A.",211--美國,,FORMOSA POINT COMFORT PLANT,201 FORMOSA DRIVE,POINT COMFORT,TX,77978,28.6825,-96.545278,1600028209,TX0085570,ECHO覆蓋率稽核,100,"Formosa Plastics Corporation, U.S.A.",台塑集團關係企業 FPC USA 德州 Point Comfort 主廠,郭文筆,1954/11/05,1964/07/27,63657407810,http://www.fpc.com.tw,高雄市仁武區水管路100號,https://www.fpcusa.com/content/uploads/2021/04/formosa-logo-stacked.png,1606963483,,D90,"DMR, Limited - Overdue",,,,,K,"Non-receipt Violation, Non-Monthly Average",09/19/2001,2,RE - Back into Compliance,11/02/2001,E,Effluent Violations,,,,,,,,,1,1600141665,201,1600141665,A,J,1651153486,0,1626024001,1610230697,,,7.39112,01051,"Lead, total [as Pb]",01,kg/d,07/31/2001,1,,,,11/02/2001,74,,1601848622,0,Q2,DD,N,DAILY MX
1301,台灣塑膠工業股份有限公司,Formosa Plastics Corporation,FPC,塑膠工業,,"Formosa Plastics Corporation, U.S.A.",211--美國,,FORMOSA POINT COMFORT PLANT,201 FORMOSA DRIVE,POINT COMFORT,TX,77978,28.6825,-96.545278,1600028209,TX0085570,ECHO覆蓋率稽核,100,"Formosa Plastics Corporation, U.S.A.",台塑集團關係企業 FPC USA 德州 Point Comfort 主廠,郭文筆,1954/11/05,1964/07/27,63657407810,http://www.fpc.com.tw,高雄市仁武區水管路100號,https://www.fpcusa.com/content/uploads/2021/04/formosa-logo-stacked.png,3655605354,,E90,"DMR, Limited - Numeric Violation",,,,,,,,,,,E,Effluent Violations,,,,,,,,,0,3600742495,SUM,3600742495,A,J,3783598689,5.48,3729816527,3669308075,,,2.26545998,32106,Chloroform,01,kg/d,11/30/2020,1,10,=,26,12/18/2020,,,3601387723,2.48791998,Q2,DD,N,DAILY MX
1301,台灣塑膠工業股份有限公司,Formosa Plastics Corporation,FPC,塑膠工業,,"Formosa Plastics Corporation, U.S.A.",211--美國,,FORMOSA POINT COMFORT PLANT,201 FORMOSA DRIVE,POINT COMFORT,TX,77978,28.6825,-96.545278,1600028209,TX0085570,ECHO覆蓋率稽核,100,"Formosa Plastics Corporation, U.S.A.",台塑集團關係企業 FPC USA 德州 Point Comfort 主廠,郭文筆,1954/11/05,1964/07/27,63657407810,http://www.fpc.com.tw,高雄市仁武區水管路100號,https://www.fpcusa.com/content/uploads/2021/04/formosa-logo-stacked.png,1606963462,,D80,"DMR, Monitor Only - Overdue",,,,,N,Non-Receipt of DMR/Schedule Report,09/19/2001,2,RE - Back into Compliance,11/02/2001,E,Effluent Violations,,,,,,,,,1,1600141665,201,1600141665,A,J,1651152485,1477,1626023980,1610230497,,,,00340,"Oxygen demand, chem. [high level] [COD]",01,kg/d,07/31/2001,1,,,,11/02/2001,74,,1601848618,670.558,Q1,DB,A,DAILY AV
1301,台灣塑膠工業股份有限公司,Formosa Plastics Corporation,FPC,塑膠工業,,"Formosa Plastics Corporation, U.S.A.",211--美國,,FORMOSA POINT COMFORT PLANT,201 FORMOSA DRIVE,POINT COMFORT,TX,77978,28.6825,-96.545278,1600028209,TX0085570,ECHO覆蓋率稽核,100,"Formosa Plastics Corporation, U.S.A.",台塑集團關係企業 FPC USA 德州 Point Comfort 主廠,郭文筆,1954/11/05,1964/07/27,63657407810,http://www.fpc.com.tw,高雄市仁武區水管路100號,https://www.fpcusa.com/content/uploads/2021/04/formosa-logo-stacked.png,1606963734,,D90,"DMR, Limited - Overdue",,,,,,,,,,,E,Effluent Violations,,,,,,,,,2,1600141664,TX1,1600141664,S,V,1651155097,13,1626029282,1610231019,,,10,22414,Whole effluent toxicity,23,%,06/30/2006,6,,,,10/24/2006,96,,1601848642,13,C1,7D,,7 DA MIN
1301,台灣塑膠工業股份有限公司,Formosa Plastics Corporation,FPC,塑膠工業,,"Formosa Plastics Corporation, U.S.A.",211--美國,,FORMOSA POINT COMFORT PLANT,201 FORMOSA DRIVE,POINT COMFORT,TX,77978,28.6825,-96.545278,1600028209,TX0085570,ECHO覆蓋率稽核,100,"Formosa Plastics Corporation, U.S.A.",台塑集團關係企業 FPC USA 德州 Point Comfort 主廠,郭文筆,1954/11/05,1964/07/27,63657407810,http://www.fpc.com.tw,高雄市仁武區水管路100號,https://www.fpcusa.com/content/uploads/2021/04/formosa-logo-stacked.png,1606963273,,D90,"DMR, Limited - Overdue",,,,,K,"Non-receipt Violation, Non-Monthly Average",07/20/2006,2,RE - Back into Compliance,09/27/2006,E,Effluent Violations,,,,,,,,,2,1600141664,101,1600141664,Q,J,1651142486,0,1626021156,1610228497,,,.69916,34320,Chrysene,01,kg/d,05/31/2006,3,,,,09/27/2006,99,,1601848525,0,Q2,DD,N,DAILY MX
1301,台灣塑膠工業股份有限公司,Formosa Plastics Corporation,FPC,塑膠工業,,"Formosa Plastics Corporation, U.S.A.",211--美國,,FORMOSA POINT COMFORT PLANT,201 FORMOSA DRIVE,POINT COMFORT,TX,77978,28.6825,-96.545278,1600028209,TX0085570,ECHO覆蓋率稽核,100,"Formosa Plastics Corporation, U.S.A.",台塑集團關係企業 FPC USA 德州 Point Comfort 主廠,郭文筆,1954/11/05,1964/07/27,63657407810,http://www.fpc.com.tw,高雄市仁武區水管路100號,https://www.fpcusa.com/content/uploads/2021/04/formosa-logo-stacked.png,3661471125,,E90,"DMR, Limited - Numeric Violation",,,,,,,,,,,E,Effluent Violations,,,,,,,,,0,3600742495,005,3600742495,A,1,3836233872,1.3,3748755002,3679294608,,,.4,32103,"1,2-Dichloroethane",19,mg/L,08/31/2021,1,225,=,19,09/17/2021,,,3601385635,1.3,C3,DD,N,DAILY MX
1301,台灣塑膠工業股份有限公司,Formosa Plastics Corporation,FPC,塑膠工業,,"Formosa Plastics Corporation, U.S.A.",211--美國,,FORMOSA POINT COMFORT PLANT,201 FORMOSA DRIVE,POINT COMFORT,TX,77978,28.6825,-96.545278,1600028209,TX0085570,ECHO覆蓋率稽核,100,"Formosa Plastics Corporation, U.S.A.",台塑集團關係企業 FPC USA 德州 Point Comfort 主廠,郭文筆,1954/11/05,1964/07/27,63657407810,http://www.fpc.com.tw,高雄市仁武區水管路100號,https://www.fpcusa.com/content/uploads/2021/04/formosa-logo-stacked.png,3684158728,,E90,"DMR, Limited - Numeric Violation",,,,,,,,,,,E,Effluent Violations,,,,,,,,,0,3600742495,001,3600742495,A,1,4022118072,2.19,3854256021,3737613049,,,.33596,34694,Phenol,01,kg/d,08/31/2025,1,196,=,26,09/19/2025,,,3601385613,.99425999,Q2,DD,N,DAILY MX
1301,台灣塑膠工業股份有限公司,Formosa Plastics Corporation,FPC,塑膠工業,,"Formosa Plastics Corporation, U.S.A.",211--美國,,FORMOSA POINT COMFORT PLANT,201 FORMOSA DRIVE,POINT COMFORT,TX,77978,28.6825,-96.545278,1600028209,TX0085570,ECHO覆蓋率稽核,100,"Formosa Plastics Corporation, U.S.A.",台塑集團關係企業 FPC USA 德州 Point Comfort 主廠,郭文筆,1954/11/05,1964/07/27,63657407810,http://www.fpc.com.tw,高雄市仁武區水管路100號,https://www.fpcusa.com/content/uploads/2021/04/formosa-logo-stacked.png,1606963438,,D90,"DMR, Limited - Overdue",,,,,K,"Non-receipt Violation, Non-Monthly Average",07/20/2006,2,RE - Back into Compliance,09/27/2006,E,Effluent Violations,,,,,,,,,2,1600141664,101,1600141664,Q,J,1651145621,0,1626021321,1610229124,,,.5221,51044,"1,3-Dichloropropylene",01,kg/d,05/31/2006,3,,,,09/27/2006,99,,1601848558,0,Q2,DD,N,DAILY MX
1301,台灣塑膠工業股份有限公司,Formosa Plastics Corporation,FPC,塑膠工業,,"Formosa Plastics Corporation, U.S.A.",211--美國,,FORMOSA POINT COMFORT PLANT,201 FORMOSA DRIVE,POINT COMFORT,TX,77978,28.6825,-96.545278,1600028209,TX0085570,ECHO覆蓋率稽核,100,"Formosa Plastics Corporation, U.S.A.",台塑集團關係企業 FPC USA 德州 Point Comfort 主廠,郭文筆,1954/11/05,1964/07/27,63657407810,http://www.fpc.com.tw,高雄市仁武區水管路100號,https://www.fpcusa.com/content/uploads/2021/04/formosa-logo-stacked.png,1606963112,,D90,"DMR, Limited - Overdue",,,,,N,Non-Receipt of DMR/Schedule Report,04/19/2006,2,RE - Back into Compliance,04/24/2006,E,Effluent Violations,,,,,,,,,2,1600141664,101,1600141664,Q,J,1651143430,0,1626020995,1610228686,,,.2951,34469,Pyrene,01,kg/d,02/28/2006,3,,,,04/24/2006,35,,1601848535,0,Q1,DB,A,DAILY AV
1301,台灣塑膠工業股份有限公司,Formosa Plastics Corporation,FPC,塑膠工業,,"Formosa Plastics Corporation, U.S.A.",211--美國,,FORMOSA POINT COMFORT PLANT,201 FORMOSA DRIVE,POINT COMFORT,TX,77978,28.6825,-96.545278,1600028209,TX0085570,ECHO覆蓋率稽核,100,"Formosa Plastics Corporation, U.S.A.",台塑集團關係企業 FPC USA 德州 Point Comfort 主廠,郭文筆,1954/11/05,1964/07/27,63657407810,http://www.fpc.com.tw,高雄市仁武區水管路100號,https://www.fpcusa.com/content/uploads/2021/04/formosa-logo-stacked.png,1606963694,,D80,"DMR, Monitor Only - Overdue",,,,,,,,,,,E,Effluent Violations,,,,,,,,,2,1600141664,TX1,1600141664,Q,1,1651154842,13,1626028902,1610230968,,,,TPP6B,NOEC Sub-Lethal Static Renewal 7 Day Chronic Menidia menidia,23,%,06/30/2006,3,,,,09/27/2006,69,,1601848632,13,C1,7D,,7 DA MIN
1301,台灣塑膠工業股份有限公司,Formosa Plastics Corporation,FPC,塑膠工業,,"Formosa Plastics Corporation, U.S.A.",211--美國,,FORMOSA POINT COMFORT PLANT,201 FORMOSA DRIVE,POINT COMFORT,TX,77978,28.6825,-96.545278,1600028209,TX0085570,ECHO覆蓋率稽核,100,"Formosa Plastics Corporation, U.S.A.",台塑集團關係企業 FPC USA 德州 Point Comfort 主廠,郭文筆,1954/11/05,1964/07/27,63657407810,http://www.fpc.com.tw,高雄市仁武區水管路100號,https://www.fpcusa.com/content/uploads/2021/04/formosa-logo-stacked.png,1606962923,,D90,"DMR, Limited - Overdue",,,,,K,"Non-receipt Violation, Non-Monthly Average",12/20/2001,2,RE - Back into Compliance,06/10/2002,E,Effluent Violations,,,,,,,,,1,1600141665,101,1600141665,A,J,1651141581,0,1626009241,1610228316,,,.309524,82582,"pH range excursions, monthly total accum",5A,d,10/31/2001,1,,,,06/10/2002,99,,1601848516,0,Q2,MP,N,MO TOTAL
1301,台灣塑膠工業股份有限公司,Formosa Plastics Corporation,FPC,塑膠工業,,"Formosa Plastics Corporation, U.S.A.",211--美國,,FORMOSA POINT COMFORT PLANT,201 FORMOSA DRIVE,POINT COMFORT,TX,77978,28.6825,-96.545278,1600028209,TX0085570,ECHO覆蓋率稽核,100,"Formosa Plastics Corporation, U.S.A.",台塑集團關係企業 FPC USA 德州 Point Comfort 主廠,郭文筆,1954/11/05,1964/07/27,63657407810,http://www.fpc.com.tw,高雄市仁武區水管路100號,https://www.fpcusa.com/content/uploads/2021/04/formosa-logo-stacked.png,1606962692,,E90,"DMR, Limited - Numeric Violation",,,,,,,,,,,E,Effluent Violations,,,,,,,,,2,1600141664,001,1600141664,Q,1,1651109530,946,1625989300,1610221906,,,.000000352,34675,"2,3,7,8-Tetrachlorodibenzo-p-dioxin",01,kg/d,05/31/2008,3,169,,2U,06/20/2008,,,1601848397,.000000946,Q1,DB,A,DAILY AV
1301,台灣塑膠工業股份有限公司,Formosa Plastics Corporation,FPC,塑膠工業,,"Formosa Plastics Corporation, U.S.A.",211--美國,,FORMOSA POINT COMFORT PLANT,201 FORMOSA DRIVE,POINT COMFORT,TX,77978,28.6825,-96.545278,1600028209,TX0085570,ECHO覆蓋率稽核,100,"Formosa Plastics Corporation, U.S.A.",台塑集團關係企業 FPC USA 德州 Point Comfort 主廠,郭文筆,1954/11/05,1964/07/27,63657407810,http://www.fpc.com.tw,高雄市仁武區水管路100號,https://www.fpcusa.com/content/uploads/2021/04/formosa-logo-stacked.png,1606962803,,D90,"DMR, Limited - Overdue",,,,,K,"Non-receipt Violation, Non-Monthly Average",09/19/2001,2,RE - Back into Compliance,11/02/2001,E,Effluent Violations,,,,,,,,,1,1600141665,101,1600141665,A,J,1651137316,0,1626008886,1610227463,,,889.386,00310,"BOD, 5-day, 20 deg. C",01,kg/d,07/31/2001,1,,,,11/02/2001,74,,1601848499,0,Q2,DD,N,DAILY MX
1301,台灣塑膠工業股份有限公司,Formosa Plastics Corporation,FPC,塑膠工業,,"Formosa Plastics Corporation, U.S.A.",211--美國,,FORMOSA POINT COMFORT PLANT,201 FORMOSA DRIVE,POINT COMFORT,TX,77978,28.6825,-96.545278,1600028209,TX0085570,ECHO覆蓋率稽核,100,"Formosa Plastics Corporation, U.S.A.",台塑集團關係企業 FPC USA 德州 Point Comfort 主廠,郭文筆,1954/11/05,1964/07/27,63657407810,http://www.fpc.com.tw,高雄市仁武區水管路100號,https://www.fpcusa.com/content/uploads/2021/04/formosa-logo-stacked.png,1606962852,,D90,"DMR, Limited - Overdue",,,,,N,Non-Receipt of DMR/Schedule Report,09/19/2001,2,RE - Back into Compliance,11/02/2001,E,Effluent Violations,,,,,,,,,1,1600141665,101,1600141665,A,J,1651140065,0,1626008935,1610228013,,,.25878,34475,Tetrachloroethylene,01,kg/d,07/31/2001,1,,,,11/02/2001,74,,1601848509,0,Q1,DB,A,DAILY AV
1301,台灣塑膠工業股份有限公司,Formosa Plastics Corporation,FPC,塑膠工業,,"Formosa Plastics Corporation, U.S.A.",211--美國,,FORMOSA POINT COMFORT PLANT,201 FORMOSA DRIVE,POINT COMFORT,TX,77978,28.6825,-96.545278,1600028209,TX0085570,ECHO覆蓋率稽核,100,"Formosa Plastics Corporation, U.S.A.",台塑集團關係企業 FPC USA 德州 Point Comfort 主廠,郭文筆,1954/11/05,1964/07/27,63657407810,http://www.fpc.com.tw,高雄市仁武區水管路100號,https://www.fpcusa.com/content/uploads/2021/04/formosa-logo-stacked.png,3001159490,,D80,"DMR, Monitor Only - Overdue",,,,,K,"Non-receipt Violation, Non-Monthly Average",10/21/2012,2,RE - Back into Compliance,11/06/2012,E,Effluent Violations,,,,,,,,,2,1600141664,002,1600141664,A,1,2201922479,,3006967881,3003786899,C,,,03768,"Purgeable hydrocarbons, Meth. 601",19,mg/L,08/31/2012,1,,,,11/06/2012,47,,1601848402,,C3,DD,N,DAILY MX
1301,台灣塑膠工業股份有限公司,Formosa Plastics Corporation,FPC,塑膠工業,,"Formosa Plastics Corporation, U.S.A.",211--美國,,FORMOSA POINT COMFORT PLANT,201 FORMOSA DRIVE,POINT COMFORT,TX,77978,28.6825,-96.545278,1600028209,TX0085570,ECHO覆蓋率稽核,100,"Formosa Plastics Corporation, U.S.A.",台塑集團關係企業 FPC USA 德州 Point Comfort 主廠,郭文筆,1954/11/05,1964/07/27,63657407810,http://www.fpc.com.tw,高雄市仁武區水管路100號,https://www.fpcusa.com/content/uploads/2021/04/formosa-logo-stacked.png,3660476239,,E90,"DMR, Limited - Numeric Violation",,,,,,,,,,,E,Effluent Violations,,,,,,,,,0,3600742495,SUM,3600742495,A,J,3836276632,2.61,3746189795,3678067594,,,.30872,34694,Phenol,01,kg/d,07/31/2021,1,284,=,26,08/20/2021,,,3601387731,1.18493999,Q2,DD,N,DAILY MX
1301,台灣塑膠工業股份有限公司,Formosa Plastics Corporation,FPC,塑膠工業,,"Formosa Plastics Corporation, U.S.A.",211--美國,,FORMOSA POINT COMFORT PLANT,201 FORMOSA DRIVE,POINT COMFORT,TX,77978,28.6825,-96.545278,1600028209,TX0085570,ECHO覆蓋率稽核,100,"Formosa Plastics Corporation, U.S.A.",台塑集團關係企業 FPC USA 德州 Point Comfort 主廠,郭文筆,1954/11/05,1964/07/27,63657407810,http://www.fpc.com.tw,高雄市仁武區水管路100號,https://www.fpcusa.com/content/uploads/2021/04/formosa-logo-stacked.png,1606963397,,D90,"DMR, Limited - Overdue",,,,,N,Non-Receipt of DMR/Schedule Report,07/20/2006,2,RE - Back into Compliance,09/27/2006,E,Effluent Violations,,,,,,,,,2,1600141664,101,1600141664,Q,J,1651144860,0,1626021280,1610228972,,,.8399,34616,"2,4-Dinitrophenol",01,kg/d,05/31/2006,3,,,,09/27/2006,99,,1601848550,0,Q1,DB,A,DAILY AV
1301,台灣塑膠工業股份有限公司,Formosa Plastics Corporation,FPC,塑膠工業,,"Formosa Plastics Corporation, U.S.A.",211--美國,,FORMOSA POINT COMFORT PLANT,201 FORMOSA DRIVE,POINT COMFORT,TX,77978,28.6825,-96.545278,1600028209,TX0085570,ECHO覆蓋率稽核,100,"Formosa Plastics Corporation, U.S.A.",台塑集團關係企業 FPC USA 德州 Point Comfort 主廠,郭文筆,1954/11/05,1964/07/27,63657407810,http://www.fpc.com.tw,高雄市仁武區水管路100號,https://www.fpcusa.com/content/uploads/2021/04/formosa-logo-stacked.png,3637992392,,E90,"DMR, Limited - Numeric Violation",,,,,,,,,,,E,Effluent Violations,,,,,,,,,0,3600742495,001,3600742495,A,1,3650126648,135,3672904703,3639286794,,,80,00530,"Solids, total suspended",19,mg/L,07/31/2018,1,69,=,19,08/17/2018,,,3601385609,135,C3,DD,N,DAILY MX
1301,台灣塑膠工業股份有限公司,Formosa Plastics Corporation,FPC,塑膠工業,,"Formosa Plastics Corporation, U.S.A.",211--美國,,FORMOSA POINT COMFORT PLANT,201 FORMOSA DRIVE,POINT COMFORT,TX,77978,28.6825,-96.545278,1600028209,TX0085570,ECHO覆蓋率稽核,100,"Formosa Plastics Corporation, U.S.A.",台塑集團關係企業 FPC USA 德州 Point Comfort 主廠,郭文筆,1954/11/05,1964/07/27,63657407810,http://www.fpc.com.tw,高雄市仁武區水管路100號,https://www.fpcusa.com/content/uploads/2021/04/formosa-logo-stacked.png,3001159320,,D90,"DMR, Limited - Overdue",,,,,,,,,,,E,Effluent Violations,,,,,,,,,2,1600141664,002,1600141664,A,1,2201922449,,3006967883,3003786902,C,,6,00400,pH,12,SU,08/31/2012,1,,,,11/06/2012,47,,1601848399,,C1,ME,,MINIMUM
1301,台灣塑膠工業股份有限公司,Formosa Plastics Corporation,FPC,塑膠工業,,"Formosa Plastics Corporation, U.S.A.",211--美國,,FORMOSA POINT COMFORT PLANT,201 FORMOSA DRIVE,POINT COMFORT,TX,77978,28.6825,-96.545278,1600028209,TX0085570,ECHO覆蓋率稽核,100,"Formosa Plastics Corporation, U.S.A.",台塑集團關係企業 FPC USA 德州 Point Comfort 主廠,郭文筆,1954/11/05,1964/07/27,63657407810,http://www.fpc.com.tw,高雄市仁武區水管路100號,https://www.fpcusa.com/content/uploads/2021/04/formosa-logo-stacked.png,1606963128,,D90,"DMR, Limited - Overdue",,,,,K,"Non-receipt Violation, Non-Monthly Average",04/19/2006,2,RE - Back into Compliance,04/24/2006,E,Effluent Violations,,,,,,,,,2,1600141664,101,1600141664,Q,J,1651143716,0,1626021011,1610228743,,,.69916,34526,Benzo[a]anthracene,01,kg/d,02/28/2006,3,,,,04/24/2006,35,,1601848538,0,Q2,DD,N,DAILY MX
1301,台灣塑膠工業股份有限公司,Formosa Plastics Corporation,FPC,塑膠工業,,"Formosa Plastics Corporation, U.S.A.",211--美國,,FORMOSA POINT COMFORT PLANT,201 FORMOSA DRIVE,POINT COMFORT,TX,77978,28.6825,-96.545278,1600028209,TX0085570,ECHO覆蓋率稽核,100,"Formosa Plastics Corporation, U.S.A.",台塑集團關係企業 FPC USA 德州 Point Comfort 主廠,郭文筆,1954/11/05,1964/07/27,63657407810,http://www.fpc.com.tw,高雄市仁武區水管路100號,https://www.fpcusa.com/content/uploads/2021/04/formosa-logo-stacked.png,1606963594,,D80,"DMR, Monitor Only - Overdue",,,,,,,,,,,E,Effluent Violations,,,,,,,,,2,1600141664,TX1,1600141664,Q,1,1651154912,,1626028802,1610230982,Q,,,TXP6B,LOEC Lethal Survival Static Renewal 7 Day Chronic Menidia menidia,23,%,12/31/2005,3,,,,09/27/2006,,,1601848636,,C1,7D,,7 DA MIN
1301,台灣塑膠工業股份有限公司,Formosa Plastics Corporation,FPC,塑膠工業,,"Formosa Plastics Corporation, U.S.A.",211--美國,,FORMOSA POINT COMFORT PLANT,201 FORMOSA DRIVE,POINT COMFORT,TX,77978,28.6825,-96.545278,1600028209,TX0085570,ECHO覆蓋率稽核,100,"Formosa Plastics Corporation, U.S.A.",台塑集團關係企業 FPC USA 德州 Point Comfort 主廠,郭文筆,1954/11/05,1964/07/27,63657407810,http://www.fpc.com.tw,高雄市仁武區水管路100號,https://www.fpcusa.com/content/uploads/2021/04/formosa-logo-stacked.png,1606962918,,D90,"DMR, Limited - Overdue",,,,,K,"Non-receipt Violation, Non-Monthly Average",12/20/2001,2,RE - Back into Compliance,06/10/2002,E,Effluent Violations,,,,,,,,,1,1600141665,101,1600141665,A,J,1651141331,0,1626009236,1610228266,,,0,82581,"pH range excursions, > 60 minutes",88,occur/d,10/31/2001,1,,,,06/10/2002,99,,1601848515,0,Q2,MP,N,MO TOTAL
1301,台灣塑膠工業股份有限公司,Formosa Plastics Corporation,FPC,塑膠工業,,"Formosa Plastics Corporation, U.S.A.",211--美國,,FORMOSA POINT COMFORT PLANT,201 FORMOSA DRIVE,POINT COMFORT,TX,77978,28.6825,-96.545278,1600028209,TX0085570,ECHO覆蓋率稽核,100,"Formosa Plastics Corporation, U.S.A.",台塑集團關係企業 FPC USA 德州 Point Comfort 主廠,郭文筆,1954/11/05,1964/07/27,63657407810,http://www.fpc.com.tw,高雄市仁武區水管路100號,https://www.fpcusa.com/content/uploads/2021/04/formosa-logo-stacked.png,1606963770,,D80,"DMR, Monitor Only - Overdue",,,,,K,"Non-receipt Violation, Non-Monthly Average",08/19/2006,2,RE - Back into Compliance,09/27/2006,E,Effluent Violations,,,,,,,,,2,1600141664,TXA,1600141664,Q,1,1651155618,0,1626029503,1610231123,,,,TIE3E,LC50 Pass/Fail Static 24Hr Acute Americamysis bahia (formerly Mysidopsis bahia),9A,pass=0;fail=1,06/30/2006,3,,,,09/27/2006,69,,1601848657,0,C2,SA,N,SINGSAMP
1301,台灣塑膠工業股份有限公司,Formosa Plastics Corporation,FPC,塑膠工業,,"Formosa Plastics Corporation, U.S.A.",211--美國,,FORMOSA POINT COMFORT PLANT,201 FORMOSA DRIVE,POINT COMFORT,TX,77978,28.6825,-96.545278,1600028209,TX0085570,ECHO覆蓋率稽核,100,"Formosa Plastics Corporation, U.S.A.",台塑集團關係企業 FPC USA 德州 Point Comfort 主廠,郭文筆,1954/11/05,1964/07/27,63657407810,http://www.fpc.com.tw,高雄市仁武區水管路100號,https://www.fpcusa.com/content/uploads/2021/04/formosa-logo-stacked.png,1606962671,,E90,"DMR, Limited - Numeric Violation",,,,,,,,,,,E,Effluent Violations,,,,,,,,,2,1600141664,001,1600141664,A,1,1651102419,128,1625985409,1610220483,,,34,80082,"BOD, carbonaceous [5 day, 20 C]",19,mg/L,11/30/2006,1,276,,19,12/20/2006,,,1601848369,128,C3,DD,N,DAILY MX
1301,台灣塑膠工業股份有限公司,Formosa Plastics Corporation,FPC,塑膠工業,,"Formosa Plastics Corporation, U.S.A.",211--美國,,FORMOSA POINT COMFORT PLANT,201 FORMOSA DRIVE,POINT COMFORT,TX,77978,28.6825,-96.545278,1600028209,TX0085570,ECHO覆蓋率稽核,100,"Formosa Plastics Corporation, U.S.A.",台塑集團關係企業 FPC USA 德州 Point Comfort 主廠,郭文筆,1954/11/05,1964/07/27,63657407810,http://www.fpc.com.tw,高雄市仁武區水管路100號,https://www.fpcusa.com/content/uploads/2021/04/formosa-logo-stacked.png,1606962541,,D90,"DMR, Limited - Overdue",,,,,K,"Non-receipt Violation, Non-Monthly Average",10/20/2001,2,RE - Back into Compliance,11/02/2001,E,Effluent Violations,,,,,,,,,1,1600141665,001,1600141665,A,1,1651108744,4,1625977659,1610221748,,,34,80082,"BOD, carbonaceous [5 day, 20 C]",19,mg/L,08/31/2001,1,,,,11/02/2001,43,,1601848394,4,C3,DD,N,DAILY MX
1301,台灣塑膠工業股份有限公司,Formosa Plastics Corporation,FPC,塑膠工業,,"Formosa Plastics Corporation, U.S.A.",211--美國,,FORMOSA POINT COMFORT PLANT,201 FORMOSA DRIVE,POINT COMFORT,TX,77978,28.6825,-96.545278,1600028209,TX0085570,ECHO覆蓋率稽核,100,"Formosa Plastics Corporation, U.S.A.",台塑集團關係企業 FPC USA 德州 Point Comfort 主廠,郭文筆,1954/11/05,1964/07/27,63657407810,http://www.fpc.com.tw,高雄市仁武區水管路100號,https://www.fpcusa.com/content/uploads/2021/04/formosa-logo-stacked.png,1606963137,,D90,"DMR, Limited - Overdue",,,,,N,Non-Receipt of DMR/Schedule Report,04/19/2006,2,RE - Back into Compliance,04/24/2006,E,Effluent Violations,,,,,,,,,2,1600141664,101,1600141664,Q,J,1651143905,0,1626021020,1610228781,,,1.816,34541,"1,2-Dichloropropane",01,kg/d,02/28/2006,3,,,,04/24/2006,35,,1601848540,0,Q1,DB,A,DAILY AV
1301,台灣塑膠工業股份有限公司,Formosa Plastics Corporation,FPC,塑膠工業,,"Formosa Plastics Corporation, U.S.A.",211--美國,,FORMOSA POINT COMFORT PLANT,201 FORMOSA DRIVE,POINT COMFORT,TX,77978,28.6825,-96.545278,1600028209,TX0085570,ECHO覆蓋率稽核,100,"Formosa Plastics Corporation, U.S.A.",台塑集團關係企業 FPC USA 德州 Point Comfort 主廠,郭文筆,1954/11/05,1964/07/27,63657407810,http://www.fpc.com.tw,高雄市仁武區水管路100號,https://www.fpcusa.com/content/uploads/2021/04/formosa-logo-stacked.png,1606963639,,D80,"DMR, Monitor Only - Overdue",,,,,,,,,,,E,Effluent Violations,,,,,,,,,2,1600141664,TX1,1600141664,Q,1,1651154857,0,1626028847,1610230971,,,,TWP3E,Pass/Fail Sub-Lethal Static Renewal 7 Day Chronic Americamysis bahia (formerly Mysidopsis bahia),9A,pass=0;fail=1,03/31/2006,3,,,,09/27/2006,99,,1601848633,0,C1,7D,,7 DA MIN
1301,台灣塑膠工業股份有限公司,Formosa Plastics Corporation,FPC,塑膠工業,,"Formosa Plastics Corporation, U.S.A.",211--美國,,FORMOSA POINT COMFORT PLANT,201 FORMOSA DRIVE,POINT COMFORT,TX,77978,28.6825,-96.545278,1600028209,TX0085570,ECHO覆蓋率稽核,100,"Formosa Plastics Corporation, U.S.A.",台塑集團關係企業 FPC USA 德州 Point Comfort 主廠,郭文筆,1954/11/05,1964/07/27,63657407810,http://www.fpc.com.tw,高雄市仁武區水管路100號,https://www.fpcusa.com/content/uploads/2021/04/formosa-logo-stacked.png,3660476240,,E90,"DMR, Limited - Numeric Violation",,,,,,,,,,,E,Effluent Violations,,,,,,,,,0,3600742495,201,3600742495,A,J,3836261417,412,3746189868,3678067621,,,107.598,00310,"BOD, 5-day, 20 deg. C",01,kg/d,07/31/2021,1,74,=,26,08/20/2021,,,3601385726,187.04799843,Q1,DB,A,DAILY AV
1301,台灣塑膠工業股份有限公司,Formosa Plastics Corporation,FPC,塑膠工業,,"Formosa Plastics Corporation, U.S.A.",211--美國,,FORMOSA POINT COMFORT PLANT,201 FORMOSA DRIVE,POINT COMFORT,TX,77978,28.6825,-96.545278,1600028209,TX0085570,ECHO覆蓋率稽核,100,"Formosa Plastics Corporation, U.S.A.",台塑集團關係企業 FPC USA 德州 Point Comfort 主廠,郭文筆,1954/11/05,1964/07/27,63657407810,http://www.fpc.com.tw,高雄市仁武區水管路100號,https://www.fpcusa.com/content/uploads/2021/04/formosa-logo-stacked.png,1606963670,,D80,"DMR, Monitor Only - Overdue",,,,,,,,,,,E,Effluent Violations,,,,,,,,,2,1600141664,TX1,1600141664,Q,1,1651154743,0,1626028878,1610230948,,,,TLP3E,Low Flow Pass/Fail Survival Test Static Renewal 7 Day Chronic Americamysis bahia (Mysidopsis bahia),9A,pass=0;fail=1,06/30/2006,3,,,,09/27/2006,69,,1601848627,0,C2,MJ,,MO AV MN
1301,台灣塑膠工業股份有限公司,Formosa Plastics Corporation,FPC,塑膠工業,,"Formosa Plastics Corporation, U.S.A.",211--美國,,FORMOSA POINT COMFORT PLANT,201 FORMOSA DRIVE,POINT COMFORT,TX,77978,28.6825,-96.545278,1600028209,TX0085570,ECHO覆蓋率稽核,100,"Formosa Plastics Corporation, U.S.A.",台塑集團關係企業 FPC USA 德州 Point Comfort 主廠,郭文筆,1954/11/05,1964/07/27,63657407810,http://www.fpc.com.tw,高雄市仁武區水管路100號,https://www.fpcusa.com/content/uploads/2021/04/formosa-logo-stacked.png,1606962823,,D90,"DMR, Limited - Overdue",,,,,K,"Non-receipt Violation, Non-Monthly Average",09/19/2001,2,RE - Back into Compliance,11/02/2001,E,Effluent Violations,,,,,,,,,1,1600141665,101,1600141665,A,J,1651138316,0,1626008906,1610227663,,,.44946,32102,Carbon tetrachloride,01,kg/d,07/31/2001,1,,,,11/02/2001,74,,1601848503,0,Q2,DD,N,DAILY MX
1301,台灣塑膠工業股份有限公司,Formosa Plastics Corporation,FPC,塑膠工業,,"Formosa Plastics Corporation, U.S.A.",211--美國,,FORMOSA POINT COMFORT PLANT,201 FORMOSA DRIVE,POINT COMFORT,TX,77978,28.6825,-96.545278,1600028209,TX0085570,ECHO覆蓋率稽核,100,"Formosa Plastics Corporation, U.S.A.",台塑集團關係企業 FPC USA 德州 Point Comfort 主廠,郭文筆,1954/11/05,1964/07/27,63657407810,http://www.fpc.com.tw,高雄市仁武區水管路100號,https://www.fpcusa.com/content/uploads/2021/04/formosa-logo-stacked.png,1606963729,,D90,"DMR, Limited - Overdue",,,,,,,,,,,E,Effluent Violations,,,,,,,,,2,1600141664,TX1,1600141664,S,U,1651155052,13,1626029277,1610231010,,,10,22414,Whole effluent toxicity,23,%,06/30/2006,6,,,,10/24/2006,96,,1601848641,13,C1,7D,,7 DA MIN
1301,台灣塑膠工業股份有限公司,Formosa Plastics Corporation,FPC,塑膠工業,,"Formosa Plastics Corporation, U.S.A.",211--美國,,FORMOSA POINT COMFORT PLANT,201 FORMOSA DRIVE,POINT COMFORT,TX,77978,28.6825,-96.545278,1600028209,TX0085570,ECHO覆蓋率稽核,100,"Formosa Plastics Corporation, U.S.A.",台塑集團關係企業 FPC USA 德州 Point Comfort 主廠,郭文筆,1954/11/05,1964/07/27,63657407810,http://www.fpc.com.tw,高雄市仁武區水管路100號,https://www.fpcusa.com/content/uploads/2021/04/formosa-logo-stacked.png,3600764256,,D90,"DMR, Limited - Overdue",,,,,,,,,,,E,Effluent Violations,,,,,,,,,2,1600141664,TX1,1600141664,S,V,3005426659,,3606189324,3603470655,9,,10,22414,Whole effluent toxicity,23,%,12/31/2014,6,,,,04/08/2015,77,,1601848642,,C2,MJ,,MO AV MN
1301,台灣塑膠工業股份有限公司,Formosa Plastics Corporation,FPC,塑膠工業,,"Formosa Plastics Corporation, U.S.A.",211--美國,,FORMOSA POINT COMFORT PLANT,201 FORMOSA DRIVE,POINT COMFORT,TX,77978,28.6825,-96.545278,1600028209,TX0085570,ECHO覆蓋率稽核,100,"Formosa Plastics Corporation, U.S.A.",台塑集團關係企業 FPC USA 德州 Point Comfort 主廠,郭文筆,1954/11/05,1964/07/27,63657407810,http://www.fpc.com.tw,高雄市仁武區水管路100號,https://www.fpcusa.com/content/uploads/2021/04/formosa-logo-stacked.png,1606962537,,D90,"DMR, Limited - Overdue",,,,,N,Non-Receipt of DMR/Schedule Report,10/20/2001,2,RE - Back into Compliance,11/02/2001,E,Effluent Violations,,,,,,,,,1,1600141665,001,1600141665,A,1,1651108740,126,1625977655,1610221748,,,500.308,80082,"BOD, carbonaceous [5 day, 20 C]",01,kg/d,08/31/2001,1,,,,11/02/2001,43,,1601848394,57.204,Q1,DB,A,DAILY AV
1301,台灣塑膠工業股份有限公司,Formosa Plastics Corporation,FPC,塑膠工業,,"Formosa Plastics Corporation, U.S.A.",211--美國,,FORMOSA POINT COMFORT PLANT,201 FORMOSA DRIVE,POINT COMFORT,TX,77978,28.6825,-96.545278,1600028209,TX0085570,ECHO覆蓋率稽核,100,"Formosa Plastics Corporation, U.S.A.",台塑集團關係企業 FPC USA 德州 Point Comfort 主廠,郭文筆,1954/11/05,1964/07/27,63657407810,http://www.fpc.com.tw,高雄市仁武區水管路100號,https://www.fpcusa.com/content/uploads/2021/04/formosa-logo-stacked.png,3001159643,,D90,"DMR, Limited - Overdue",,,,,K,"Non-receipt Violation, Non-Monthly Average",10/21/2012,2,RE - Back into Compliance,11/06/2012,E,Effluent Violations,,,,,,,,,2,1600141664,005,1600141664,A,1,2201924387,,3006967928,3003786929,C,,55,00680,"Carbon, tot organic [TOC]",19,mg/L,08/31/2012,1,,,,11/06/2012,47,,1601848431,,C3,DD,N,DAILY MX
1301,台灣塑膠工業股份有限公司,Formosa Plastics Corporation,FPC,塑膠工業,,"Formosa Plastics Corporation, U.S.A.",211--美國,,FORMOSA POINT COMFORT PLANT,201 FORMOSA DRIVE,POINT COMFORT,TX,77978,28.6825,-96.545278,1600028209,TX0085570,ECHO覆蓋率稽核,100,"Formosa Plastics Corporation, U.S.A.",台塑集團關係企業 FPC USA 德州 Point Comfort 主廠,郭文筆,1954/11/05,1964/07/27,63657407810,http://www.fpc.com.tw,高雄市仁武區水管路100號,https://www.fpcusa.com/content/uploads/2021/04/formosa-logo-stacked.png,1606963057,,D90,"DMR, Limited - Overdue",,,,,N,Non-Receipt of DMR/Schedule Report,04/19/2006,2,RE - Back into Compliance,04/24/2006,E,Effluent Violations,,,,,,,,,2,1600141664,101,1600141664,Q,J,1651145710,0,1626020940,1610229142,,,1.23488,85811,Chloroethane,01,kg/d,02/28/2006,3,,,,04/24/2006,35,,1601848524,0,Q1,DB,A,DAILY AV
1301,台灣塑膠工業股份有限公司,Formosa Plastics Corporation,FPC,塑膠工業,,"Formosa Plastics Corporation, U.S.A.",211--美國,,FORMOSA POINT COMFORT PLANT,201 FORMOSA DRIVE,POINT COMFORT,TX,77978,28.6825,-96.545278,1600028209,TX0085570,ECHO覆蓋率稽核,100,"Formosa Plastics Corporation, U.S.A.",台塑集團關係企業 FPC USA 德州 Point Comfort 主廠,郭文筆,1954/11/05,1964/07/27,63657407810,http://www.fpc.com.tw,高雄市仁武區水管路100號,https://www.fpcusa.com/content/uploads/2021/04/formosa-logo-stacked.png,3001159357,,D90,"DMR, Limited - Overdue",,,,,K,"Non-receipt Violation, Non-Monthly Average",10/21/2012,2,RE - Back into Compliance,11/06/2012,E,Effluent Violations,,,,,,,,,2,1600141664,004,1600141664,A,1,2201923763,,3006967885,3003786903,C,,15,00556,Oil & Grease,19,mg/L,08/31/2012,1,,,,11/06/2012,47,,1601848420,,C3,DD,N,DAILY MX
1301,台灣塑膠工業股份有限公司,Formosa Plastics Corporation,FPC,塑膠工業,,"Formosa Plastics Corporation, U.S.A.",211--美國,,FORMOSA POINT COMFORT PLANT,201 FORMOSA DRIVE,POINT COMFORT,TX,77978,28.6825,-96.545278,1600028209,TX0085570,ECHO覆蓋率稽核,100,"Formosa Plastics Corporation, U.S.A.",台塑集團關係企業 FPC USA 德州 Point Comfort 主廠,郭文筆,1954/11/05,1964/07/27,63657407810,http://www.fpc.com.tw,高雄市仁武區水管路100號,https://www.fpcusa.com/content/uploads/2021/04/formosa-logo-stacked.png,1606963472,,D90,"DMR, Limited - Overdue",,,,,N,Non-Receipt of DMR/Schedule Report,09/19/2001,2,RE - Back into Compliance,11/02/2001,E,Effluent Violations,,,,,,,,,1,1600141665,201,1600141665,A,J,1651152985,198,1626023990,1610230597,,,784.966,00530,"Solids, total suspended",01,kg/d,07/31/2001,1,,,,11/02/2001,74,,1601848620,89.892,Q1,DB,A,DAILY AV
1301,台灣塑膠工業股份有限公司,Formosa Plastics Corporation,FPC,塑膠工業,,"Formosa Plastics Corporation, U.S.A.",211--美國,,FORMOSA POINT COMFORT PLANT,201 FORMOSA DRIVE,POINT COMFORT,TX,77978,28.6825,-96.545278,1600028209,TX0085570,ECHO覆蓋率稽核,100,"Formosa Plastics Corporation, U.S.A.",台塑集團關係企業 FPC USA 德州 Point Comfort 主廠,郭文筆,1954/11/05,1964/07/27,63657407810,http://www.fpc.com.tw,高雄市仁武區水管路100號,https://www.fpcusa.com/content/uploads/2021/04/formosa-logo-stacked.png,1606962653,,E90,"DMR, Limited - Numeric Violation",,,,,,,,,,,E,Effluent Violations,,,,,,,,,2,1600141664,001,1600141664,A,1,1651102646,1,1625983786,1610220529,,,0,82581,"pH range excursions, > 60 minutes",88,occur/d,10/31/2005,1,99999,,,11/22/2005,2,,1601848370,.0329,Q2,MP,N,MO TOTAL
1301,台灣塑膠工業股份有限公司,Formosa Plastics Corporation,FPC,塑膠工業,,"Formosa Plastics Corporation, U.S.A.",211--美國,,FORMOSA POINT COMFORT PLANT,201 FORMOSA DRIVE,POINT COMFORT,TX,77978,28.6825,-96.545278,1600028209,TX0085570,ECHO覆蓋率稽核,100,"Formosa Plastics Corporation, U.S.A.",台塑集團關係企業 FPC USA 德州 Point Comfort 主廠,郭文筆,1954/11/05,1964/07/27,63657407810,http://www.fpc.com.tw,高雄市仁武區水管路100號,https://www.fpcusa.com/content/uploads/2021/04/formosa-logo-stacked.png,1606962756,,E90,"DMR, Limited - Numeric Violation",,,,,,,,,,,E,Effluent Violations,,,,,,,,,1,1600141665,010,1600141665,A,1,1651128229,9.5,1626005259,1610225645,,,9,00400,pH,12,SU,07/31/2005,1,,,,08/22/2005,2,,1601848466,9.5,C3,MB,N,MAXIMUM
1301,台灣塑膠工業股份有限公司,Formosa Plastics Corporation,FPC,塑膠工業,,"Formosa Plastics Corporation, U.S.A.",211--美國,,FORMOSA POINT COMFORT PLANT,201 FORMOSA DRIVE,POINT COMFORT,TX,77978,28.6825,-96.545278,1600028209,TX0085570,ECHO覆蓋率稽核,100,"Formosa Plastics Corporation, U.S.A.",台塑集團關係企業 FPC USA 德州 Point Comfort 主廠,郭文筆,1954/11/05,1964/07/27,63657407810,http://www.fpc.com.tw,高雄市仁武區水管路100號,https://www.fpcusa.com/content/uploads/2021/04/formosa-logo-stacked.png,1606963760,,D80,"DMR, Monitor Only - Overdue",,,,,K,"Non-receipt Violation, Non-Monthly Average",05/20/2006,2,RE - Back into Compliance,09/27/2006,E,Effluent Violations,,,,,,,,,2,1600141664,TXA,1600141664,Q,1,1651155613,0,1626029493,1610231122,,,,TIE3E,LC50 Pass/Fail Static 24Hr Acute Americamysis bahia (formerly Mysidopsis bahia),9A,pass=0;fail=1,03/31/2006,3,,,,09/27/2006,99,,1601848657,0,C2,SA,N,SINGSAMP
1301,台灣塑膠工業股份有限公司,Formosa Plastics Corporation,FPC,塑膠工業,,"Formosa Plastics Corporation, U.S.A.",211--美國,,FORMOSA POINT COMFORT PLANT,201 FORMOSA DRIVE,POINT COMFORT,TX,77978,28.6825,-96.545278,1600028209,TX0085570,ECHO覆蓋率稽核,100,"Formosa Plastics Corporation, U.S.A.",台塑集團關係企業 FPC USA 德州 Point Comfort 主廠,郭文筆,1954/11/05,1964/07/27,63657407810,http://www.fpc.com.tw,高雄市仁武區水管路100號,https://www.fpcusa.com/content/uploads/2021/04/formosa-logo-stacked.png,1606963473,,D90,"DMR, Limited - Overdue",,,,,K,"Non-receipt Violation, Non-Monthly Average",09/19/2001,2,RE - Back into Compliance,11/02/2001,E,Effluent Violations,,,,,,,,,1,1600141665,201,1600141665,A,J,1651152986,260,1626023991,1610230597,,,1364.724,00530,"Solids, total suspended",01,kg/d,07/31/2001,1,,,,11/02/2001,74,,1601848620,118.04,Q2,DD,N,DAILY MX
1301,台灣塑膠工業股份有限公司,Formosa Plastics Corporation,FPC,塑膠工業,,"Formosa Plastics Corporation, U.S.A.",211--美國,,FORMOSA POINT COMFORT PLANT,201 FORMOSA DRIVE,POINT COMFORT,TX,77978,28.6825,-96.545278,1600028209,TX0085570,ECHO覆蓋率稽核,100,"Formosa Plastics Corporation, U.S.A.",台塑集團關係企業 FPC USA 德州 Point Comfort 主廠,郭文筆,1954/11/05,1964/07/27,63657407810,http://www.fpc.com.tw,高雄市仁武區水管路100號,https://www.fpcusa.com/content/uploads/2021/04/formosa-logo-stacked.png,1606963685,,D80,"DMR, Monitor Only - Overdue",,,,,,,,,,,E,Effluent Violations,,,,,,,,,2,1600141664,TX1,1600141664,Q,1,1651154803,13,1626028893,1610230960,,,,TOP6B,NOEC Lethal Static Renewal 7 Day Chronic Menidia menidia,23,%,06/30/2006,3,,,,09/27/2006,69,,1601848630,13,C2,MJ,,MO AV MN
1301,台灣塑膠工業股份有限公司,Formosa Plastics Corporation,FPC,塑膠工業,,"Formosa Plastics Corporation, U.S.A.",211--美國,,FORMOSA POINT COMFORT PLANT,201 FORMOSA DRIVE,POINT COMFORT,TX,77978,28.6825,-96.545278,1600028209,TX0085570,ECHO覆蓋率稽核,100,"Formosa Plastics Corporation, U.S.A.",台塑集團關係企業 FPC USA 德州 Point Comfort 主廠,郭文筆,1954/11/05,1964/07/27,63657407810,http://www.fpc.com.tw,高雄市仁武區水管路100號,https://www.fpcusa.com/content/uploads/2021/04/formosa-logo-stacked.png,1606963689,,D80,"DMR, Monitor Only - Overdue",,,,,,,,,,,E,Effluent Violations,,,,,,,,,2,1600141664,TX1,1600141664,Q,1,1651154822,13,1626028897,1610230964,,,,TPP3E,NOEC Sub-Lethal Static Renewal 7 Day Chronic Americamysis bahia (formerly Mysidopsis bahia),23,%,06/30/2006,3,,,,09/27/2006,69,,1601848631,13,C1,7D,,7 DA MIN
1301,台灣塑膠工業股份有限公司,Formosa Plastics Corporation,FPC,塑膠工業,,"Formosa Plastics Corporation, U.S.A.",211--美國,,FORMOSA POINT COMFORT PLANT,201 FORMOSA DRIVE,POINT COMFORT,TX,77978,28.6825,-96.545278,1600028209,TX0085570,ECHO覆蓋率稽核,100,"Formosa Plastics Corporation, U.S.A.",台塑集團關係企業 FPC USA 德州 Point Comfort 主廠,郭文筆,1954/11/05,1964/07/27,63657407810,http://www.fpc.com.tw,高雄市仁武區水管路100號,https://www.fpcusa.com/content/uploads/2021/04/formosa-logo-stacked.png,3001159526,,D90,"DMR, Limited - Overdue",,,,,K,"Non-receipt Violation, Non-Monthly Average",10/21/2012,2,RE - Back into Compliance,11/06/2012,E,Effluent Violations,,,,,,,,,2,1600141664,011,1600141664,A,1,2201926585,,3006967895,3003786910,C,,9,00400,pH,12,SU,08/31/2012,1,,,,11/06/2012,47,,1601848469,,C3,MB,N,MAXIMUM
1301,台灣塑膠工業股份有限公司,Formosa Plastics Corporation,FPC,塑膠工業,,"Formosa Plastics Corporation, U.S.A.",211--美國,,FORMOSA POINT COMFORT PLANT,201 FORMOSA DRIVE,POINT COMFORT,TX,77978,28.6825,-96.545278,1600028209,TX0085570,ECHO覆蓋率稽核,100,"Formosa Plastics Corporation, U.S.A.",台塑集團關係企業 FPC USA 德州 Point Comfort 主廠,郭文筆,1954/11/05,1964/07/27,63657407810,http://www.fpc.com.tw,高雄市仁武區水管路100號,https://www.fpcusa.com/content/uploads/2021/04/formosa-logo-stacked.png,1606963428,,D90,"DMR, Limited - Overdue",,,,,K,"Non-receipt Violation, Non-Monthly Average",07/20/2006,2,RE - Back into Compliance,09/27/2006,E,Effluent Violations,,,,,,,,,2,1600141664,101,1600141664,Q,J,1651145431,0,1626021311,1610229086,,,.67646,39110,Di-n-butyl phthalate,01,kg/d,05/31/2006,3,,,,09/27/2006,99,,1601848556,0,Q2,DD,N,DAILY MX
1301,台灣塑膠工業股份有限公司,Formosa Plastics Corporation,FPC,塑膠工業,,"Formosa Plastics Corporation, U.S.A.",211--美國,,FORMOSA POINT COMFORT PLANT,201 FORMOSA DRIVE,POINT COMFORT,TX,77978,28.6825,-96.545278,1600028209,TX0085570,ECHO覆蓋率稽核,100,"Formosa Plastics Corporation, U.S.A.",台塑集團關係企業 FPC USA 德州 Point Comfort 主廠,郭文筆,1954/11/05,1964/07/27,63657407810,http://www.fpc.com.tw,高雄市仁武區水管路100號,https://www.fpcusa.com/content/uploads/2021/04/formosa-logo-stacked.png,3001159544,,D90,"DMR, Limited - Overdue",,,,,,,,,,,E,Effluent Violations,,,,,,,,,2,1600141664,012,1600141664,A,1,2201926868,,3006967898,3003786913,C,,6,00400,pH,12,SU,08/31/2012,1,,,,11/06/2012,47,,1601848475,,C1,ME,,MINIMUM
1301,台灣塑膠工業股份有限公司,Formosa Plastics Corporation,FPC,塑膠工業,,"Formosa Plastics Corporation, U.S.A.",211--美國,,FORMOSA POINT COMFORT PLANT,201 FORMOSA DRIVE,POINT COMFORT,TX,77978,28.6825,-96.545278,1600028209,TX0085570,ECHO覆蓋率稽核,100,"Formosa Plastics Corporation, U.S.A.",台塑集團關係企業 FPC USA 德州 Point Comfort 主廠,郭文筆,1954/11/05,1964/07/27,63657407810,http://www.fpc.com.tw,高雄市仁武區水管路100號,https://www.fpcusa.com/content/uploads/2021/04/formosa-logo-stacked.png,1606963118,,D90,"DMR, Limited - Overdue",,,,,K,"Non-receipt Violation, Non-Monthly Average",04/19/2006,2,RE - Back into Compliance,04/24/2006,E,Effluent Violations,,,,,,,,,2,1600141664,101,1600141664,Q,J,1651143526,0,1626021001,1610228705,,,.2951,34501,"1,1-Dichloroethylene",01,kg/d,02/28/2006,3,,,,04/24/2006,35,,1601848536,0,Q2,DD,N,DAILY MX
1301,台灣塑膠工業股份有限公司,Formosa Plastics Corporation,FPC,塑膠工業,,"Formosa Plastics Corporation, U.S.A.",211--美國,,FORMOSA POINT COMFORT PLANT,201 FORMOSA DRIVE,POINT COMFORT,TX,77978,28.6825,-96.545278,1600028209,TX0085570,ECHO覆蓋率稽核,100,"Formosa Plastics Corporation, U.S.A.",台塑集團關係企業 FPC USA 德州 Point Comfort 主廠,郭文筆,1954/11/05,1964/07/27,63657407810,http://www.fpc.com.tw,高雄市仁武區水管路100號,https://www.fpcusa.com/content/uploads/2021/04/formosa-logo-stacked.png,1606963407,,D90,"DMR, Limited - Overdue",,,,,N,Non-Receipt of DMR/Schedule Report,07/20/2006,2,RE - Back into Compliance,09/27/2006,E,Effluent Violations,,,,,,,,,2,1600141664,101,1600141664,Q,J,1651145050,0,1626021290,1610229010,,,.85352,34646,4-Nitrophenol,01,kg/d,05/31/2006,3,,,,09/27/2006,99,,1601848552,0,Q1,DB,A,DAILY AV
1301,台灣塑膠工業股份有限公司,Formosa Plastics Corporation,FPC,塑膠工業,,"Formosa Plastics Corporation, U.S.A.",211--美國,,FORMOSA POINT COMFORT PLANT,201 FORMOSA DRIVE,POINT COMFORT,TX,77978,28.6825,-96.545278,1600028209,TX0085570,ECHO覆蓋率稽核,100,"Formosa Plastics Corporation, U.S.A.",台塑集團關係企業 FPC USA 德州 Point Comfort 主廠,郭文筆,1954/11/05,1964/07/27,63657407810,http://www.fpc.com.tw,高雄市仁武區水管路100號,https://www.fpcusa.com/content/uploads/2021/04/formosa-logo-stacked.png,1606963322,,D90,"DMR, Limited - Overdue",,,,,N,Non-Receipt of DMR/Schedule Report,07/20/2006,2,RE - Back into Compliance,09/27/2006,E,Effluent Violations,,,,,,,,,2,1600141664,101,1600141664,Q,J,1651143435,0,1626021205,1610228687,,,.2951,34469,Pyrene,01,kg/d,05/31/2006,3,,,,09/27/2006,99,,1601848535,0,Q1,DB,A,DAILY AV
1301,台灣塑膠工業股份有限公司,Formosa Plastics Corporation,FPC,塑膠工業,,"Formosa Plastics Corporation, U.S.A.",211--美國,,FORMOSA POINT COMFORT PLANT,201 FORMOSA DRIVE,POINT COMFORT,TX,77978,28.6825,-96.545278,1600028209,TX0085570,ECHO覆蓋率稽核,100,"Formosa Plastics Corporation, U.S.A.",台塑集團關係企業 FPC USA 德州 Point Comfort 主廠,郭文筆,1954/11/05,1964/07/27,63657407810,http://www.fpc.com.tw,高雄市仁武區水管路100號,https://www.fpcusa.com/content/uploads/2021/04/formosa-logo-stacked.png,1606963178,,D90,"DMR, Limited - Overdue",,,,,K,"Non-receipt Violation, Non-Monthly Average",04/19/2006,2,RE - Back into Compliance,04/24/2006,E,Effluent Violations,,,,,,,,,2,1600141664,101,1600141664,Q,J,1651144666,0,1626021061,1610228933,,,.42676,34606,"2,4-Dimethylphenol",01,kg/d,02/28/2006,3,,,,04/24/2006,35,,1601848548,0,Q2,DD,N,DAILY MX
1301,台灣塑膠工業股份有限公司,Formosa Plastics Corporation,FPC,塑膠工業,,"Formosa Plastics Corporation, U.S.A.",211--美國,,FORMOSA POINT COMFORT PLANT,201 FORMOSA DRIVE,POINT COMFORT,TX,77978,28.6825,-96.545278,1600028209,TX0085570,ECHO覆蓋率稽核,100,"Formosa Plastics Corporation, U.S.A.",台塑集團關係企業 FPC USA 德州 Point Comfort 主廠,郭文筆,1954/11/05,1964/07/27,63657407810,http://www.fpc.com.tw,高雄市仁武區水管路100號,https://www.fpcusa.com/content/uploads/2021/04/formosa-logo-stacked.png,1606962837,,D90,"DMR, Limited - Overdue",,,,,N,Non-Receipt of DMR/Schedule Report,09/19/2001,2,RE - Back into Compliance,11/02/2001,E,Effluent Violations,,,,,,,,,1,1600141665,101,1600141665,A,J,1651139315,0,1626008920,1610227863,,,.17706,34301,Chlorobenzene,01,kg/d,07/31/2001,1,,,,11/02/2001,74,,1601848506,0,Q1,DB,A,DAILY AV
1301,台灣塑膠工業股份有限公司,Formosa Plastics Corporation,FPC,塑膠工業,,"Formosa Plastics Corporation, U.S.A.",211--美國,,FORMOSA POINT COMFORT PLANT,201 FORMOSA DRIVE,POINT COMFORT,TX,77978,28.6825,-96.545278,1600028209,TX0085570,ECHO覆蓋率稽核,100,"Formosa Plastics Corporation, U.S.A.",台塑集團關係企業 FPC USA 德州 Point Comfort 主廠,郭文筆,1954/11/05,1964/07/27,63657407810,http://www.fpc.com.tw,高雄市仁武區水管路100號,https://www.fpcusa.com/content/uploads/2021/04/formosa-logo-stacked.png,1606962682,,D90,"DMR, Limited - Overdue",,,,,N,Non-Receipt of DMR/Schedule Report,04/19/2006,2,RE - Back into Compliance,09/27/2006,E,Effluent Violations,,,,,,,,,2,1600141664,001,1600141664,Q,1,1651109485,0,1625989255,1610221897,,,.000000352,34675,"2,3,7,8-Tetrachlorodibenzo-p-dioxin",01,kg/d,02/28/2006,3,,,,09/27/2006,99,,1601848397,0,Q1,DB,A,DAILY AV
1301,台灣塑膠工業股份有限公司,Formosa Plastics Corporation,FPC,塑膠工業,,"Formosa Plastics Corporation, U.S.A.",211--美國,,FORMOSA POINT COMFORT PLANT,201 FORMOSA DRIVE,POINT COMFORT,TX,77978,28.6825,-96.545278,1600028209,TX0085570,ECHO覆蓋率稽核,100,"Formosa Plastics Corporation, U.S.A.",台塑集團關係企業 FPC USA 德州 Point Comfort 主廠,郭文筆,1954/11/05,1964/07/27,63657407810,http://www.fpc.com.tw,高雄市仁武區水管路100號,https://www.fpcusa.com/content/uploads/2021/04/formosa-logo-stacked.png,3400434865,,D90,"DMR, Limited - Overdue",,,,,K,"Non-receipt Violation, Non-Monthly Average",01/20/2013,2,RE - Back into Compliance,02/28/2013,E,Effluent Violations,,,,,,,,,2,1600141664,006,1600141664,A,1,2614040024,,3403618261,3402016453,C,,15,00556,Oil & Grease,19,mg/L,11/30/2012,1,,,,02/28/2013,70,,1601848440,,C3,DD,N,DAILY MX
1301,台灣塑膠工業股份有限公司,Formosa Plastics Corporation,FPC,塑膠工業,,"Formosa Plastics Corporation, U.S.A.",211--美國,,FORMOSA POINT COMFORT PLANT,201 FORMOSA DRIVE,POINT COMFORT,TX,77978,28.6825,-96.545278,1600028209,TX0085570,ECHO覆蓋率稽核,100,"Formosa Plastics Corporation, U.S.A.",台塑集團關係企業 FPC USA 德州 Point Comfort 主廠,郭文筆,1954/11/05,1964/07/27,63657407810,http://www.fpc.com.tw,高雄市仁武區水管路100號,https://www.fpcusa.com/content/uploads/2021/04/formosa-logo-stacked.png,1606963497,,D80,"DMR, Monitor Only - Overdue",,,,,N,Non-Receipt of DMR/Schedule Report,09/19/2001,2,RE - Back into Compliance,11/02/2001,E,Effluent Violations,,,,,,,,,1,1600141665,201,1600141665,A,J,1651154235,3.066,1626024015,1610230847,,,,50050,"Flow, in conduit or thru treatment plant",03,MGD,07/31/2001,1,,,,11/02/2001,74,,1601848625,3.066,Q1,DB,A,DAILY AV
1301,台灣塑膠工業股份有限公司,Formosa Plastics Corporation,FPC,塑膠工業,,"Formosa Plastics Corporation, U.S.A.",211--美國,,FORMOSA POINT COMFORT PLANT,201 FORMOSA DRIVE,POINT COMFORT,TX,77978,28.6825,-96.545278,1600028209,TX0085570,ECHO覆蓋率稽核,100,"Formosa Plastics Corporation, U.S.A.",台塑集團關係企業 FPC USA 德州 Point Comfort 主廠,郭文筆,1954/11/05,1964/07/27,63657407810,http://www.fpc.com.tw,高雄市仁武區水管路100號,https://www.fpcusa.com/content/uploads/2021/04/formosa-logo-stacked.png,1606962520,,D90,"DMR, Limited - Overdue",,,,,N,Non-Receipt of DMR/Schedule Report,09/19/2001,2,RE - Back into Compliance,11/02/2001,E,Effluent Violations,,,,,,,,,1,1600141665,001,1600141665,A,1,1651108738,2,1625977533,1610221747,,,14,80082,"BOD, carbonaceous [5 day, 20 C]",19,mg/L,07/31/2001,1,,,,11/02/2001,74,,1601848394,2,C2,DB,A,DAILY AV
1301,台灣塑膠工業股份有限公司,Formosa Plastics Corporation,FPC,塑膠工業,,"Formosa Plastics Corporation, U.S.A.",211--美國,,FORMOSA POINT COMFORT PLANT,201 FORMOSA DRIVE,POINT COMFORT,TX,77978,28.6825,-96.545278,1600028209,TX0085570,ECHO覆蓋率稽核,100,"Formosa Plastics Corporation, U.S.A.",台塑集團關係企業 FPC USA 德州 Point Comfort 主廠,郭文筆,1954/11/05,1964/07/27,63657407810,http://www.fpc.com.tw,高雄市仁武區水管路100號,https://www.fpcusa.com/content/uploads/2021/04/formosa-logo-stacked.png,1606962538,,D90,"DMR, Limited - Overdue",,,,,K,"Non-receipt Violation, Non-Monthly Average",10/20/2001,2,RE - Back into Compliance,11/02/2001,E,Effluent Violations,,,,,,,,,1,1600141665,001,1600141665,A,1,1651108741,169,1625977656,1610221748,,,1238.058,80082,"BOD, carbonaceous [5 day, 20 C]",01,kg/d,08/31/2001,1,,,,11/02/2001,43,,1601848394,76.726,Q2,DD,N,DAILY MX
1301,台灣塑膠工業股份有限公司,Formosa Plastics Corporation,FPC,塑膠工業,,"Formosa Plastics Corporation, U.S.A.",211--美國,,FORMOSA POINT COMFORT PLANT,201 FORMOSA DRIVE,POINT COMFORT,TX,77978,28.6825,-96.545278,1600028209,TX0085570,ECHO覆蓋率稽核,100,"Formosa Plastics Corporation, U.S.A.",台塑集團關係企業 FPC USA 德州 Point Comfort 主廠,郭文筆,1954/11/05,1964/07/27,63657407810,http://www.fpc.com.tw,高雄市仁武區水管路100號,https://www.fpcusa.com/content/uploads/2021/04/formosa-logo-stacked.png,1606962933,,D90,"DMR, Limited - Overdue",,,,,K,"Non-receipt Violation, Non-Monthly Average",01/19/2002,2,RE - Back into Compliance,06/10/2002,E,Effluent Violations,,,,,,,,,1,1600141665,101,1600141665,A,J,1651141586,0,1626009331,1610228317,,,.309524,82582,"pH range excursions, monthly total accum",5A,d,11/30/2001,1,,,,06/10/2002,99,,1601848516,0,Q2,MP,N,MO TOTAL
1301,台灣塑膠工業股份有限公司,Formosa Plastics Corporation,FPC,塑膠工業,,"Formosa Plastics Corporation, U.S.A.",211--美國,,FORMOSA POINT COMFORT PLANT,201 FORMOSA DRIVE,POINT COMFORT,TX,77978,28.6825,-96.545278,1600028209,TX0085570,ECHO覆蓋率稽核,100,"Formosa Plastics Corporation, U.S.A.",台塑集團關係企業 FPC USA 德州 Point Comfort 主廠,郭文筆,1954/11/05,1964/07/27,63657407810,http://www.fpc.com.tw,高雄市仁武區水管路100號,https://www.fpcusa.com/content/uploads/2021/04/formosa-logo-stacked.png,3400434870,,D90,"DMR, Limited - Overdue",,,,,,,,,,,E,Effluent Violations,,,,,,,,,2,1600141664,006,1600141664,A,1,2614039965,,3403618259,3402016452,C,,6,00400,pH,12,SU,11/30/2012,1,,,,02/28/2013,70,,1601848439,,C1,ME,,MINIMUM
1301,台灣塑膠工業股份有限公司,Formosa Plastics Corporation,FPC,塑膠工業,,"Formosa Plastics Corporation, U.S.A.",211--美國,,FORMOSA POINT COMFORT PLANT,201 FORMOSA DRIVE,POINT COMFORT,TX,77978,28.6825,-96.545278,1600028209,TX0085570,ECHO覆蓋率稽核,100,"Formosa Plastics Corporation, U.S.A.",台塑集團關係企業 FPC USA 德州 Point Comfort 主廠,郭文筆,1954/11/05,1964/07/27,63657407810,http://www.fpc.com.tw,高雄市仁武區水管路100號,https://www.fpcusa.com/content/uploads/2021/04/formosa-logo-stacked.png,3000556130,,D90,"DMR, Limited - Overdue",,,,,K,"Non-receipt Violation, Non-Monthly Average",06/20/2012,2,RE - Back into Compliance,07/13/2012,E,Effluent Violations,,,,,,,,,2,1600141664,012,1600141664,A,1,2201926828,,3003446582,3001863685,C,,55,00680,"Carbon, tot organic [TOC]",19,mg/L,04/30/2012,1,,,,07/13/2012,54,,1601848477,,C3,DD,N,DAILY MX
1301,台灣塑膠工業股份有限公司,Formosa Plastics Corporation,FPC,塑膠工業,,"Formosa Plastics Corporation, U.S.A.",211--美國,,FORMOSA POINT COMFORT PLANT,201 FORMOSA DRIVE,POINT COMFORT,TX,77978,28.6825,-96.545278,1600028209,TX0085570,ECHO覆蓋率稽核,100,"Formosa Plastics Corporation, U.S.A.",台塑集團關係企業 FPC USA 德州 Point Comfort 主廠,郭文筆,1954/11/05,1964/07/27,63657407810,http://www.fpc.com.tw,高雄市仁武區水管路100號,https://www.fpcusa.com/content/uploads/2021/04/formosa-logo-stacked.png,1606963461,,D80,"DMR, Monitor Only - Overdue",,,,,K,"Non-receipt Violation, Non-Monthly Average",09/19/2001,2,RE - Back into Compliance,11/02/2001,E,Effluent Violations,,,,,,,,,1,1600141665,201,1600141665,A,J,1651152239,14,1626023979,1610230447,,,,00310,"BOD, 5-day, 20 deg. C",19,mg/L,07/31/2001,1,,,,11/02/2001,74,,1601848617,14,C3,DD,N,DAILY MX
1301,台灣塑膠工業股份有限公司,Formosa Plastics Corporation,FPC,塑膠工業,,"Formosa Plastics Corporation, U.S.A.",211--美國,,FORMOSA POINT COMFORT PLANT,201 FORMOSA DRIVE,POINT COMFORT,TX,77978,28.6825,-96.545278,1600028209,TX0085570,ECHO覆蓋率稽核,100,"Formosa Plastics Corporation, U.S.A.",台塑集團關係企業 FPC USA 德州 Point Comfort 主廠,郭文筆,1954/11/05,1964/07/27,63657407810,http://www.fpc.com.tw,高雄市仁武區水管路100號,https://www.fpcusa.com/content/uploads/2021/04/formosa-logo-stacked.png,1606963152,,D90,"DMR, Limited - Overdue",,,,,N,Non-Receipt of DMR/Schedule Report,04/19/2006,2,RE - Back into Compliance,04/24/2006,E,Effluent Violations,,,,,,,,,2,1600141664,101,1600141664,Q,J,1651144190,0,1626021035,1610228838,,,.36774,34566,"1,3-Dichlorobenzene",01,kg/d,02/28/2006,3,,,,04/24/2006,35,,1601848543,0,Q1,DB,A,DAILY AV
1301,台灣塑膠工業股份有限公司,Formosa Plastics Corporation,FPC,塑膠工業,,"Formosa Plastics Corporation, U.S.A.",211--美國,,FORMOSA POINT COMFORT PLANT,201 FORMOSA DRIVE,POINT COMFORT,TX,77978,28.6825,-96.545278,1600028209,TX0085570,ECHO覆蓋率稽核,100,"Formosa Plastics Corporation, U.S.A.",台塑集團關係企業 FPC USA 德州 Point Comfort 主廠,郭文筆,1954/11/05,1964/07/27,63657407810,http://www.fpc.com.tw,高雄市仁武區水管路100號,https://www.fpcusa.com/content/uploads/2021/04/formosa-logo-stacked.png,1606963554,,D80,"DMR, Monitor Only - Overdue",,,,,,,,,,,E,Effluent Violations,,,,,,,,,2,1600141664,TX1,1600141664,Q,1,1651154752,0,1626028762,1610230950,,,,TLP6B,Low Flow Pass/Fail Survival Test Static Renewal 7 Day Chronic Menidia menidia,9A,pass=0;fail=1,12/31/2005,3,,,,09/27/2006,99,,1601848628,0,C1,7D,,7 DA MIN
1301,台灣塑膠工業股份有限公司,Formosa Plastics Corporation,FPC,塑膠工業,,"Formosa Plastics Corporation, U.S.A.",211--美國,,FORMOSA POINT COMFORT PLANT,201 FORMOSA DRIVE,POINT COMFORT,TX,77978,28.6825,-96.545278,1600028209,TX0085570,ECHO覆蓋率稽核,100,"Formosa Plastics Corporation, U.S.A.",台塑集團關係企業 FPC USA 德州 Point Comfort 主廠,郭文筆,1954/11/05,1964/07/27,63657407810,http://www.fpc.com.tw,高雄市仁武區水管路100號,https://www.fpcusa.com/content/uploads/2021/04/formosa-logo-stacked.png,3000556075,,D90,"DMR, Limited - Overdue",,,,,K,"Non-receipt Violation, Non-Monthly Average",06/20/2012,2,RE - Back into Compliance,07/13/2012,E,Effluent Violations,,,,,,,,,2,1600141664,012,1600141664,A,1,2201926825,,3003446583,3001863686,C,,15,00556,Oil & Grease,19,mg/L,04/30/2012,1,,,,07/13/2012,54,,1601848476,,C3,DD,N,DAILY MX
1301,台灣塑膠工業股份有限公司,Formosa Plastics Corporation,FPC,塑膠工業,,"Formosa Plastics Corporation, U.S.A.",211--美國,,FORMOSA POINT COMFORT PLANT,201 FORMOSA DRIVE,POINT COMFORT,TX,77978,28.6825,-96.545278,1600028209,TX0085570,ECHO覆蓋率稽核,100,"Formosa Plastics Corporation, U.S.A.",台塑集團關係企業 FPC USA 德州 Point Comfort 主廠,郭文筆,1954/11/05,1964/07/27,63657407810,http://www.fpc.com.tw,高雄市仁武區水管路100號,https://www.fpcusa.com/content/uploads/2021/04/formosa-logo-stacked.png,3001159521,,D90,"DMR, Limited - Overdue",,,,,,,,,,,E,Effluent Violations,,,,,,,,,2,1600141664,011,1600141664,A,1,2201926583,,3006967894,3003786910,C,,6,00400,pH,12,SU,08/31/2012,1,,,,11/06/2012,47,,1601848469,,C1,ME,,MINIMUM
1301,台灣塑膠工業股份有限公司,Formosa Plastics Corporation,FPC,塑膠工業,,"Formosa Plastics Corporation, U.S.A.",211--美國,,FORMOSA POINT COMFORT PLANT,201 FORMOSA DRIVE,POINT COMFORT,TX,77978,28.6825,-96.545278,1600028209,TX0085570,ECHO覆蓋率稽核,100,"Formosa Plastics Corporation, U.S.A.",台塑集團關係企業 FPC USA 德州 Point Comfort 主廠,郭文筆,1954/11/05,1964/07/27,63657407810,http://www.fpc.com.tw,高雄市仁武區水管路100號,https://www.fpcusa.com/content/uploads/2021/04/formosa-logo-stacked.png,1606963452,,D90,"DMR, Limited - Overdue",,,,,N,Non-Receipt of DMR/Schedule Report,02/19/2003,2,RE - Back into Compliance,04/21/2003,E,Effluent Violations,,,,,,,,,1,1600141665,101,1600141665,Y,J,1651149265,0,1626023870,1610229853,,,.2497,39180,Trichloroethylene,01,kg/d,12/31/2002,12,,,,04/21/2003,91,,1601848606,0,Q1,DB,A,DAILY AV
1301,台灣塑膠工業股份有限公司,Formosa Plastics Corporation,FPC,塑膠工業,,"Formosa Plastics Corporation, U.S.A.",211--美國,,FORMOSA POINT COMFORT PLANT,201 FORMOSA DRIVE,POINT COMFORT,TX,77978,28.6825,-96.545278,1600028209,TX0085570,ECHO覆蓋率稽核,100,"Formosa Plastics Corporation, U.S.A.",台塑集團關係企業 FPC USA 德州 Point Comfort 主廠,郭文筆,1954/11/05,1964/07/27,63657407810,http://www.fpc.com.tw,高雄市仁武區水管路100號,https://www.fpcusa.com/content/uploads/2021/04/formosa-logo-stacked.png,3641924634,,E90,"DMR, Limited - Numeric Violation",,,,,,,,,,,E,Effluent Violations,,,,,,,,,0,3600742495,001,3600742495,A,1,3650127461,3.57,3692037259,3649679694,,,1.41193999,01042,"Copper, total [as Cu]",01,kg/d,05/31/2019,1,15,=,26,06/20/2019,,,3601385607,1.62077999,Q2,DD,N,DAILY MX
1301,台灣塑膠工業股份有限公司,Formosa Plastics Corporation,FPC,塑膠工業,,"Formosa Plastics Corporation, U.S.A.",211--美國,,FORMOSA POINT COMFORT PLANT,201 FORMOSA DRIVE,POINT COMFORT,TX,77978,28.6825,-96.545278,1600028209,TX0085570,ECHO覆蓋率稽核,100,"Formosa Plastics Corporation, U.S.A.",台塑集團關係企業 FPC USA 德州 Point Comfort 主廠,郭文筆,1954/11/05,1964/07/27,63657407810,http://www.fpc.com.tw,高雄市仁武區水管路100號,https://www.fpcusa.com/content/uploads/2021/04/formosa-logo-stacked.png,1606963222,,D90,"DMR, Limited - Overdue",,,,,N,Non-Receipt of DMR/Schedule Report,04/19/2006,2,RE - Back into Compliance,04/24/2006,E,Effluent Violations,,,,,,,,,2,1600141664,101,1600141664,Q,J,1651145520,0,1626021105,1610229104,,,.005448,39700,Hexachlorobenzene,01,kg/d,02/28/2006,3,,,,04/24/2006,35,,1601848557,0,Q1,DB,A,DAILY AV
1301,台灣塑膠工業股份有限公司,Formosa Plastics Corporation,FPC,塑膠工業,,"Formosa Plastics Corporation, U.S.A.",211--美國,,FORMOSA POINT COMFORT PLANT,201 FORMOSA DRIVE,POINT COMFORT,TX,77978,28.6825,-96.545278,1600028209,TX0085570,ECHO覆蓋率稽核,100,"Formosa Plastics Corporation, U.S.A.",台塑集團關係企業 FPC USA 德州 Point Comfort 主廠,郭文筆,1954/11/05,1964/07/27,63657407810,http://www.fpc.com.tw,高雄市仁武區水管路100號,https://www.fpcusa.com/content/uploads/2021/04/formosa-logo-stacked.png,1606962802,,D90,"DMR, Limited - Overdue",,,,,N,Non-Receipt of DMR/Schedule Report,09/19/2001,2,RE - Back into Compliance,11/02/2001,E,Effluent Violations,,,,,,,,,1,1600141665,101,1600141665,A,J,1651137315,0,1626008885,1610227463,,,331.874,00310,"BOD, 5-day, 20 deg. C",01,kg/d,07/31/2001,1,,,,11/02/2001,74,,1601848499,0,Q1,DB,A,DAILY AV
1301,台灣塑膠工業股份有限公司,Formosa Plastics Corporation,FPC,塑膠工業,,"Formosa Plastics Corporation, U.S.A.",211--美國,,FORMOSA POINT COMFORT PLANT,201 FORMOSA DRIVE,POINT COMFORT,TX,77978,28.6825,-96.545278,1600028209,TX0085570,ECHO覆蓋率稽核,100,"Formosa Plastics Corporation, U.S.A.",台塑集團關係企業 FPC USA 德州 Point Comfort 主廠,郭文筆,1954/11/05,1964/07/27,63657407810,http://www.fpc.com.tw,高雄市仁武區水管路100號,https://www.fpcusa.com/content/uploads/2021/04/formosa-logo-stacked.png,1606963491,,D80,"DMR, Monitor Only - Overdue",,,,,K,"Non-receipt Violation, Non-Monthly Average",09/19/2001,2,RE - Back into Compliance,11/02/2001,E,Effluent Violations,,,,,,,,,1,1600141665,201,1600141665,A,J,1651153739,.02,1626024009,1610230747,,,,01067,"Nickel, total [as Ni]",19,mg/L,07/31/2001,1,,,,11/02/2001,74,,1601848623,.02,C3,DD,N,DAILY MX
1301,台灣塑膠工業股份有限公司,Formosa Plastics Corporation,FPC,塑膠工業,,"Formosa Plastics Corporation, U.S.A.",211--美國,,FORMOSA POINT COMFORT PLANT,201 FORMOSA DRIVE,POINT COMFORT,TX,77978,28.6825,-96.545278,1600028209,TX0085570,ECHO覆蓋率稽核,100,"Formosa Plastics Corporation, U.S.A.",台塑集團關係企業 FPC USA 德州 Point Comfort 主廠,郭文筆,1954/11/05,1964/07/27,63657407810,http://www.fpc.com.tw,高雄市仁武區水管路100號,https://www.fpcusa.com/content/uploads/2021/04/formosa-logo-stacked.png,1606962693,,E90,"DMR, Limited - Numeric Violation",,,,,,,,,,,E,Effluent Violations,,,,,,,,,2,1600141664,001,1600141664,Q,1,1651109531,1221,1625989301,1610221906,,,.000000744,34675,"2,3,7,8-Tetrachlorodibenzo-p-dioxin",01,kg/d,05/31/2008,3,64,,2U,06/20/2008,,,1601848397,.000001221,Q2,DD,N,DAILY MX
1301,台灣塑膠工業股份有限公司,Formosa Plastics Corporation,FPC,塑膠工業,,"Formosa Plastics Corporation, U.S.A.",211--美國,,FORMOSA POINT COMFORT PLANT,201 FORMOSA DRIVE,POINT COMFORT,TX,77978,28.6825,-96.545278,1600028209,TX0085570,ECHO覆蓋率稽核,100,"Formosa Plastics Corporation, U.S.A.",台塑集團關係企業 FPC USA 德州 Point Comfort 主廠,郭文筆,1954/11/05,1964/07/27,63657407810,http://www.fpc.com.tw,高雄市仁武區水管路100號,https://www.fpcusa.com/content/uploads/2021/04/formosa-logo-stacked.png,1606963442,,D90,"DMR, Limited - Overdue",,,,,N,Non-Receipt of DMR/Schedule Report,02/19/2003,2,RE - Back into Compliance,04/21/2003,E,Effluent Violations,,,,,,,,,1,1600141665,101,1600141665,Y,J,1651149225,0,1626023860,1610229845,,,.30872,34010,Toluene,01,kg/d,12/31/2002,12,,,,04/21/2003,91,,1601848604,0,Q1,DB,A,DAILY AV
1301,台灣塑膠工業股份有限公司,Formosa Plastics Corporation,FPC,塑膠工業,,"Formosa Plastics Corporation, U.S.A.",211--美國,,FORMOSA POINT COMFORT PLANT,201 FORMOSA DRIVE,POINT COMFORT,TX,77978,28.6825,-96.545278,1600028209,TX0085570,ECHO覆蓋率稽核,100,"Formosa Plastics Corporation, U.S.A.",台塑集團關係企業 FPC USA 德州 Point Comfort 主廠,郭文筆,1954/11/05,1964/07/27,63657407810,http://www.fpc.com.tw,高雄市仁武區水管路100號,https://www.fpcusa.com/content/uploads/2021/04/formosa-logo-stacked.png,1800273711,,D80,"DMR, Monitor Only - Overdue",,,,,N,Non-Receipt of DMR/Schedule Report,08/20/2009,2,RE - Back into Compliance,01/18/2010,E,Effluent Violations,,,,,,,,,2,1600141664,002,1600141664,A,1,1651110768,,1803541079,1801984462,C,,,03768,"Purgeable hydrocarbons, Meth. 601",19,mg/L,06/30/2009,1,,,,01/18/2010,182,,1601848402,,C2,DB,A,DAILY AV
1301,台灣塑膠工業股份有限公司,Formosa Plastics Corporation,FPC,塑膠工業,,"Formosa Plastics Corporation, U.S.A.",211--美國,,FORMOSA POINT COMFORT PLANT,201 FORMOSA DRIVE,POINT COMFORT,TX,77978,28.6825,-96.545278,1600028209,TX0085570,ECHO覆蓋率稽核,100,"Formosa Plastics Corporation, U.S.A.",台塑集團關係企業 FPC USA 德州 Point Comfort 主廠,郭文筆,1954/11/05,1964/07/27,63657407810,http://www.fpc.com.tw,高雄市仁武區水管路100號,https://www.fpcusa.com/content/uploads/2021/04/formosa-logo-stacked.png,1606962820,,D80,"DMR, Monitor Only - Overdue",,,,,N,Non-Receipt of DMR/Schedule Report,09/19/2001,2,RE - Back into Compliance,11/02/2001,E,Effluent Violations,,,,,,,,,1,1600141665,101,1600141665,A,J,1651138068,3,1626008903,1610227613,,,,00530,"Solids, total suspended",19,mg/L,07/31/2001,1,,,,11/02/2001,74,,1601848502,3,C2,DB,A,DAILY AV
1301,台灣塑膠工業股份有限公司,Formosa Plastics Corporation,FPC,塑膠工業,,"Formosa Plastics Corporation, U.S.A.",211--美國,,FORMOSA POINT COMFORT PLANT,201 FORMOSA DRIVE,POINT COMFORT,TX,77978,28.6825,-96.545278,1600028209,TX0085570,ECHO覆蓋率稽核,100,"Formosa Plastics Corporation, U.S.A.",台塑集團關係企業 FPC USA 德州 Point Comfort 主廠,郭文筆,1954/11/05,1964/07/27,63657407810,http://www.fpc.com.tw,高雄市仁武區水管路100號,https://www.fpcusa.com/content/uploads/2021/04/formosa-logo-stacked.png,1606963402,,D90,"DMR, Limited - Overdue",,,,,N,Non-Receipt of DMR/Schedule Report,07/20/2006,2,RE - Back into Compliance,09/27/2006,E,Effluent Violations,,,,,,,,,2,1600141664,101,1600141664,Q,J,1651144955,0,1626021285,1610228991,,,3.02364,34626,"2,6-Dinitrotoluene",01,kg/d,05/31/2006,3,,,,09/27/2006,99,,1601848551,0,Q1,DB,A,DAILY AV
1301,台灣塑膠工業股份有限公司,Formosa Plastics Corporation,FPC,塑膠工業,,"Formosa Plastics Corporation, U.S.A.",211--美國,,FORMOSA POINT COMFORT PLANT,201 FORMOSA DRIVE,POINT COMFORT,TX,77978,28.6825,-96.545278,1600028209,TX0085570,ECHO覆蓋率稽核,100,"Formosa Plastics Corporation, U.S.A.",台塑集團關係企業 FPC USA 德州 Point Comfort 主廠,郭文筆,1954/11/05,1964/07/27,63657407810,http://www.fpc.com.tw,高雄市仁武區水管路100號,https://www.fpcusa.com/content/uploads/2021/04/formosa-logo-stacked.png,1606963393,,D90,"DMR, Limited - Overdue",,,,,K,"Non-receipt Violation, Non-Monthly Average",07/20/2006,2,RE - Back into Compliance,09/27/2006,E,Effluent Violations,,,,,,,,,2,1600141664,101,1600141664,Q,J,1651144766,0,1626021276,1610228953,,,3.37776,34611,"2,4-Dinitrotoluene",01,kg/d,05/31/2006,3,,,,09/27/2006,99,,1601848549,0,Q2,DD,N,DAILY MX
1301,台灣塑膠工業股份有限公司,Formosa Plastics Corporation,FPC,塑膠工業,,"Formosa Plastics Corporation, U.S.A.",211--美國,,FORMOSA POINT COMFORT PLANT,201 FORMOSA DRIVE,POINT COMFORT,TX,77978,28.6825,-96.545278,1600028209,TX0085570,ECHO覆蓋率稽核,100,"Formosa Plastics Corporation, U.S.A.",台塑集團關係企業 FPC USA 德州 Point Comfort 主廠,郭文筆,1954/11/05,1964/07/27,63657407810,http://www.fpc.com.tw,高雄市仁武區水管路100號,https://www.fpcusa.com/content/uploads/2021/04/formosa-logo-stacked.png,1606963193,,D90,"DMR, Limited - Overdue",,,,,K,"Non-receipt Violation, Non-Monthly Average",04/19/2006,2,RE - Back into Compliance,04/24/2006,E,Effluent Violations,,,,,,,,,2,1600141664,101,1600141664,Q,J,1651144951,0,1626021076,1610228990,,,7.59996,34626,"2,6-Dinitrotoluene",01,kg/d,02/28/2006,3,,,,04/24/2006,35,,1601848551,0,Q2,DD,N,DAILY MX
1301,台灣塑膠工業股份有限公司,Formosa Plastics Corporation,FPC,塑膠工業,,"Formosa Plastics Corporation, U.S.A.",211--美國,,FORMOSA POINT COMFORT PLANT,201 FORMOSA DRIVE,POINT COMFORT,TX,77978,28.6825,-96.545278,1600028209,TX0085570,ECHO覆蓋率稽核,100,"Formosa Plastics Corporation, U.S.A.",台塑集團關係企業 FPC USA 德州 Point Comfort 主廠,郭文筆,1954/11/05,1964/07/27,63657407810,http://www.fpc.com.tw,高雄市仁武區水管路100號,https://www.fpcusa.com/content/uploads/2021/04/formosa-logo-stacked.png,1606963589,,D80,"DMR, Monitor Only - Overdue",,,,,,,,,,,E,Effluent Violations,,,,,,,,,2,1600141664,TX1,1600141664,Q,1,1651154892,,1626028797,1610230978,Q,,,TXP3E,LOEC Lethal Survival Static Renewal 7 Day Chronic Americamysis bahia (formerly Mysidopsis bahia),23,%,12/31/2005,3,,,,09/27/2006,,,1601848635,,C1,7D,,7 DA MIN
1301,台灣塑膠工業股份有限公司,Formosa Plastics Corporation,FPC,塑膠工業,,"Formosa Plastics Corporation, U.S.A.",211--美國,,FORMOSA POINT COMFORT PLANT,201 FORMOSA DRIVE,POINT COMFORT,TX,77978,28.6825,-96.545278,1600028209,TX0085570,ECHO覆蓋率稽核,100,"Formosa Plastics Corporation, U.S.A.",台塑集團關係企業 FPC USA 德州 Point Comfort 主廠,郭文筆,1954/11/05,1964/07/27,63657407810,http://www.fpc.com.tw,高雄市仁武區水管路100號,https://www.fpcusa.com/content/uploads/2021/04/formosa-logo-stacked.png,1606963720,,D80,"DMR, Monitor Only - Overdue",,,,,,,,,,,E,Effluent Violations,,,,,,,,,2,1600141664,TX1,1600141664,Q,1,1651154943,,1626028928,1610230988,Q,,,TYP3E,LOEC Sub-Lethal Reproduction Static Renewal 7 Day Chronic Americamysis bahia (Mysidopsis bahia),23,%,06/30/2006,3,,,,09/27/2006,,,1601848637,,C2,MJ,,MO AV MN
1301,台灣塑膠工業股份有限公司,Formosa Plastics Corporation,FPC,塑膠工業,,"Formosa Plastics Corporation, U.S.A.",211--美國,,FORMOSA POINT COMFORT PLANT,201 FORMOSA DRIVE,POINT COMFORT,TX,77978,28.6825,-96.545278,1600028209,TX0085570,ECHO覆蓋率稽核,100,"Formosa Plastics Corporation, U.S.A.",台塑集團關係企業 FPC USA 德州 Point Comfort 主廠,郭文筆,1954/11/05,1964/07/27,63657407810,http://www.fpc.com.tw,高雄市仁武區水管路100號,https://www.fpcusa.com/content/uploads/2021/04/formosa-logo-stacked.png,3001159485,,D90,"DMR, Limited - Overdue",,,,,K,"Non-receipt Violation, Non-Monthly Average",10/21/2012,2,RE - Back into Compliance,11/06/2012,E,Effluent Violations,,,,,,,,,2,1600141664,002,1600141664,A,1,2201922466,,3006967889,3003786906,C,,55,00680,"Carbon, tot organic [TOC]",19,mg/L,08/31/2012,1,,,,11/06/2012,47,,1601848401,,C3,DD,N,DAILY MX
1301,台灣塑膠工業股份有限公司,Formosa Plastics Corporation,FPC,塑膠工業,,"Formosa Plastics Corporation, U.S.A.",211--美國,,FORMOSA POINT COMFORT PLANT,201 FORMOSA DRIVE,POINT COMFORT,TX,77978,28.6825,-96.545278,1600028209,TX0085570,ECHO覆蓋率稽核,100,"Formosa Plastics Corporation, U.S.A.",台塑集團關係企業 FPC USA 德州 Point Comfort 主廠,郭文筆,1954/11/05,1964/07/27,63657407810,http://www.fpc.com.tw,高雄市仁武區水管路100號,https://www.fpcusa.com/content/uploads/2021/04/formosa-logo-stacked.png,1606963318,,D90,"DMR, Limited - Overdue",,,,,K,"Non-receipt Violation, Non-Monthly Average",07/20/2006,2,RE - Back into Compliance,09/27/2006,E,Effluent Violations,,,,,,,,,2,1600141664,101,1600141664,Q,J,1651143341,0,1626021201,1610228668,,,.50848,34461,Phenanthrene,01,kg/d,05/31/2006,3,,,,09/27/2006,99,,1601848534,0,Q2,DD,N,DAILY MX
1301,台灣塑膠工業股份有限公司,Formosa Plastics Corporation,FPC,塑膠工業,,"Formosa Plastics Corporation, U.S.A.",211--美國,,FORMOSA POINT COMFORT PLANT,201 FORMOSA DRIVE,POINT COMFORT,TX,77978,28.6825,-96.545278,1600028209,TX0085570,ECHO覆蓋率稽核,100,"Formosa Plastics Corporation, U.S.A.",台塑集團關係企業 FPC USA 德州 Point Comfort 主廠,郭文筆,1954/11/05,1964/07/27,63657407810,http://www.fpc.com.tw,高雄市仁武區水管路100號,https://www.fpcusa.com/content/uploads/2021/04/formosa-logo-stacked.png,1606962691,,D90,"DMR, Limited - Overdue",,,,,K,"Non-receipt Violation, Non-Monthly Average",07/20/2006,2,RE - Back into Compliance,09/27/2006,E,Effluent Violations,,,,,,,,,2,1600141664,001,1600141664,Q,1,1651109494,0,1625989264,1610221898,,,.0000000202,34675,"2,3,7,8-Tetrachlorodibenzo-p-dioxin",19,mg/L,05/31/2006,3,,,,09/27/2006,99,,1601848397,0,C3,DD,N,DAILY MX
1301,台灣塑膠工業股份有限公司,Formosa Plastics Corporation,FPC,塑膠工業,,"Formosa Plastics Corporation, U.S.A.",211--美國,,FORMOSA POINT COMFORT PLANT,201 FORMOSA DRIVE,POINT COMFORT,TX,77978,28.6825,-96.545278,1600028209,TX0085570,ECHO覆蓋率稽核,100,"Formosa Plastics Corporation, U.S.A.",台塑集團關係企業 FPC USA 德州 Point Comfort 主廠,郭文筆,1954/11/05,1964/07/27,63657407810,http://www.fpc.com.tw,高雄市仁武區水管路100號,https://www.fpcusa.com/content/uploads/2021/04/formosa-logo-stacked.png,1606962908,,D90,"DMR, Limited - Overdue",,,,,K,"Non-receipt Violation, Non-Monthly Average",11/19/2001,2,RE - Back into Compliance,06/10/2002,E,Effluent Violations,,,,,,,,,1,1600141665,101,1600141665,A,J,1651141326,0,1626009146,1610228265,,,0,82581,"pH range excursions, > 60 minutes",88,occur/d,09/30/2001,1,,,,06/10/2002,99,,1601848515,0,Q2,MP,N,MO TOTAL
1301,台灣塑膠工業股份有限公司,Formosa Plastics Corporation,FPC,塑膠工業,,"Formosa Plastics Corporation, U.S.A.",211--美國,,FORMOSA POINT COMFORT PLANT,201 FORMOSA DRIVE,POINT COMFORT,TX,77978,28.6825,-96.545278,1600028209,TX0085570,ECHO覆蓋率稽核,100,"Formosa Plastics Corporation, U.S.A.",台塑集團關係企業 FPC USA 德州 Point Comfort 主廠,郭文筆,1954/11/05,1964/07/27,63657407810,http://www.fpc.com.tw,高雄市仁武區水管路100號,https://www.fpcusa.com/content/uploads/2021/04/formosa-logo-stacked.png,1606962623,,D90,"DMR, Limited - Overdue",,,,,K,"Non-receipt Violation, Non-Monthly Average",05/20/2002,2,RE - Back into Compliance,06/10/2002,E,Effluent Violations,,,,,,,,,1,1600141665,001,1600141665,A,1,1651109276,0,1625978541,1610221855,,,.309524,82582,"pH range excursions, monthly total accum",5A,d,03/31/2002,1,,,,06/10/2002,51,,1601848396,0,Q2,MP,N,MO TOTAL
1301,台灣塑膠工業股份有限公司,Formosa Plastics Corporation,FPC,塑膠工業,,"Formosa Plastics Corporation, U.S.A.",211--美國,,FORMOSA POINT COMFORT PLANT,201 FORMOSA DRIVE,POINT COMFORT,TX,77978,28.6825,-96.545278,1600028209,TX0085570,ECHO覆蓋率稽核,100,"Formosa Plastics Corporation, U.S.A.",台塑集團關係企業 FPC USA 德州 Point Comfort 主廠,郭文筆,1954/11/05,1964/07/27,63657407810,http://www.fpc.com.tw,高雄市仁武區水管路100號,https://www.fpcusa.com/content/uploads/2021/04/formosa-logo-stacked.png,1606963287,,D90,"DMR, Limited - Overdue",,,,,N,Non-Receipt of DMR/Schedule Report,07/20/2006,2,RE - Back into Compliance,09/27/2006,E,Effluent Violations,,,,,,,,,2,1600141664,101,1600141664,Q,J,1651142770,0,1626021170,1610228554,,,.38136,34371,Ethylbenzene,01,kg/d,05/31/2006,3,,,,09/27/2006,99,,1601848528,0,Q1,DB,A,DAILY AV
1301,台灣塑膠工業股份有限公司,Formosa Plastics Corporation,FPC,塑膠工業,,"Formosa Plastics Corporation, U.S.A.",211--美國,,FORMOSA POINT COMFORT PLANT,201 FORMOSA DRIVE,POINT COMFORT,TX,77978,28.6825,-96.545278,1600028209,TX0085570,ECHO覆蓋率稽核,100,"Formosa Plastics Corporation, U.S.A.",台塑集團關係企業 FPC USA 德州 Point Comfort 主廠,郭文筆,1954/11/05,1964/07/27,63657407810,http://www.fpc.com.tw,高雄市仁武區水管路100號,https://www.fpcusa.com/content/uploads/2021/04/formosa-logo-stacked.png,1606962853,,D90,"DMR, Limited - Overdue",,,,,K,"Non-receipt Violation, Non-Monthly Average",09/19/2001,2,RE - Back into Compliance,11/02/2001,E,Effluent Violations,,,,,,,,,1,1600141665,101,1600141665,A,J,1651140066,0,1626008936,1610228013,,,.66284,34475,Tetrachloroethylene,01,kg/d,07/31/2001,1,,,,11/02/2001,74,,1601848509,0,Q2,DD,N,DAILY MX
1301,台灣塑膠工業股份有限公司,Formosa Plastics Corporation,FPC,塑膠工業,,"Formosa Plastics Corporation, U.S.A.",211--美國,,FORMOSA POINT COMFORT PLANT,201 FORMOSA DRIVE,POINT COMFORT,TX,77978,28.6825,-96.545278,1600028209,TX0085570,ECHO覆蓋率稽核,100,"Formosa Plastics Corporation, U.S.A.",台塑集團關係企業 FPC USA 德州 Point Comfort 主廠,郭文筆,1954/11/05,1964/07/27,63657407810,http://www.fpc.com.tw,高雄市仁武區水管路100號,https://www.fpcusa.com/content/uploads/2021/04/formosa-logo-stacked.png,1606962774,,D90,"DMR, Limited - Overdue",,,,,,,,,,,E,Effluent Violations,,,,,,,,,1,1600141665,012,1600141665,A,1,1651131262,,1626007402,1610226252,C,,6,00400,pH,12,SU,08/31/2001,1,,,,11/20/2001,,,1601848478,,C1,ME,,MINIMUM
1301,台灣塑膠工業股份有限公司,Formosa Plastics Corporation,FPC,塑膠工業,,"Formosa Plastics Corporation, U.S.A.",211--美國,,FORMOSA POINT COMFORT PLANT,201 FORMOSA DRIVE,POINT COMFORT,TX,77978,28.6825,-96.545278,1600028209,TX0085570,ECHO覆蓋率稽核,100,"Formosa Plastics Corporation, U.S.A.",台塑集團關係企業 FPC USA 德州 Point Comfort 主廠,郭文筆,1954/11/05,1964/07/27,63657407810,http://www.fpc.com.tw,高雄市仁武區水管路100號,https://www.fpcusa.com/content/uploads/2021/04/formosa-logo-stacked.png,1606962715,,D80,"DMR, Monitor Only - Overdue",,,,,N,Non-Receipt of DMR/Schedule Report,08/19/2001,2,RE - Back into Compliance,10/24/2001,E,Effluent Violations,,,,,,,,,1,1600141665,003,1600141665,A,1,1651114608,0,1625991718,1610222921,,,,03768,"Purgeable hydrocarbons, Meth. 601",19,mg/L,06/30/2001,1,,,,10/24/2001,96,,1601848417,0,C2,DB,A,DAILY AV
1301,台灣塑膠工業股份有限公司,Formosa Plastics Corporation,FPC,塑膠工業,,"Formosa Plastics Corporation, U.S.A.",211--美國,,FORMOSA POINT COMFORT PLANT,201 FORMOSA DRIVE,POINT COMFORT,TX,77978,28.6825,-96.545278,1600028209,TX0085570,ECHO覆蓋率稽核,100,"Formosa Plastics Corporation, U.S.A.",台塑集團關係企業 FPC USA 德州 Point Comfort 主廠,郭文筆,1954/11/05,1964/07/27,63657407810,http://www.fpc.com.tw,高雄市仁武區水管路100號,https://www.fpcusa.com/content/uploads/2021/04/formosa-logo-stacked.png,1606962548,,D90,"DMR, Limited - Overdue",,,,,K,"Non-receipt Violation, Non-Monthly Average",10/20/2001,2,RE - Back into Compliance,06/10/2002,E,Effluent Violations,,,,,,,,,1,1600141665,001,1600141665,A,1,1651109241,0,1625977666,1610221848,,,.309524,82582,"pH range excursions, monthly total accum",5A,d,08/31/2001,1,,,,06/10/2002,99,,1601848396,0,Q2,MP,N,MO TOTAL
1301,台灣塑膠工業股份有限公司,Formosa Plastics Corporation,FPC,塑膠工業,,"Formosa Plastics Corporation, U.S.A.",211--美國,,FORMOSA POINT COMFORT PLANT,201 FORMOSA DRIVE,POINT COMFORT,TX,77978,28.6825,-96.545278,1600028209,TX0085570,ECHO覆蓋率稽核,100,"Formosa Plastics Corporation, U.S.A.",台塑集團關係企業 FPC USA 德州 Point Comfort 主廠,郭文筆,1954/11/05,1964/07/27,63657407810,http://www.fpc.com.tw,高雄市仁武區水管路100號,https://www.fpcusa.com/content/uploads/2021/04/formosa-logo-stacked.png,1606963277,,D90,"DMR, Limited - Overdue",,,,,N,Non-Receipt of DMR/Schedule Report,07/20/2006,2,RE - Back into Compliance,09/27/2006,E,Effluent Violations,,,,,,,,,2,1600141664,101,1600141664,Q,J,1651142580,0,1626021160,1610228516,,,.96248,34336,Diethyl phthalate,01,kg/d,05/31/2006,3,,,,09/27/2006,99,,1601848526,0,Q1,DB,A,DAILY AV
1301,台灣塑膠工業股份有限公司,Formosa Plastics Corporation,FPC,塑膠工業,,"Formosa Plastics Corporation, U.S.A.",211--美國,,FORMOSA POINT COMFORT PLANT,201 FORMOSA DRIVE,POINT COMFORT,TX,77978,28.6825,-96.545278,1600028209,TX0085570,ECHO覆蓋率稽核,100,"Formosa Plastics Corporation, U.S.A.",台塑集團關係企業 FPC USA 德州 Point Comfort 主廠,郭文筆,1954/11/05,1964/07/27,63657407810,http://www.fpc.com.tw,高雄市仁武區水管路100號,https://www.fpcusa.com/content/uploads/2021/04/formosa-logo-stacked.png,1606962618,,D90,"DMR, Limited - Overdue",,,,,K,"Non-receipt Violation, Non-Monthly Average",05/20/2002,2,RE - Back into Compliance,06/10/2002,E,Effluent Violations,,,,,,,,,1,1600141665,001,1600141665,A,1,1651109026,0,1625978536,1610221805,,,0,82581,"pH range excursions, > 60 minutes",88,occur/d,03/31/2002,1,,,,06/10/2002,51,,1601848395,0,Q2,MP,N,MO TOTAL
1301,台灣塑膠工業股份有限公司,Formosa Plastics Corporation,FPC,塑膠工業,,"Formosa Plastics Corporation, U.S.A.",211--美國,,FORMOSA POINT COMFORT PLANT,201 FORMOSA DRIVE,POINT COMFORT,TX,77978,28.6825,-96.545278,1600028209,TX0085570,ECHO覆蓋率稽核,100,"Formosa Plastics Corporation, U.S.A.",台塑集團關係企業 FPC USA 德州 Point Comfort 主廠,郭文筆,1954/11/05,1964/07/27,63657407810,http://www.fpc.com.tw,高雄市仁武區水管路100號,https://www.fpcusa.com/content/uploads/2021/04/formosa-logo-stacked.png,1606963378,,D90,"DMR, Limited - Overdue",,,,,K,"Non-receipt Violation, Non-Monthly Average",07/20/2006,2,RE - Back into Compliance,09/27/2006,E,Effluent Violations,,,,,,,,,2,1600141664,101,1600141664,Q,J,1651144481,0,1626021261,1610228896,,,.8172,34591,2-Nitrophenol,01,kg/d,05/31/2006,3,,,,09/27/2006,99,,1601848546,0,Q2,DD,N,DAILY MX
1301,台灣塑膠工業股份有限公司,Formosa Plastics Corporation,FPC,塑膠工業,,"Formosa Plastics Corporation, U.S.A.",211--美國,,FORMOSA POINT COMFORT PLANT,201 FORMOSA DRIVE,POINT COMFORT,TX,77978,28.6825,-96.545278,1600028209,TX0085570,ECHO覆蓋率稽核,100,"Formosa Plastics Corporation, U.S.A.",台塑集團關係企業 FPC USA 德州 Point Comfort 主廠,郭文筆,1954/11/05,1964/07/27,63657407810,http://www.fpc.com.tw,高雄市仁武區水管路100號,https://www.fpcusa.com/content/uploads/2021/04/formosa-logo-stacked.png,1606962798,,D90,"DMR, Limited - Overdue",,,,,K,"Non-receipt Violation, Non-Monthly Average",08/19/2001,2,RE - Back into Compliance,06/10/2002,E,Effluent Violations,,,,,,,,,1,1600141665,101,1600141665,A,J,1651141561,0,1626008881,1610228312,,,.309524,82582,"pH range excursions, monthly total accum",5A,d,06/30/2001,1,,,,06/10/2002,99,,1601848516,0,Q2,MP,N,MO TOTAL
1301,台灣塑膠工業股份有限公司,Formosa Plastics Corporation,FPC,塑膠工業,,"Formosa Plastics Corporation, U.S.A.",211--美國,,FORMOSA POINT COMFORT PLANT,201 FORMOSA DRIVE,POINT COMFORT,TX,77978,28.6825,-96.545278,1600028209,TX0085570,ECHO覆蓋率稽核,100,"Formosa Plastics Corporation, U.S.A.",台塑集團關係企業 FPC USA 德州 Point Comfort 主廠,郭文筆,1954/11/05,1964/07/27,63657407810,http://www.fpc.com.tw,高雄市仁武區水管路100號,https://www.fpcusa.com/content/uploads/2021/04/formosa-logo-stacked.png,3000556095,,D90,"DMR, Limited - Overdue",,,,,K,"Non-receipt Violation, Non-Monthly Average",06/20/2012,2,RE - Back into Compliance,07/13/2012,E,Effluent Violations,,,,,,,,,2,1600141664,011,1600141664,A,1,2201926541,,3003446517,3001863651,C,,55,00680,"Carbon, tot organic [TOC]",19,mg/L,04/30/2012,1,,,,07/13/2012,54,,1601848471,,C3,DD,N,DAILY MX
1301,台灣塑膠工業股份有限公司,Formosa Plastics Corporation,FPC,塑膠工業,,"Formosa Plastics Corporation, U.S.A.",211--美國,,FORMOSA POINT COMFORT PLANT,201 FORMOSA DRIVE,POINT COMFORT,TX,77978,28.6825,-96.545278,1600028209,TX0085570,ECHO覆蓋率稽核,100,"Formosa Plastics Corporation, U.S.A.",台塑集團關係企業 FPC USA 德州 Point Comfort 主廠,郭文筆,1954/11/05,1964/07/27,63657407810,http://www.fpc.com.tw,高雄市仁武區水管路100號,https://www.fpcusa.com/content/uploads/2021/04/formosa-logo-stacked.png,3643937655,,D90,"DMR, Limited - Overdue",,,,,,,,,,,E,Effluent Violations,,,,,,,,,0,3600742495,013,3600742495,A,1,3650130451,,3698607314,3653309836,H,,6,00400,pH,12,SU,09/30/2019,1,,,,10/18/2019,,,3601387967,,C1,ME,,MINIMUM
1301,台灣塑膠工業股份有限公司,Formosa Plastics Corporation,FPC,塑膠工業,,"Formosa Plastics Corporation, U.S.A.",211--美國,,FORMOSA POINT COMFORT PLANT,201 FORMOSA DRIVE,POINT COMFORT,TX,77978,28.6825,-96.545278,1600028209,TX0085570,ECHO覆蓋率稽核,100,"Formosa Plastics Corporation, U.S.A.",台塑集團關係企業 FPC USA 德州 Point Comfort 主廠,郭文筆,1954/11/05,1964/07/27,63657407810,http://www.fpc.com.tw,高雄市仁武區水管路100號,https://www.fpcusa.com/content/uploads/2021/04/formosa-logo-stacked.png,1606963458,,D90,"DMR, Limited - Overdue",,,,,K,"Non-receipt Violation, Non-Monthly Average",09/19/2001,2,RE - Back into Compliance,11/02/2001,E,Effluent Violations,,,,,,,,,1,1600141665,201,1600141665,A,J,1651152236,289,1626023976,1610230447,,,276.032,00310,"BOD, 5-day, 20 deg. C",01,kg/d,07/31/2001,1,,,,11/02/2001,74,,1601848617,131.206,Q2,DD,N,DAILY MX
1301,台灣塑膠工業股份有限公司,Formosa Plastics Corporation,FPC,塑膠工業,,"Formosa Plastics Corporation, U.S.A.",211--美國,,FORMOSA POINT COMFORT PLANT,201 FORMOSA DRIVE,POINT COMFORT,TX,77978,28.6825,-96.545278,1600028209,TX0085570,ECHO覆蓋率稽核,100,"Formosa Plastics Corporation, U.S.A.",台塑集團關係企業 FPC USA 德州 Point Comfort 主廠,郭文筆,1954/11/05,1964/07/27,63657407810,http://www.fpc.com.tw,高雄市仁武區水管路100號,https://www.fpcusa.com/content/uploads/2021/04/formosa-logo-stacked.png,1606962848,,D90,"DMR, Limited - Overdue",,,,,K,"Non-receipt Violation, Non-Monthly Average",09/19/2001,2,RE - Back into Compliance,11/02/2001,E,Effluent Violations,,,,,,,,,1,1600141665,101,1600141665,A,J,1651139816,0,1626008931,1610227963,,,1.05328,34425,"Methylene chloride, suspended",01,kg/d,07/31/2001,1,,,,11/02/2001,74,,1601848508,0,Q2,DD,N,DAILY MX
1301,台灣塑膠工業股份有限公司,Formosa Plastics Corporation,FPC,塑膠工業,,"Formosa Plastics Corporation, U.S.A.",211--美國,,FORMOSA POINT COMFORT PLANT,201 FORMOSA DRIVE,POINT COMFORT,TX,77978,28.6825,-96.545278,1600028209,TX0085570,ECHO覆蓋率稽核,100,"Formosa Plastics Corporation, U.S.A.",台塑集團關係企業 FPC USA 德州 Point Comfort 主廠,郭文筆,1954/11/05,1964/07/27,63657407810,http://www.fpc.com.tw,高雄市仁武區水管路100號,https://www.fpcusa.com/content/uploads/2021/04/formosa-logo-stacked.png,1606962858,,D90,"DMR, Limited - Overdue",,,,,K,"Non-receipt Violation, Non-Monthly Average",09/19/2001,2,RE - Back into Compliance,11/02/2001,E,Effluent Violations,,,,,,,,,1,1600141665,101,1600141665,A,J,1651140316,0,1626008941,1610228063,,,.69916,34496,"1,1-Dichloroethane",01,kg/d,07/31/2001,1,,,,11/02/2001,74,,1601848510,0,Q2,DD,N,DAILY MX
1301,台灣塑膠工業股份有限公司,Formosa Plastics Corporation,FPC,塑膠工業,,"Formosa Plastics Corporation, U.S.A.",211--美國,,FORMOSA POINT COMFORT PLANT,201 FORMOSA DRIVE,POINT COMFORT,TX,77978,28.6825,-96.545278,1600028209,TX0085570,ECHO覆蓋率稽核,100,"Formosa Plastics Corporation, U.S.A.",台塑集團關係企業 FPC USA 德州 Point Comfort 主廠,郭文筆,1954/11/05,1964/07/27,63657407810,http://www.fpc.com.tw,高雄市仁武區水管路100號,https://www.fpcusa.com/content/uploads/2021/04/formosa-logo-stacked.png,2200543051,,E90,"DMR, Limited - Numeric Violation",,,,,,,,,,,E,Effluent Violations,,,,,,,,,2,1600141664,101,1600141664,A,J,1804009586,2.58,2201178608,2200661980,,,.30872,34694,Phenol,01,kg/d,09/30/2010,1,279,=,26,10/19/2010,,,1601848495,1.17131999,Q2,DD,N,DAILY MX
1301,台灣塑膠工業股份有限公司,Formosa Plastics Corporation,FPC,塑膠工業,,"Formosa Plastics Corporation, U.S.A.",211--美國,,FORMOSA POINT COMFORT PLANT,201 FORMOSA DRIVE,POINT COMFORT,TX,77978,28.6825,-96.545278,1600028209,TX0085570,ECHO覆蓋率稽核,100,"Formosa Plastics Corporation, U.S.A.",台塑集團關係企業 FPC USA 德州 Point Comfort 主廠,郭文筆,1954/11/05,1964/07/27,63657407810,http://www.fpc.com.tw,高雄市仁武區水管路100號,https://www.fpcusa.com/content/uploads/2021/04/formosa-logo-stacked.png,1606962677,,D90,"DMR, Limited - Overdue",,,,,N,Non-Receipt of DMR/Schedule Report,01/19/2006,2,RE - Back into Compliance,09/27/2006,E,Effluent Violations,,,,,,,,,2,1600141664,001,1600141664,Q,1,1651109480,0,1625989250,1610221896,,,.000000352,34675,"2,3,7,8-Tetrachlorodibenzo-p-dioxin",01,kg/d,11/30/2005,3,,,,09/27/2006,99,,1601848397,0,Q1,DB,A,DAILY AV
1301,台灣塑膠工業股份有限公司,Formosa Plastics Corporation,FPC,塑膠工業,,"Formosa Plastics Corporation, U.S.A.",211--美國,,FORMOSA POINT COMFORT PLANT,201 FORMOSA DRIVE,POINT COMFORT,TX,77978,28.6825,-96.545278,1600028209,TX0085570,ECHO覆蓋率稽核,100,"Formosa Plastics Corporation, U.S.A.",台塑集團關係企業 FPC USA 德州 Point Comfort 主廠,郭文筆,1954/11/05,1964/07/27,63657407810,http://www.fpc.com.tw,高雄市仁武區水管路100號,https://www.fpcusa.com/content/uploads/2021/04/formosa-logo-stacked.png,1606962818,,D90,"DMR, Limited - Overdue",,,,,K,"Non-receipt Violation, Non-Monthly Average",09/19/2001,2,RE - Back into Compliance,11/02/2001,E,Effluent Violations,,,,,,,,,1,1600141665,101,1600141665,A,J,1651138066,139,1626008901,1610227613,,,1695.69,00530,"Solids, total suspended",01,kg/d,07/31/2001,1,,,,11/02/2001,74,,1601848502,63.106,Q2,DD,N,DAILY MX
1301,台灣塑膠工業股份有限公司,Formosa Plastics Corporation,FPC,塑膠工業,,"Formosa Plastics Corporation, U.S.A.",211--美國,,FORMOSA POINT COMFORT PLANT,201 FORMOSA DRIVE,POINT COMFORT,TX,77978,28.6825,-96.545278,1600028209,TX0085570,ECHO覆蓋率稽核,100,"Formosa Plastics Corporation, U.S.A.",台塑集團關係企業 FPC USA 德州 Point Comfort 主廠,郭文筆,1954/11/05,1964/07/27,63657407810,http://www.fpc.com.tw,高雄市仁武區水管路100號,https://www.fpcusa.com/content/uploads/2021/04/formosa-logo-stacked.png,1606963347,,D90,"DMR, Limited - Overdue",,,,,N,Non-Receipt of DMR/Schedule Report,07/20/2006,2,RE - Back into Compliance,09/27/2006,E,Effluent Violations,,,,,,,,,2,1600141664,101,1600141664,Q,J,1651143910,0,1626021230,1610228782,,,1.816,34541,"1,2-Dichloropropane",01,kg/d,05/31/2006,3,,,,09/27/2006,99,,1601848540,0,Q1,DB,A,DAILY AV
1301,台灣塑膠工業股份有限公司,Formosa Plastics Corporation,FPC,塑膠工業,,"Formosa Plastics Corporation, U.S.A.",211--美國,,FORMOSA POINT COMFORT PLANT,201 FORMOSA DRIVE,POINT COMFORT,TX,77978,28.6825,-96.545278,1600028209,TX0085570,ECHO覆蓋率稽核,100,"Formosa Plastics Corporation, U.S.A.",台塑集團關係企業 FPC USA 德州 Point Comfort 主廠,郭文筆,1954/11/05,1964/07/27,63657407810,http://www.fpc.com.tw,高雄市仁武區水管路100號,https://www.fpcusa.com/content/uploads/2021/04/formosa-logo-stacked.png,1606963719,,D80,"DMR, Monitor Only - Overdue",,,,,,,,,,,E,Effluent Violations,,,,,,,,,2,1600141664,TX1,1600141664,Q,1,1651154942,,1626028927,1610230988,Q,,,TYP3E,LOEC Sub-Lethal Reproduction Static Renewal 7 Day Chronic Americamysis bahia (Mysidopsis bahia),23,%,06/30/2006,3,,,,09/27/2006,,,1601848637,,C1,7D,,7 DA MIN
1301,台灣塑膠工業股份有限公司,Formosa Plastics Corporation,FPC,塑膠工業,,"Formosa Plastics Corporation, U.S.A.",211--美國,,FORMOSA POINT COMFORT PLANT,201 FORMOSA DRIVE,POINT COMFORT,TX,77978,28.6825,-96.545278,1600028209,TX0085570,ECHO覆蓋率稽核,100,"Formosa Plastics Corporation, U.S.A.",台塑集團關係企業 FPC USA 德州 Point Comfort 主廠,郭文筆,1954/11/05,1964/07/27,63657407810,http://www.fpc.com.tw,高雄市仁武區水管路100號,https://www.fpcusa.com/content/uploads/2021/04/formosa-logo-stacked.png,1606963423,,D90,"DMR, Limited - Overdue",,,,,K,"Non-receipt Violation, Non-Monthly Average",07/20/2006,2,RE - Back into Compliance,09/27/2006,E,Effluent Violations,,,,,,,,,2,1600141664,101,1600141664,Q,J,1651145336,0,1626021306,1610229067,,,3.30966,39100,Di[2-ethylhexyl] phthalate [DEHP],01,kg/d,05/31/2006,3,,,,09/27/2006,99,,1601848555,0,Q2,DD,N,DAILY MX
1301,台灣塑膠工業股份有限公司,Formosa Plastics Corporation,FPC,塑膠工業,,"Formosa Plastics Corporation, U.S.A.",211--美國,,FORMOSA POINT COMFORT PLANT,201 FORMOSA DRIVE,POINT COMFORT,TX,77978,28.6825,-96.545278,1600028209,TX0085570,ECHO覆蓋率稽核,100,"Formosa Plastics Corporation, U.S.A.",台塑集團關係企業 FPC USA 德州 Point Comfort 主廠,郭文筆,1954/11/05,1964/07/27,63657407810,http://www.fpc.com.tw,高雄市仁武區水管路100號,https://www.fpcusa.com/content/uploads/2021/04/formosa-logo-stacked.png,1606963619,,D80,"DMR, Monitor Only - Overdue",,,,,,,,,,,E,Effluent Violations,,,,,,,,,2,1600141664,TX1,1600141664,Q,1,1651154777,13,1626028827,1610230955,,,,TOP3E,NOEC Lethal Static Renewal 7 Day Chronic Americamysis bahia (formerly Mysidopsis bahia),23,%,03/31/2006,3,,,,09/27/2006,99,,1601848629,13,C1,7D,,7 DA MIN
1301,台灣塑膠工業股份有限公司,Formosa Plastics Corporation,FPC,塑膠工業,,"Formosa Plastics Corporation, U.S.A.",211--美國,,FORMOSA POINT COMFORT PLANT,201 FORMOSA DRIVE,POINT COMFORT,TX,77978,28.6825,-96.545278,1600028209,TX0085570,ECHO覆蓋率稽核,100,"Formosa Plastics Corporation, U.S.A.",台塑集團關係企業 FPC USA 德州 Point Comfort 主廠,郭文筆,1954/11/05,1964/07/27,63657407810,http://www.fpc.com.tw,高雄市仁武區水管路100號,https://www.fpcusa.com/content/uploads/2021/04/formosa-logo-stacked.png,1606962766,,D90,"DMR, Limited - Overdue",,,,,K,"Non-receipt Violation, Non-Monthly Average",09/19/2001,2,RE - Back into Compliance,11/02/2001,E,Effluent Violations,,,,,,,,,1,1600141665,012,1600141665,A,1,1651131509,,1626007394,1610226301,C,,15,00556,Oil & Grease,19,mg/L,07/31/2001,1,,,,11/02/2001,,,1601848479,,C3,DD,N,DAILY MX
1301,台灣塑膠工業股份有限公司,Formosa Plastics Corporation,FPC,塑膠工業,,"Formosa Plastics Corporation, U.S.A.",211--美國,,FORMOSA POINT COMFORT PLANT,201 FORMOSA DRIVE,POINT COMFORT,TX,77978,28.6825,-96.545278,1600028209,TX0085570,ECHO覆蓋率稽核,100,"Formosa Plastics Corporation, U.S.A.",台塑集團關係企業 FPC USA 德州 Point Comfort 主廠,郭文筆,1954/11/05,1964/07/27,63657407810,http://www.fpc.com.tw,高雄市仁武區水管路100號,https://www.fpcusa.com/content/uploads/2021/04/formosa-logo-stacked.png,1606963545,,E90,"DMR, Limited - Numeric Violation",,,,,,,,,,,E,Effluent Violations,,,,,,,,,1,1600141665,TX1,1600141665,Q,1,1651155043,76,1626028748,1610231008,,,100,22414,Whole effluent toxicity,23,%,03/31/2005,3,24,,,04/22/2005,2,,1601848639,76,C2,MJ,,MO AV MN
1301,台灣塑膠工業股份有限公司,Formosa Plastics Corporation,FPC,塑膠工業,,"Formosa Plastics Corporation, U.S.A.",211--美國,,FORMOSA POINT COMFORT PLANT,201 FORMOSA DRIVE,POINT COMFORT,TX,77978,28.6825,-96.545278,1600028209,TX0085570,ECHO覆蓋率稽核,100,"Formosa Plastics Corporation, U.S.A.",台塑集團關係企業 FPC USA 德州 Point Comfort 主廠,郭文筆,1954/11/05,1964/07/27,63657407810,http://www.fpc.com.tw,高雄市仁武區水管路100號,https://www.fpcusa.com/content/uploads/2021/04/formosa-logo-stacked.png,1606963679,,D80,"DMR, Monitor Only - Overdue",,,,,,,,,,,E,Effluent Violations,,,,,,,,,2,1600141664,TX1,1600141664,Q,1,1651154782,13,1626028887,1610230956,,,,TOP3E,NOEC Lethal Static Renewal 7 Day Chronic Americamysis bahia (formerly Mysidopsis bahia),23,%,06/30/2006,3,,,,09/27/2006,69,,1601848629,13,C1,7D,,7 DA MIN
1301,台灣塑膠工業股份有限公司,Formosa Plastics Corporation,FPC,塑膠工業,,"Formosa Plastics Corporation, U.S.A.",211--美國,,FORMOSA POINT COMFORT PLANT,201 FORMOSA DRIVE,POINT COMFORT,TX,77978,28.6825,-96.545278,1600028209,TX0085570,ECHO覆蓋率稽核,100,"Formosa Plastics Corporation, U.S.A.",台塑集團關係企業 FPC USA 德州 Point Comfort 主廠,郭文筆,1954/11/05,1964/07/27,63657407810,http://www.fpc.com.tw,高雄市仁武區水管路100號,https://www.fpcusa.com/content/uploads/2021/04/formosa-logo-stacked.png,1606962883,,D90,"DMR, Limited - Overdue",,,,,K,"Non-receipt Violation, Non-Monthly Average",09/19/2001,2,RE - Back into Compliance,06/10/2002,E,Effluent Violations,,,,,,,,,1,1600141665,101,1600141665,A,J,1651141316,0,1626008966,1610228263,,,0,82581,"pH range excursions, > 60 minutes",88,occur/d,07/31/2001,1,,,,06/10/2002,99,,1601848515,0,Q2,MP,N,MO TOTAL
1301,台灣塑膠工業股份有限公司,Formosa Plastics Corporation,FPC,塑膠工業,,"Formosa Plastics Corporation, U.S.A.",211--美國,,FORMOSA POINT COMFORT PLANT,201 FORMOSA DRIVE,POINT COMFORT,TX,77978,28.6825,-96.545278,1600028209,TX0085570,ECHO覆蓋率稽核,100,"Formosa Plastics Corporation, U.S.A.",台塑集團關係企業 FPC USA 德州 Point Comfort 主廠,郭文筆,1954/11/05,1964/07/27,63657407810,http://www.fpc.com.tw,高雄市仁武區水管路100號,https://www.fpcusa.com/content/uploads/2021/04/formosa-logo-stacked.png,1606962701,,D90,"DMR, Limited - Overdue",,,,,K,"Non-receipt Violation, Non-Monthly Average",08/19/2001,2,RE - Back into Compliance,10/24/2001,E,Effluent Violations,,,,,,,,,1,1600141665,003,1600141665,A,1,1651113859,8.6,1625991704,1610222771,,,9,00400,pH,12,SU,06/30/2001,1,,,,10/24/2001,96,,1601848414,8.6,C3,MB,N,MAXIMUM
1301,台灣塑膠工業股份有限公司,Formosa Plastics Corporation,FPC,塑膠工業,,"Formosa Plastics Corporation, U.S.A.",211--美國,,FORMOSA POINT COMFORT PLANT,201 FORMOSA DRIVE,POINT COMFORT,TX,77978,28.6825,-96.545278,1600028209,TX0085570,ECHO覆蓋率稽核,100,"Formosa Plastics Corporation, U.S.A.",台塑集團關係企業 FPC USA 德州 Point Comfort 主廠,郭文筆,1954/11/05,1964/07/27,63657407810,http://www.fpc.com.tw,高雄市仁武區水管路100號,https://www.fpcusa.com/content/uploads/2021/04/formosa-logo-stacked.png,1606963437,,D90,"DMR, Limited - Overdue",,,,,N,Non-Receipt of DMR/Schedule Report,07/20/2006,2,RE - Back into Compliance,09/27/2006,E,Effluent Violations,,,,,,,,,2,1600141664,101,1600141664,Q,J,1651145620,0,1626021320,1610229124,,,.3405,51044,"1,3-Dichloropropylene",01,kg/d,05/31/2006,3,,,,09/27/2006,99,,1601848558,0,Q1,DB,A,DAILY AV
1301,台灣塑膠工業股份有限公司,Formosa Plastics Corporation,FPC,塑膠工業,,"Formosa Plastics Corporation, U.S.A.",211--美國,,FORMOSA POINT COMFORT PLANT,201 FORMOSA DRIVE,POINT COMFORT,TX,77978,28.6825,-96.545278,1600028209,TX0085570,ECHO覆蓋率稽核,100,"Formosa Plastics Corporation, U.S.A.",台塑集團關係企業 FPC USA 德州 Point Comfort 主廠,郭文筆,1954/11/05,1964/07/27,63657407810,http://www.fpc.com.tw,高雄市仁武區水管路100號,https://www.fpcusa.com/content/uploads/2021/04/formosa-logo-stacked.png,3660476237,,E90,"DMR, Limited - Numeric Violation",,,,,,,,,,,E,Effluent Violations,,,,,,,,,0,3600742495,001,3600742495,A,1,3836218796,2.46,3746189657,3678067532,,,.33596,34694,Phenol,01,kg/d,07/31/2021,1,232,=,26,08/20/2021,,,3601385613,1.11683999,Q2,DD,N,DAILY MX
1301,台灣塑膠工業股份有限公司,Formosa Plastics Corporation,FPC,塑膠工業,,"Formosa Plastics Corporation, U.S.A.",211--美國,,FORMOSA POINT COMFORT PLANT,201 FORMOSA DRIVE,POINT COMFORT,TX,77978,28.6825,-96.545278,1600028209,TX0085570,ECHO覆蓋率稽核,100,"Formosa Plastics Corporation, U.S.A.",台塑集團關係企業 FPC USA 德州 Point Comfort 主廠,郭文筆,1954/11/05,1964/07/27,63657407810,http://www.fpc.com.tw,高雄市仁武區水管路100號,https://www.fpcusa.com/content/uploads/2021/04/formosa-logo-stacked.png,1606963192,,D90,"DMR, Limited - Overdue",,,,,N,Non-Receipt of DMR/Schedule Report,04/19/2006,2,RE - Back into Compliance,04/24/2006,E,Effluent Violations,,,,,,,,,2,1600141664,101,1600141664,Q,J,1651144950,0,1626021075,1610228990,,,3.02364,34626,"2,6-Dinitrotoluene",01,kg/d,02/28/2006,3,,,,04/24/2006,35,,1601848551,0,Q1,DB,A,DAILY AV
1301,台灣塑膠工業股份有限公司,Formosa Plastics Corporation,FPC,塑膠工業,,"Formosa Plastics Corporation, U.S.A.",211--美國,,FORMOSA POINT COMFORT PLANT,201 FORMOSA DRIVE,POINT COMFORT,TX,77978,28.6825,-96.545278,1600028209,TX0085570,ECHO覆蓋率稽核,100,"Formosa Plastics Corporation, U.S.A.",台塑集團關係企業 FPC USA 德州 Point Comfort 主廠,郭文筆,1954/11/05,1964/07/27,63657407810,http://www.fpc.com.tw,高雄市仁武區水管路100號,https://www.fpcusa.com/content/uploads/2021/04/formosa-logo-stacked.png,1606963032,,D90,"DMR, Limited - Overdue",,,,,N,Non-Receipt of DMR/Schedule Report,04/19/2006,2,RE - Back into Compliance,04/24/2006,E,Effluent Violations,,,,,,,,,2,1600141664,101,1600141664,Q,J,1651142005,0,1626020915,1610228401,,,1.13954,34215,Acrylonitrile,01,kg/d,02/28/2006,3,,,,04/24/2006,35,,1601848519,0,Q1,DB,A,DAILY AV
1301,台灣塑膠工業股份有限公司,Formosa Plastics Corporation,FPC,塑膠工業,,"Formosa Plastics Corporation, U.S.A.",211--美國,,FORMOSA POINT COMFORT PLANT,201 FORMOSA DRIVE,POINT COMFORT,TX,77978,28.6825,-96.545278,1600028209,TX0085570,ECHO覆蓋率稽核,100,"Formosa Plastics Corporation, U.S.A.",台塑集團關係企業 FPC USA 德州 Point Comfort 主廠,郭文筆,1954/11/05,1964/07/27,63657407810,http://www.fpc.com.tw,高雄市仁武區水管路100號,https://www.fpcusa.com/content/uploads/2021/04/formosa-logo-stacked.png,3001159568,,D90,"DMR, Limited - Overdue",,,,,K,"Non-receipt Violation, Non-Monthly Average",10/21/2012,2,RE - Back into Compliance,11/06/2012,E,Effluent Violations,,,,,,,,,2,1600141664,002,1600141664,A,1,2201922460,,3006967892,3003786908,C,,15,00556,Oil & Grease,19,mg/L,08/31/2012,1,,,,11/06/2012,47,,1601848400,,C3,DD,N,DAILY MX
1301,台灣塑膠工業股份有限公司,Formosa Plastics Corporation,FPC,塑膠工業,,"Formosa Plastics Corporation, U.S.A.",211--美國,,FORMOSA POINT COMFORT PLANT,201 FORMOSA DRIVE,POINT COMFORT,TX,77978,28.6825,-96.545278,1600028209,TX0085570,ECHO覆蓋率稽核,100,"Formosa Plastics Corporation, U.S.A.",台塑集團關係企業 FPC USA 德州 Point Comfort 主廠,郭文筆,1954/11/05,1964/07/27,63657407810,http://www.fpc.com.tw,高雄市仁武區水管路100號,https://www.fpcusa.com/content/uploads/2021/04/formosa-logo-stacked.png,1606962870,,D80,"DMR, Monitor Only - Overdue",,,,,N,Non-Receipt of DMR/Schedule Report,09/19/2001,2,RE - Back into Compliance,11/02/2001,E,Effluent Violations,,,,,,,,,1,1600141665,101,1600141665,A,J,1651138568,0,1626008953,1610227713,,,,32103,"1,2-Dichloroethane",19,mg/L,07/31/2001,1,,,,11/02/2001,74,,1601848512,0,C2,DB,A,DAILY AV
1301,台灣塑膠工業股份有限公司,Formosa Plastics Corporation,FPC,塑膠工業,,"Formosa Plastics Corporation, U.S.A.",211--美國,,FORMOSA POINT COMFORT PLANT,201 FORMOSA DRIVE,POINT COMFORT,TX,77978,28.6825,-96.545278,1600028209,TX0085570,ECHO覆蓋率稽核,100,"Formosa Plastics Corporation, U.S.A.",台塑集團關係企業 FPC USA 德州 Point Comfort 主廠,郭文筆,1954/11/05,1964/07/27,63657407810,http://www.fpc.com.tw,高雄市仁武區水管路100號,https://www.fpcusa.com/content/uploads/2021/04/formosa-logo-stacked.png,1606963123,,D90,"DMR, Limited - Overdue",,,,,K,"Non-receipt Violation, Non-Monthly Average",04/19/2006,2,RE - Back into Compliance,04/24/2006,E,Effluent Violations,,,,,,,,,2,1600141664,101,1600141664,Q,J,1651143621,0,1626021006,1610228724,,,.64014,34511,"1,1,2-Trichloroethane",01,kg/d,02/28/2006,3,,,,04/24/2006,35,,1601848537,0,Q2,DD,N,DAILY MX
1301,台灣塑膠工業股份有限公司,Formosa Plastics Corporation,FPC,塑膠工業,,"Formosa Plastics Corporation, U.S.A.",211--美國,,FORMOSA POINT COMFORT PLANT,201 FORMOSA DRIVE,POINT COMFORT,TX,77978,28.6825,-96.545278,1600028209,TX0085570,ECHO覆蓋率稽核,100,"Formosa Plastics Corporation, U.S.A.",台塑集團關係企業 FPC USA 德州 Point Comfort 主廠,郭文筆,1954/11/05,1964/07/27,63657407810,http://www.fpc.com.tw,高雄市仁武區水管路100號,https://www.fpcusa.com/content/uploads/2021/04/formosa-logo-stacked.png,1606963182,,D90,"DMR, Limited - Overdue",,,,,N,Non-Receipt of DMR/Schedule Report,04/19/2006,2,RE - Back into Compliance,04/24/2006,E,Effluent Violations,,,,,,,,,2,1600141664,101,1600141664,Q,J,1651144760,0,1626021065,1610228952,,,1.3393,34611,"2,4-Dinitrotoluene",01,kg/d,02/28/2006,3,,,,04/24/2006,35,,1601848549,0,Q1,DB,A,DAILY AV
1301,台灣塑膠工業股份有限公司,Formosa Plastics Corporation,FPC,塑膠工業,,"Formosa Plastics Corporation, U.S.A.",211--美國,,FORMOSA POINT COMFORT PLANT,201 FORMOSA DRIVE,POINT COMFORT,TX,77978,28.6825,-96.545278,1600028209,TX0085570,ECHO覆蓋率稽核,100,"Formosa Plastics Corporation, U.S.A.",台塑集團關係企業 FPC USA 德州 Point Comfort 主廠,郭文筆,1954/11/05,1964/07/27,63657407810,http://www.fpc.com.tw,高雄市仁武區水管路100號,https://www.fpcusa.com/content/uploads/2021/04/formosa-logo-stacked.png,1606962878,,D90,"DMR, Limited - Overdue",,,,,K,"Non-receipt Violation, Non-Monthly Average",09/19/2001,2,RE - Back into Compliance,11/02/2001,E,Effluent Violations,,,,,,,,,1,1600141665,101,1600141665,A,J,1651141066,4.1,1626008961,1610228213,,,6,50050,"Flow, in conduit or thru treatment plant",03,MGD,07/31/2001,1,,,,11/02/2001,74,,1601848514,4.1,Q2,DD,N,DAILY MX
1301,台灣塑膠工業股份有限公司,Formosa Plastics Corporation,FPC,塑膠工業,,"Formosa Plastics Corporation, U.S.A.",211--美國,,FORMOSA POINT COMFORT PLANT,201 FORMOSA DRIVE,POINT COMFORT,TX,77978,28.6825,-96.545278,1600028209,TX0085570,ECHO覆蓋率稽核,100,"Formosa Plastics Corporation, U.S.A.",台塑集團關係企業 FPC USA 德州 Point Comfort 主廠,郭文筆,1954/11/05,1964/07/27,63657407810,http://www.fpc.com.tw,高雄市仁武區水管路100號,https://www.fpcusa.com/content/uploads/2021/04/formosa-logo-stacked.png,1606963412,,D90,"DMR, Limited - Overdue",,,,,N,Non-Receipt of DMR/Schedule Report,07/20/2006,2,RE - Back into Compliance,09/27/2006,E,Effluent Violations,,,,,,,,,2,1600141664,101,1600141664,Q,J,1651145145,0,1626021295,1610229029,,,.92616,34657,"4,6-Dinitro-o-cresol",01,kg/d,05/31/2006,3,,,,09/27/2006,99,,1601848553,0,Q1,DB,A,DAILY AV
1301,台灣塑膠工業股份有限公司,Formosa Plastics Corporation,FPC,塑膠工業,,"Formosa Plastics Corporation, U.S.A.",211--美國,,FORMOSA POINT COMFORT PLANT,201 FORMOSA DRIVE,POINT COMFORT,TX,77978,28.6825,-96.545278,1600028209,TX0085570,ECHO覆蓋率稽核,100,"Formosa Plastics Corporation, U.S.A.",台塑集團關係企業 FPC USA 德州 Point Comfort 主廠,郭文筆,1954/11/05,1964/07/27,63657407810,http://www.fpc.com.tw,高雄市仁武區水管路100號,https://www.fpcusa.com/content/uploads/2021/04/formosa-logo-stacked.png,3001159209,,D80,"DMR, Monitor Only - Overdue",,,,,N,Non-Receipt of DMR/Schedule Report,10/21/2012,2,RE - Back into Compliance,11/06/2012,E,Effluent Violations,,,,,,,,,2,1600141664,002,1600141664,A,1,2201922475,,3006967879,3003786899,C,,,03768,"Purgeable hydrocarbons, Meth. 601",19,mg/L,08/31/2012,1,,,,11/06/2012,47,,1601848402,,C2,DB,A,DAILY AV
1301,台灣塑膠工業股份有限公司,Formosa Plastics Corporation,FPC,塑膠工業,,"Formosa Plastics Corporation, U.S.A.",211--美國,,FORMOSA POINT COMFORT PLANT,201 FORMOSA DRIVE,POINT COMFORT,TX,77978,28.6825,-96.545278,1600028209,TX0085570,ECHO覆蓋率稽核,100,"Formosa Plastics Corporation, U.S.A.",台塑集團關係企業 FPC USA 德州 Point Comfort 主廠,郭文筆,1954/11/05,1964/07/27,63657407810,http://www.fpc.com.tw,高雄市仁武區水管路100號,https://www.fpcusa.com/content/uploads/2021/04/formosa-logo-stacked.png,3000555949,,D80,"DMR, Monitor Only - Overdue",,,,,K,"Non-receipt Violation, Non-Monthly Average",06/20/2012,2,RE - Back into Compliance,08/14/2012,E,Effluent Violations,,,,,,,,,2,1600141664,101,1600141664,A,J,2201928234,0,3002102361,3001141485,,,,34694,Phenol,19,mg/L,04/30/2012,1,,=,19,08/14/2012,86,,1601848495,0,C3,DD,N,DAILY MX
1301,台灣塑膠工業股份有限公司,Formosa Plastics Corporation,FPC,塑膠工業,,"Formosa Plastics Corporation, U.S.A.",211--美國,,FORMOSA POINT COMFORT PLANT,201 FORMOSA DRIVE,POINT COMFORT,TX,77978,28.6825,-96.545278,1600028209,TX0085570,ECHO覆蓋率稽核,100,"Formosa Plastics Corporation, U.S.A.",台塑集團關係企業 FPC USA 德州 Point Comfort 主廠,郭文筆,1954/11/05,1964/07/27,63657407810,http://www.fpc.com.tw,高雄市仁武區水管路100號,https://www.fpcusa.com/content/uploads/2021/04/formosa-logo-stacked.png,3669924823,,E90,"DMR, Limited - Numeric Violation",,,,,,,,,,,E,Effluent Violations,,,,,,,,,0,3600742495,001,3600742495,A,1,3884718265,39,3789332399,3701346034,,,34,80082,"BOD, carbonaceous [5 day, 20 C]",19,mg/L,02/28/2023,1,15,=,19,03/20/2023,,,3601385598,39,C3,DD,N,DAILY MX
1301,台灣塑膠工業股份有限公司,Formosa Plastics Corporation,FPC,塑膠工業,,"Formosa Plastics Corporation, U.S.A.",211--美國,,FORMOSA POINT COMFORT PLANT,201 FORMOSA DRIVE,POINT COMFORT,TX,77978,28.6825,-96.545278,1600028209,TX0085570,ECHO覆蓋率稽核,100,"Formosa Plastics Corporation, U.S.A.",台塑集團關係企業 FPC USA 德州 Point Comfort 主廠,郭文筆,1954/11/05,1964/07/27,63657407810,http://www.fpc.com.tw,高雄市仁武區水管路100號,https://www.fpcusa.com/content/uploads/2021/04/formosa-logo-stacked.png,1606962847,,D90,"DMR, Limited - Overdue",,,,,N,Non-Receipt of DMR/Schedule Report,09/19/2001,2,RE - Back into Compliance,11/02/2001,E,Effluent Violations,,,,,,,,,1,1600141665,101,1600141665,A,J,1651139815,0,1626008930,1610227963,,,.47216,34425,"Methylene chloride, suspended",01,kg/d,07/31/2001,1,,,,11/02/2001,74,,1601848508,0,Q1,DB,A,DAILY AV
1301,台灣塑膠工業股份有限公司,Formosa Plastics Corporation,FPC,塑膠工業,,"Formosa Plastics Corporation, U.S.A.",211--美國,,FORMOSA POINT COMFORT PLANT,201 FORMOSA DRIVE,POINT COMFORT,TX,77978,28.6825,-96.545278,1600028209,TX0085570,ECHO覆蓋率稽核,100,"Formosa Plastics Corporation, U.S.A.",台塑集團關係企業 FPC USA 德州 Point Comfort 主廠,郭文筆,1954/11/05,1964/07/27,63657407810,http://www.fpc.com.tw,高雄市仁武區水管路100號,https://www.fpcusa.com/content/uploads/2021/04/formosa-logo-stacked.png,1606962876,,D80,"DMR, Monitor Only - Overdue",,,,,K,"Non-receipt Violation, Non-Monthly Average",09/19/2001,2,RE - Back into Compliance,11/02/2001,E,Effluent Violations,,,,,,,,,1,1600141665,101,1600141665,A,J,1651140819,0,1626008959,1610228163,,,,34694,Phenol,19,mg/L,07/31/2001,1,,,,11/02/2001,74,,1601848513,0,C3,DD,N,DAILY MX
1301,台灣塑膠工業股份有限公司,Formosa Plastics Corporation,FPC,塑膠工業,,"Formosa Plastics Corporation, U.S.A.",211--美國,,FORMOSA POINT COMFORT PLANT,201 FORMOSA DRIVE,POINT COMFORT,TX,77978,28.6825,-96.545278,1600028209,TX0085570,ECHO覆蓋率稽核,100,"Formosa Plastics Corporation, U.S.A.",台塑集團關係企業 FPC USA 德州 Point Comfort 主廠,郭文筆,1954/11/05,1964/07/27,63657407810,http://www.fpc.com.tw,高雄市仁武區水管路100號,https://www.fpcusa.com/content/uploads/2021/04/formosa-logo-stacked.png,1606963644,,D80,"DMR, Monitor Only - Overdue",,,,,,,,,,,E,Effluent Violations,,,,,,,,,2,1600141664,TX1,1600141664,Q,1,1651154877,0,1626028852,1610230975,,,,TWP6B,Pass/Fail Sub-Lethal Static Renewal 7 Day Chronic Menidia menidia,9A,pass=0;fail=1,03/31/2006,3,,,,09/27/2006,99,,1601848634,0,C1,7D,,7 DA MIN
1301,台灣塑膠工業股份有限公司,Formosa Plastics Corporation,FPC,塑膠工業,,"Formosa Plastics Corporation, U.S.A.",211--美國,,FORMOSA POINT COMFORT PLANT,201 FORMOSA DRIVE,POINT COMFORT,TX,77978,28.6825,-96.545278,1600028209,TX0085570,ECHO覆蓋率稽核,100,"Formosa Plastics Corporation, U.S.A.",台塑集團關係企業 FPC USA 德州 Point Comfort 主廠,郭文筆,1954/11/05,1964/07/27,63657407810,http://www.fpc.com.tw,高雄市仁武區水管路100號,https://www.fpcusa.com/content/uploads/2021/04/formosa-logo-stacked.png,1606963363,,D90,"DMR, Limited - Overdue",,,,,K,"Non-receipt Violation, Non-Monthly Average",07/20/2006,2,RE - Back into Compliance,09/27/2006,E,Effluent Violations,,,,,,,,,2,1600141664,101,1600141664,Q,J,1651144196,0,1626021246,1610228839,,,.5221,34566,"1,3-Dichlorobenzene",01,kg/d,05/31/2006,3,,,,09/27/2006,99,,1601848543,0,Q2,DD,N,DAILY MX
1301,台灣塑膠工業股份有限公司,Formosa Plastics Corporation,FPC,塑膠工業,,"Formosa Plastics Corporation, U.S.A.",211--美國,,FORMOSA POINT COMFORT PLANT,201 FORMOSA DRIVE,POINT COMFORT,TX,77978,28.6825,-96.545278,1600028209,TX0085570,ECHO覆蓋率稽核,100,"Formosa Plastics Corporation, U.S.A.",台塑集團關係企業 FPC USA 德州 Point Comfort 主廠,郭文筆,1954/11/05,1964/07/27,63657407810,http://www.fpc.com.tw,高雄市仁武區水管路100號,https://www.fpcusa.com/content/uploads/2021/04/formosa-logo-stacked.png,3001159438,,D90,"DMR, Limited - Overdue",,,,,K,"Non-receipt Violation, Non-Monthly Average",10/21/2012,2,RE - Back into Compliance,11/06/2012,E,Effluent Violations,,,,,,,,,2,1600141664,012,1600141664,A,1,2201926877,,3006967900,3003786914,C,,55,00680,"Carbon, tot organic [TOC]",19,mg/L,08/31/2012,1,,,,11/06/2012,47,,1601848477,,C3,DD,N,DAILY MX
1301,台灣塑膠工業股份有限公司,Formosa Plastics Corporation,FPC,塑膠工業,,"Formosa Plastics Corporation, U.S.A.",211--美國,,FORMOSA POINT COMFORT PLANT,201 FORMOSA DRIVE,POINT COMFORT,TX,77978,28.6825,-96.545278,1600028209,TX0085570,ECHO覆蓋率稽核,100,"Formosa Plastics Corporation, U.S.A.",台塑集團關係企業 FPC USA 德州 Point Comfort 主廠,郭文筆,1954/11/05,1964/07/27,63657407810,http://www.fpc.com.tw,高雄市仁武區水管路100號,https://www.fpcusa.com/content/uploads/2021/04/formosa-logo-stacked.png,1606963640,,D80,"DMR, Monitor Only - Overdue",,,,,,,,,,,E,Effluent Violations,,,,,,,,,2,1600141664,TX1,1600141664,Q,1,1651154858,0,1626028848,1610230971,,,,TWP3E,Pass/Fail Sub-Lethal Static Renewal 7 Day Chronic Americamysis bahia (formerly Mysidopsis bahia),9A,pass=0;fail=1,03/31/2006,3,,,,09/27/2006,99,,1601848633,0,C2,MJ,,MO AV MN
1301,台灣塑膠工業股份有限公司,Formosa Plastics Corporation,FPC,塑膠工業,,"Formosa Plastics Corporation, U.S.A.",211--美國,,FORMOSA POINT COMFORT PLANT,201 FORMOSA DRIVE,POINT COMFORT,TX,77978,28.6825,-96.545278,1600028209,TX0085570,ECHO覆蓋率稽核,100,"Formosa Plastics Corporation, U.S.A.",台塑集團關係企業 FPC USA 德州 Point Comfort 主廠,郭文筆,1954/11/05,1964/07/27,63657407810,http://www.fpc.com.tw,高雄市仁武區水管路100號,https://www.fpcusa.com/content/uploads/2021/04/formosa-logo-stacked.png,3000556067,,D90,"DMR, Limited - Overdue",,,,,,,,,,,E,Effluent Violations,,,,,,,,,2,1600141664,012,1600141664,A,1,2201926823,,3003446584,3001863687,C,,6,00400,pH,12,SU,04/30/2012,1,,,,07/13/2012,54,,1601848475,,C1,ME,,MINIMUM
1301,台灣塑膠工業股份有限公司,Formosa Plastics Corporation,FPC,塑膠工業,,"Formosa Plastics Corporation, U.S.A.",211--美國,,FORMOSA POINT COMFORT PLANT,201 FORMOSA DRIVE,POINT COMFORT,TX,77978,28.6825,-96.545278,1600028209,TX0085570,ECHO覆蓋率稽核,100,"Formosa Plastics Corporation, U.S.A.",台塑集團關係企業 FPC USA 德州 Point Comfort 主廠,郭文筆,1954/11/05,1964/07/27,63657407810,http://www.fpc.com.tw,高雄市仁武區水管路100號,https://www.fpcusa.com/content/uploads/2021/04/formosa-logo-stacked.png,1606962598,,D90,"DMR, Limited - Overdue",,,,,K,"Non-receipt Violation, Non-Monthly Average",03/22/2002,2,RE - Back into Compliance,06/10/2002,E,Effluent Violations,,,,,,,,,1,1600141665,001,1600141665,A,1,1651109016,0,1625978286,1610221803,,,0,82581,"pH range excursions, > 60 minutes",88,occur/d,01/31/2002,1,,,,06/10/2002,99,,1601848395,0,Q2,MP,N,MO TOTAL
1301,台灣塑膠工業股份有限公司,Formosa Plastics Corporation,FPC,塑膠工業,,"Formosa Plastics Corporation, U.S.A.",211--美國,,FORMOSA POINT COMFORT PLANT,201 FORMOSA DRIVE,POINT COMFORT,TX,77978,28.6825,-96.545278,1600028209,TX0085570,ECHO覆蓋率稽核,100,"Formosa Plastics Corporation, U.S.A.",台塑集團關係企業 FPC USA 德州 Point Comfort 主廠,郭文筆,1954/11/05,1964/07/27,63657407810,http://www.fpc.com.tw,高雄市仁武區水管路100號,https://www.fpcusa.com/content/uploads/2021/04/formosa-logo-stacked.png,1606963238,,D90,"DMR, Limited - Overdue",,,,,K,"Non-receipt Violation, Non-Monthly Average",07/20/2006,2,RE - Back into Compliance,09/27/2006,E,Effluent Violations,,,,,,,,,2,1600141664,101,1600141664,Q,J,1651141916,0,1626021121,1610228383,,,.69916,34205,Acenaphthene,01,kg/d,05/31/2006,3,,,,09/27/2006,99,,1601848518,0,Q2,DD,N,DAILY MX
1301,台灣塑膠工業股份有限公司,Formosa Plastics Corporation,FPC,塑膠工業,,"Formosa Plastics Corporation, U.S.A.",211--美國,,FORMOSA POINT COMFORT PLANT,201 FORMOSA DRIVE,POINT COMFORT,TX,77978,28.6825,-96.545278,1600028209,TX0085570,ECHO覆蓋率稽核,100,"Formosa Plastics Corporation, U.S.A.",台塑集團關係企業 FPC USA 德州 Point Comfort 主廠,郭文筆,1954/11/05,1964/07/27,63657407810,http://www.fpc.com.tw,高雄市仁武區水管路100號,https://www.fpcusa.com/content/uploads/2021/04/formosa-logo-stacked.png,1606963167,,D90,"DMR, Limited - Overdue",,,,,N,Non-Receipt of DMR/Schedule Report,04/19/2006,2,RE - Back into Compliance,04/24/2006,E,Effluent Violations,,,,,,,,,2,1600141664,101,1600141664,Q,J,1651144475,0,1626021050,1610228895,,,.48578,34591,2-Nitrophenol,01,kg/d,02/28/2006,3,,,,04/24/2006,35,,1601848546,0,Q1,DB,A,DAILY AV
1301,台灣塑膠工業股份有限公司,Formosa Plastics Corporation,FPC,塑膠工業,,"Formosa Plastics Corporation, U.S.A.",211--美國,,FORMOSA POINT COMFORT PLANT,201 FORMOSA DRIVE,POINT COMFORT,TX,77978,28.6825,-96.545278,1600028209,TX0085570,ECHO覆蓋率稽核,100,"Formosa Plastics Corporation, U.S.A.",台塑集團關係企業 FPC USA 德州 Point Comfort 主廠,郭文筆,1954/11/05,1964/07/27,63657407810,http://www.fpc.com.tw,高雄市仁武區水管路100號,https://www.fpcusa.com/content/uploads/2021/04/formosa-logo-stacked.png,1606963550,,D80,"DMR, Monitor Only - Overdue",,,,,,,,,,,E,Effluent Violations,,,,,,,,,2,1600141664,TX1,1600141664,Q,1,1651154733,0,1626028758,1610230946,,,,TLP3E,Low Flow Pass/Fail Survival Test Static Renewal 7 Day Chronic Americamysis bahia (Mysidopsis bahia),9A,pass=0;fail=1,12/31/2005,3,,,,09/27/2006,99,,1601848627,0,C2,MJ,,MO AV MN
1301,台灣塑膠工業股份有限公司,Formosa Plastics Corporation,FPC,塑膠工業,,"Formosa Plastics Corporation, U.S.A.",211--美國,,FORMOSA POINT COMFORT PLANT,201 FORMOSA DRIVE,POINT COMFORT,TX,77978,28.6825,-96.545278,1600028209,TX0085570,ECHO覆蓋率稽核,100,"Formosa Plastics Corporation, U.S.A.",台塑集團關係企業 FPC USA 德州 Point Comfort 主廠,郭文筆,1954/11/05,1964/07/27,63657407810,http://www.fpc.com.tw,高雄市仁武區水管路100號,https://www.fpcusa.com/content/uploads/2021/04/formosa-logo-stacked.png,1606962528,,D90,"DMR, Limited - Overdue",,,,,K,"Non-receipt Violation, Non-Monthly Average",09/19/2001,2,RE - Back into Compliance,06/10/2002,E,Effluent Violations,,,,,,,,,1,1600141665,001,1600141665,A,1,1651109236,0,1625977541,1610221847,,,.309524,82582,"pH range excursions, monthly total accum",5A,d,07/31/2001,1,,,,06/10/2002,99,,1601848396,0,Q2,MP,N,MO TOTAL
1301,台灣塑膠工業股份有限公司,Formosa Plastics Corporation,FPC,塑膠工業,,"Formosa Plastics Corporation, U.S.A.",211--美國,,FORMOSA POINT COMFORT PLANT,201 FORMOSA DRIVE,POINT COMFORT,TX,77978,28.6825,-96.545278,1600028209,TX0085570,ECHO覆蓋率稽核,100,"Formosa Plastics Corporation, U.S.A.",台塑集團關係企業 FPC USA 德州 Point Comfort 主廠,郭文筆,1954/11/05,1964/07/27,63657407810,http://www.fpc.com.tw,高雄市仁武區水管路100號,https://www.fpcusa.com/content/uploads/2021/04/formosa-logo-stacked.png,1606963232,,D90,"DMR, Limited - Overdue",,,,,N,Non-Receipt of DMR/Schedule Report,07/20/2006,2,RE - Back into Compliance,09/27/2006,E,Effluent Violations,,,,,,,,,2,1600141664,101,1600141664,Q,J,1651141820,0,1626021115,1610228364,,,.25878,34200,Acenaphthylene,01,kg/d,05/31/2006,3,,,,09/27/2006,99,,1601848517,0,Q1,DB,A,DAILY AV
1301,台灣塑膠工業股份有限公司,Formosa Plastics Corporation,FPC,塑膠工業,,"Formosa Plastics Corporation, U.S.A.",211--美國,,FORMOSA POINT COMFORT PLANT,201 FORMOSA DRIVE,POINT COMFORT,TX,77978,28.6825,-96.545278,1600028209,TX0085570,ECHO覆蓋率稽核,100,"Formosa Plastics Corporation, U.S.A.",台塑集團關係企業 FPC USA 德州 Point Comfort 主廠,郭文筆,1954/11/05,1964/07/27,63657407810,http://www.fpc.com.tw,高雄市仁武區水管路100號,https://www.fpcusa.com/content/uploads/2021/04/formosa-logo-stacked.png,1606962811,,D80,"DMR, Monitor Only - Overdue",,,,,K,"Non-receipt Violation, Non-Monthly Average",09/19/2001,2,RE - Back into Compliance,11/02/2001,E,Effluent Violations,,,,,,,,,1,1600141665,101,1600141665,A,J,1651137569,48,1626008894,1610227513,,,,00340,"Oxygen demand, chem. [high level] [COD]",19,mg/L,07/31/2001,1,,,,11/02/2001,74,,1601848500,48,C3,DD,N,DAILY MX
1301,台灣塑膠工業股份有限公司,Formosa Plastics Corporation,FPC,塑膠工業,,"Formosa Plastics Corporation, U.S.A.",211--美國,,FORMOSA POINT COMFORT PLANT,201 FORMOSA DRIVE,POINT COMFORT,TX,77978,28.6825,-96.545278,1600028209,TX0085570,ECHO覆蓋率稽核,100,"Formosa Plastics Corporation, U.S.A.",台塑集團關係企業 FPC USA 德州 Point Comfort 主廠,郭文筆,1954/11/05,1964/07/27,63657407810,http://www.fpc.com.tw,高雄市仁武區水管路100號,https://www.fpcusa.com/content/uploads/2021/04/formosa-logo-stacked.png,3637522030,,E90,"DMR, Limited - Numeric Violation",,,,,,,,,,,E,Effluent Violations,,,,,,,,,0,3600742495,001,3600742495,Q,1,3671368307,26.7,3669664188,3637427671,,,0,34675,"2,3,7,8-Tetrachlorodibenzo-p-dioxin",19,mg/L,05/31/2018,3,2147483650,=,2S,06/20/2018,,,3601386409,.00000003,C3,DD,N,DAILY MX
1301,台灣塑膠工業股份有限公司,Formosa Plastics Corporation,FPC,塑膠工業,,"Formosa Plastics Corporation, U.S.A.",211--美國,,FORMOSA POINT COMFORT PLANT,201 FORMOSA DRIVE,POINT COMFORT,TX,77978,28.6825,-96.545278,1600028209,TX0085570,ECHO覆蓋率稽核,100,"Formosa Plastics Corporation, U.S.A.",台塑集團關係企業 FPC USA 德州 Point Comfort 主廠,郭文筆,1954/11/05,1964/07/27,63657407810,http://www.fpc.com.tw,高雄市仁武區水管路100號,https://www.fpcusa.com/content/uploads/2021/04/formosa-logo-stacked.png,1606963113,,D90,"DMR, Limited - Overdue",,,,,K,"Non-receipt Violation, Non-Monthly Average",04/19/2006,2,RE - Back into Compliance,04/24/2006,E,Effluent Violations,,,,,,,,,2,1600141664,101,1600141664,Q,J,1651143431,0,1626020996,1610228686,,,.7945,34469,Pyrene,01,kg/d,02/28/2006,3,,,,04/24/2006,35,,1601848535,0,Q2,DD,N,DAILY MX
1301,台灣塑膠工業股份有限公司,Formosa Plastics Corporation,FPC,塑膠工業,,"Formosa Plastics Corporation, U.S.A.",211--美國,,FORMOSA POINT COMFORT PLANT,201 FORMOSA DRIVE,POINT COMFORT,TX,77978,28.6825,-96.545278,1600028209,TX0085570,ECHO覆蓋率稽核,100,"Formosa Plastics Corporation, U.S.A.",台塑集團關係企業 FPC USA 德州 Point Comfort 主廠,郭文筆,1954/11/05,1964/07/27,63657407810,http://www.fpc.com.tw,高雄市仁武區水管路100號,https://www.fpcusa.com/content/uploads/2021/04/formosa-logo-stacked.png,3001038071,,D90,"DMR, Limited - Overdue",,,,,K,"Non-receipt Violation, Non-Monthly Average",09/20/2012,2,RE - Back into Compliance,10/19/2012,E,Effluent Violations,,,,,,,,,2,1600141664,012,1600141664,A,1,2201926862,,3006272028,3003403812,C,,15,00556,Oil & Grease,19,mg/L,07/31/2012,1,,,,10/19/2012,60,,1601848476,,C3,DD,N,DAILY MX
1301,台灣塑膠工業股份有限公司,Formosa Plastics Corporation,FPC,塑膠工業,,"Formosa Plastics Corporation, U.S.A.",211--美國,,FORMOSA POINT COMFORT PLANT,201 FORMOSA DRIVE,POINT COMFORT,TX,77978,28.6825,-96.545278,1600028209,TX0085570,ECHO覆蓋率稽核,100,"Formosa Plastics Corporation, U.S.A.",台塑集團關係企業 FPC USA 德州 Point Comfort 主廠,郭文筆,1954/11/05,1964/07/27,63657407810,http://www.fpc.com.tw,高雄市仁武區水管路100號,https://www.fpcusa.com/content/uploads/2021/04/formosa-logo-stacked.png,3405114050,,E90,"DMR, Limited - Numeric Violation",,,,,,,,,,,E,Effluent Violations,,,,,,,,,2,1600141664,011,1600141664,A,1,3401036152,10.6,3422292800,3412626146,,,9,00400,pH,12,SU,06/30/2014,1,,=,12,07/17/2014,,,1601848469,10.6,C3,MB,N,MAXIMUM
1301,台灣塑膠工業股份有限公司,Formosa Plastics Corporation,FPC,塑膠工業,,"Formosa Plastics Corporation, U.S.A.",211--美國,,FORMOSA POINT COMFORT PLANT,201 FORMOSA DRIVE,POINT COMFORT,TX,77978,28.6825,-96.545278,1600028209,TX0085570,ECHO覆蓋率稽核,100,"Formosa Plastics Corporation, U.S.A.",台塑集團關係企業 FPC USA 德州 Point Comfort 主廠,郭文筆,1954/11/05,1964/07/27,63657407810,http://www.fpc.com.tw,高雄市仁武區水管路100號,https://www.fpcusa.com/content/uploads/2021/04/formosa-logo-stacked.png,1606963382,,D90,"DMR, Limited - Overdue",,,,,N,Non-Receipt of DMR/Schedule Report,07/20/2006,2,RE - Back into Compliance,09/27/2006,E,Effluent Violations,,,,,,,,,2,1600141664,101,1600141664,Q,J,1651144575,0,1626021265,1610228915,,,.46308,34601,"2,4-Dichlorophenol",01,kg/d,05/31/2006,3,,,,09/27/2006,99,,1601848547,0,Q1,DB,A,DAILY AV
1301,台灣塑膠工業股份有限公司,Formosa Plastics Corporation,FPC,塑膠工業,,"Formosa Plastics Corporation, U.S.A.",211--美國,,FORMOSA POINT COMFORT PLANT,201 FORMOSA DRIVE,POINT COMFORT,TX,77978,28.6825,-96.545278,1600028209,TX0085570,ECHO覆蓋率稽核,100,"Formosa Plastics Corporation, U.S.A.",台塑集團關係企業 FPC USA 德州 Point Comfort 主廠,郭文筆,1954/11/05,1964/07/27,63657407810,http://www.fpc.com.tw,高雄市仁武區水管路100號,https://www.fpcusa.com/content/uploads/2021/04/formosa-logo-stacked.png,1606963013,,E90,"DMR, Limited - Numeric Violation",,,,,,,,,,,E,Effluent Violations,,,,,,,,,1,1600141665,101,1600141665,A,J,1651138936,2.1,1626011066,1610227787,,,.5448,32106,Chloroform,01,kg/d,07/31/2003,1,75,,,08/25/2003,5,,1601848504,.9534,Q2,DD,N,DAILY MX
1301,台灣塑膠工業股份有限公司,Formosa Plastics Corporation,FPC,塑膠工業,,"Formosa Plastics Corporation, U.S.A.",211--美國,,FORMOSA POINT COMFORT PLANT,201 FORMOSA DRIVE,POINT COMFORT,TX,77978,28.6825,-96.545278,1600028209,TX0085570,ECHO覆蓋率稽核,100,"Formosa Plastics Corporation, U.S.A.",台塑集團關係企業 FPC USA 德州 Point Comfort 主廠,郭文筆,1954/11/05,1964/07/27,63657407810,http://www.fpc.com.tw,高雄市仁武區水管路100號,https://www.fpcusa.com/content/uploads/2021/04/formosa-logo-stacked.png,1606962711,,D90,"DMR, Limited - Overdue",,,,,K,"Non-receipt Violation, Non-Monthly Average",08/19/2001,2,RE - Back into Compliance,10/24/2001,E,Effluent Violations,,,,,,,,,1,1600141665,003,1600141665,A,1,1651114359,8,1625991714,1610222871,,,55,00680,"Carbon, tot organic [TOC]",19,mg/L,06/30/2001,1,,,,10/24/2001,96,,1601848416,8,C3,DD,N,DAILY MX
1301,台灣塑膠工業股份有限公司,Formosa Plastics Corporation,FPC,塑膠工業,,"Formosa Plastics Corporation, U.S.A.",211--美國,,FORMOSA POINT COMFORT PLANT,201 FORMOSA DRIVE,POINT COMFORT,TX,77978,28.6825,-96.545278,1600028209,TX0085570,ECHO覆蓋率稽核,100,"Formosa Plastics Corporation, U.S.A.",台塑集團關係企業 FPC USA 德州 Point Comfort 主廠,郭文筆,1954/11/05,1964/07/27,63657407810,http://www.fpc.com.tw,高雄市仁武區水管路100號,https://www.fpcusa.com/content/uploads/2021/04/formosa-logo-stacked.png,1606963704,,D80,"DMR, Monitor Only - Overdue",,,,,,,,,,,E,Effluent Violations,,,,,,,,,2,1600141664,TX1,1600141664,Q,1,1651154882,0,1626028912,1610230976,,,,TWP6B,Pass/Fail Sub-Lethal Static Renewal 7 Day Chronic Menidia menidia,9A,pass=0;fail=1,06/30/2006,3,,,,09/27/2006,69,,1601848634,0,C1,7D,,7 DA MIN
1301,台灣塑膠工業股份有限公司,Formosa Plastics Corporation,FPC,塑膠工業,,"Formosa Plastics Corporation, U.S.A.",211--美國,,FORMOSA POINT COMFORT PLANT,201 FORMOSA DRIVE,POINT COMFORT,TX,77978,28.6825,-96.545278,1600028209,TX0085570,ECHO覆蓋率稽核,100,"Formosa Plastics Corporation, U.S.A.",台塑集團關係企業 FPC USA 德州 Point Comfort 主廠,郭文筆,1954/11/05,1964/07/27,63657407810,http://www.fpc.com.tw,高雄市仁武區水管路100號,https://www.fpcusa.com/content/uploads/2021/04/formosa-logo-stacked.png,1606962628,,D90,"DMR, Limited - Overdue",,,,,K,"Non-receipt Violation, Non-Monthly Average",12/20/2002,2,RE - Back into Compliance,12/30/2002,E,Effluent Violations,,,,,,,,,1,1600141665,001,1600141665,A,1,1651109061,0,1625979411,1610221812,,,0,82581,"pH range excursions, > 60 minutes",88,occur/d,10/31/2002,1,,,,12/30/2002,40,,1601848395,0,Q2,MP,N,MO TOTAL
1301,台灣塑膠工業股份有限公司,Formosa Plastics Corporation,FPC,塑膠工業,,"Formosa Plastics Corporation, U.S.A.",211--美國,,FORMOSA POINT COMFORT PLANT,201 FORMOSA DRIVE,POINT COMFORT,TX,77978,28.6825,-96.545278,1600028209,TX0085570,ECHO覆蓋率稽核,100,"Formosa Plastics Corporation, U.S.A.",台塑集團關係企業 FPC USA 德州 Point Comfort 主廠,郭文筆,1954/11/05,1964/07/27,63657407810,http://www.fpc.com.tw,高雄市仁武區水管路100號,https://www.fpcusa.com/content/uploads/2021/04/formosa-logo-stacked.png,1606962726,,E90,"DMR, Limited - Numeric Violation",,,,,,,,,,,E,Effluent Violations,,,,,,,,,1,1600141665,003,1600141665,A,1,1651113869,9.2,1625991754,1610222773,,,9,00400,pH,12,SU,08/31/2001,1,,,,09/24/2001,4,,1601848414,9.2,C3,MB,N,MAXIMUM
1301,台灣塑膠工業股份有限公司,Formosa Plastics Corporation,FPC,塑膠工業,,"Formosa Plastics Corporation, U.S.A.",211--美國,,FORMOSA POINT COMFORT PLANT,201 FORMOSA DRIVE,POINT COMFORT,TX,77978,28.6825,-96.545278,1600028209,TX0085570,ECHO覆蓋率稽核,100,"Formosa Plastics Corporation, U.S.A.",台塑集團關係企業 FPC USA 德州 Point Comfort 主廠,郭文筆,1954/11/05,1964/07/27,63657407810,http://www.fpc.com.tw,高雄市仁武區水管路100號,https://www.fpcusa.com/content/uploads/2021/04/formosa-logo-stacked.png,3000556038,,D90,"DMR, Limited - Overdue",,,,,K,"Non-receipt Violation, Non-Monthly Average",06/20/2012,2,RE - Back into Compliance,07/13/2012,E,Effluent Violations,,,,,,,,,2,1600141664,101,1600141664,A,J,2201928221,0,3003446633,3001863711,,,.69916,34496,"1,1-Dichloroethane",01,kg/d,04/30/2012,1,,=,26,07/13/2012,54,,1601848492,0,Q2,DD,N,DAILY MX
1301,台灣塑膠工業股份有限公司,Formosa Plastics Corporation,FPC,塑膠工業,,"Formosa Plastics Corporation, U.S.A.",211--美國,,FORMOSA POINT COMFORT PLANT,201 FORMOSA DRIVE,POINT COMFORT,TX,77978,28.6825,-96.545278,1600028209,TX0085570,ECHO覆蓋率稽核,100,"Formosa Plastics Corporation, U.S.A.",台塑集團關係企業 FPC USA 德州 Point Comfort 主廠,郭文筆,1954/11/05,1964/07/27,63657407810,http://www.fpc.com.tw,高雄市仁武區水管路100號,https://www.fpcusa.com/content/uploads/2021/04/formosa-logo-stacked.png,3601864623,,E90,"DMR, Limited - Numeric Violation",,,,,,,,,,,E,Effluent Violations,,,,,,,,,2,1600141664,004,1600141664,A,1,3435153122,74,3609681973,3605393764,,,55,00680,"Carbon, tot organic [TOC]",19,mg/L,06/30/2015,1,35,=,19,07/20/2015,,,1601848421,74,C3,DD,N,DAILY MX
1301,台灣塑膠工業股份有限公司,Formosa Plastics Corporation,FPC,塑膠工業,,"Formosa Plastics Corporation, U.S.A.",211--美國,,FORMOSA POINT COMFORT PLANT,201 FORMOSA DRIVE,POINT COMFORT,TX,77978,28.6825,-96.545278,1600028209,TX0085570,ECHO覆蓋率稽核,100,"Formosa Plastics Corporation, U.S.A.",台塑集團關係企業 FPC USA 德州 Point Comfort 主廠,郭文筆,1954/11/05,1964/07/27,63657407810,http://www.fpc.com.tw,高雄市仁武區水管路100號,https://www.fpcusa.com/content/uploads/2021/04/formosa-logo-stacked.png,1606962685,,D90,"DMR, Limited - Overdue",,,,,N,Non-Receipt of DMR/Schedule Report,04/19/2006,2,RE - Back into Compliance,09/27/2006,E,Effluent Violations,,,,,,,,,2,1600141664,001,1600141664,Q,1,1651109488,0,1625989258,1610221897,,,.00000000957,34675,"2,3,7,8-Tetrachlorodibenzo-p-dioxin",19,mg/L,02/28/2006,3,,,,09/27/2006,99,,1601848397,0,C2,DB,A,DAILY AV
1301,台灣塑膠工業股份有限公司,Formosa Plastics Corporation,FPC,塑膠工業,,"Formosa Plastics Corporation, U.S.A.",211--美國,,FORMOSA POINT COMFORT PLANT,201 FORMOSA DRIVE,POINT COMFORT,TX,77978,28.6825,-96.545278,1600028209,TX0085570,ECHO覆蓋率稽核,100,"Formosa Plastics Corporation, U.S.A.",台塑集團關係企業 FPC USA 德州 Point Comfort 主廠,郭文筆,1954/11/05,1964/07/27,63657407810,http://www.fpc.com.tw,高雄市仁武區水管路100號,https://www.fpcusa.com/content/uploads/2021/04/formosa-logo-stacked.png,1606962543,,D90,"DMR, Limited - Overdue",,,,,K,"Non-receipt Violation, Non-Monthly Average",10/20/2001,2,RE - Back into Compliance,06/10/2002,E,Effluent Violations,,,,,,,,,1,1600141665,001,1600141665,A,1,1651108991,0,1625977661,1610221798,,,0,82581,"pH range excursions, > 60 minutes",88,occur/d,08/31/2001,1,,,,06/10/2002,99,,1601848395,0,Q2,MP,N,MO TOTAL
1301,台灣塑膠工業股份有限公司,Formosa Plastics Corporation,FPC,塑膠工業,,"Formosa Plastics Corporation, U.S.A.",211--美國,,FORMOSA POINT COMFORT PLANT,201 FORMOSA DRIVE,POINT COMFORT,TX,77978,28.6825,-96.545278,1600028209,TX0085570,ECHO覆蓋率稽核,100,"Formosa Plastics Corporation, U.S.A.",台塑集團關係企業 FPC USA 德州 Point Comfort 主廠,郭文筆,1954/11/05,1964/07/27,63657407810,http://www.fpc.com.tw,高雄市仁武區水管路100號,https://www.fpcusa.com/content/uploads/2021/04/formosa-logo-stacked.png,3669924822,,E90,"DMR, Limited - Numeric Violation",,,,,,,,,,,E,Effluent Violations,,,,,,,,,0,3600742495,001,3600742495,A,1,3884718262,15,3789332398,3701346034,,,14,80082,"BOD, carbonaceous [5 day, 20 C]",19,mg/L,02/28/2023,1,7,=,19,03/20/2023,,,3601385598,15,C2,DB,A,DAILY AV
1301,台灣塑膠工業股份有限公司,Formosa Plastics Corporation,FPC,塑膠工業,,"Formosa Plastics Corporation, U.S.A.",211--美國,,FORMOSA POINT COMFORT PLANT,201 FORMOSA DRIVE,POINT COMFORT,TX,77978,28.6825,-96.545278,1600028209,TX0085570,ECHO覆蓋率稽核,100,"Formosa Plastics Corporation, U.S.A.",台塑集團關係企業 FPC USA 德州 Point Comfort 主廠,郭文筆,1954/11/05,1964/07/27,63657407810,http://www.fpc.com.tw,高雄市仁武區水管路100號,https://www.fpcusa.com/content/uploads/2021/04/formosa-logo-stacked.png,1606963413,,D90,"DMR, Limited - Overdue",,,,,K,"Non-receipt Violation, Non-Monthly Average",07/20/2006,2,RE - Back into Compliance,09/27/2006,E,Effluent Violations,,,,,,,,,2,1600141664,101,1600141664,Q,J,1651145146,0,1626021296,1610229029,,,3.28696,34657,"4,6-Dinitro-o-cresol",01,kg/d,05/31/2006,3,,,,09/27/2006,99,,1601848553,0,Q2,DD,N,DAILY MX
1301,台灣塑膠工業股份有限公司,Formosa Plastics Corporation,FPC,塑膠工業,,"Formosa Plastics Corporation, U.S.A.",211--美國,,FORMOSA POINT COMFORT PLANT,201 FORMOSA DRIVE,POINT COMFORT,TX,77978,28.6825,-96.545278,1600028209,TX0085570,ECHO覆蓋率稽核,100,"Formosa Plastics Corporation, U.S.A.",台塑集團關係企業 FPC USA 德州 Point Comfort 主廠,郭文筆,1954/11/05,1964/07/27,63657407810,http://www.fpc.com.tw,高雄市仁武區水管路100號,https://www.fpcusa.com/content/uploads/2021/04/formosa-logo-stacked.png,1606963615,,D80,"DMR, Monitor Only - Overdue",,,,,,,,,,,E,Effluent Violations,,,,,,,,,2,1600141664,TX1,1600141664,Q,1,1651154758,0,1626028823,1610230951,,,,TLP6B,Low Flow Pass/Fail Survival Test Static Renewal 7 Day Chronic Menidia menidia,9A,pass=0;fail=1,03/31/2006,3,,,,09/27/2006,99,,1601848628,0,C2,MJ,,MO AV MN
1301,台灣塑膠工業股份有限公司,Formosa Plastics Corporation,FPC,塑膠工業,,"Formosa Plastics Corporation, U.S.A.",211--美國,,FORMOSA POINT COMFORT PLANT,201 FORMOSA DRIVE,POINT COMFORT,TX,77978,28.6825,-96.545278,1600028209,TX0085570,ECHO覆蓋率稽核,100,"Formosa Plastics Corporation, U.S.A.",台塑集團關係企業 FPC USA 德州 Point Comfort 主廠,郭文筆,1954/11/05,1964/07/27,63657407810,http://www.fpc.com.tw,高雄市仁武區水管路100號,https://www.fpcusa.com/content/uploads/2021/04/formosa-logo-stacked.png,1606963755,,D90,"DMR, Limited - Overdue",,,,,K,"Non-receipt Violation, Non-Monthly Average",05/20/2006,2,RE - Back into Compliance,09/27/2006,E,Effluent Violations,,,,,,,,,2,1600141664,TXA,1600141664,Q,1,1651155518,100,1626029488,1610231103,,,100,22414,Whole effluent toxicity,23,%,03/31/2006,3,,,,09/27/2006,99,,1601848656,100,C2,SA,N,SINGSAMP
1301,台灣塑膠工業股份有限公司,Formosa Plastics Corporation,FPC,塑膠工業,,"Formosa Plastics Corporation, U.S.A.",211--美國,,FORMOSA POINT COMFORT PLANT,201 FORMOSA DRIVE,POINT COMFORT,TX,77978,28.6825,-96.545278,1600028209,TX0085570,ECHO覆蓋率稽核,100,"Formosa Plastics Corporation, U.S.A.",台塑集團關係企業 FPC USA 德州 Point Comfort 主廠,郭文筆,1954/11/05,1964/07/27,63657407810,http://www.fpc.com.tw,高雄市仁武區水管路100號,https://www.fpcusa.com/content/uploads/2021/04/formosa-logo-stacked.png,1606962603,,D90,"DMR, Limited - Overdue",,,,,K,"Non-receipt Violation, Non-Monthly Average",03/22/2002,2,RE - Back into Compliance,06/10/2002,E,Effluent Violations,,,,,,,,,1,1600141665,001,1600141665,A,1,1651109266,0,1625978291,1610221853,,,.309524,82582,"pH range excursions, monthly total accum",5A,d,01/31/2002,1,,,,06/10/2002,99,,1601848396,0,Q2,MP,N,MO TOTAL
1301,台灣塑膠工業股份有限公司,Formosa Plastics Corporation,FPC,塑膠工業,,"Formosa Plastics Corporation, U.S.A.",211--美國,,FORMOSA POINT COMFORT PLANT,201 FORMOSA DRIVE,POINT COMFORT,TX,77978,28.6825,-96.545278,1600028209,TX0085570,ECHO覆蓋率稽核,100,"Formosa Plastics Corporation, U.S.A.",台塑集團關係企業 FPC USA 德州 Point Comfort 主廠,郭文筆,1954/11/05,1964/07/27,63657407810,http://www.fpc.com.tw,高雄市仁武區水管路100號,https://www.fpcusa.com/content/uploads/2021/04/formosa-logo-stacked.png,1606963675,,D80,"DMR, Monitor Only - Overdue",,,,,,,,,,,E,Effluent Violations,,,,,,,,,2,1600141664,TX1,1600141664,Q,1,1651154763,0,1626028883,1610230952,,,,TLP6B,Low Flow Pass/Fail Survival Test Static Renewal 7 Day Chronic Menidia menidia,9A,pass=0;fail=1,06/30/2006,3,,,,09/27/2006,69,,1601848628,0,C2,MJ,,MO AV MN
1301,台灣塑膠工業股份有限公司,Formosa Plastics Corporation,FPC,塑膠工業,,"Formosa Plastics Corporation, U.S.A.",211--美國,,FORMOSA POINT COMFORT PLANT,201 FORMOSA DRIVE,POINT COMFORT,TX,77978,28.6825,-96.545278,1600028209,TX0085570,ECHO覆蓋率稽核,100,"Formosa Plastics Corporation, U.S.A.",台塑集團關係企業 FPC USA 德州 Point Comfort 主廠,郭文筆,1954/11/05,1964/07/27,63657407810,http://www.fpc.com.tw,高雄市仁武區水管路100號,https://www.fpcusa.com/content/uploads/2021/04/formosa-logo-stacked.png,1606962805,,D80,"DMR, Monitor Only - Overdue",,,,,N,Non-Receipt of DMR/Schedule Report,09/19/2001,2,RE - Back into Compliance,11/02/2001,E,Effluent Violations,,,,,,,,,1,1600141665,101,1600141665,A,J,1651137318,0,1626008888,1610227463,,,,00310,"BOD, 5-day, 20 deg. C",19,mg/L,07/31/2001,1,,,,11/02/2001,74,,1601848499,0,C2,DB,A,DAILY AV
1301,台灣塑膠工業股份有限公司,Formosa Plastics Corporation,FPC,塑膠工業,,"Formosa Plastics Corporation, U.S.A.",211--美國,,FORMOSA POINT COMFORT PLANT,201 FORMOSA DRIVE,POINT COMFORT,TX,77978,28.6825,-96.545278,1600028209,TX0085570,ECHO覆蓋率稽核,100,"Formosa Plastics Corporation, U.S.A.",台塑集團關係企業 FPC USA 德州 Point Comfort 主廠,郭文筆,1954/11/05,1964/07/27,63657407810,http://www.fpc.com.tw,高雄市仁武區水管路100號,https://www.fpcusa.com/content/uploads/2021/04/formosa-logo-stacked.png,1606963609,,D80,"DMR, Monitor Only - Overdue",,,,,,,,,,,E,Effluent Violations,,,,,,,,,2,1600141664,TX1,1600141664,Q,1,1651154737,0,1626028817,1610230947,,,,TLP3E,Low Flow Pass/Fail Survival Test Static Renewal 7 Day Chronic Americamysis bahia (Mysidopsis bahia),9A,pass=0;fail=1,03/31/2006,3,,,,09/27/2006,99,,1601848627,0,C1,7D,,7 DA MIN
1301,台灣塑膠工業股份有限公司,Formosa Plastics Corporation,FPC,塑膠工業,,"Formosa Plastics Corporation, U.S.A.",211--美國,,FORMOSA POINT COMFORT PLANT,201 FORMOSA DRIVE,POINT COMFORT,TX,77978,28.6825,-96.545278,1600028209,TX0085570,ECHO覆蓋率稽核,100,"Formosa Plastics Corporation, U.S.A.",台塑集團關係企業 FPC USA 德州 Point Comfort 主廠,郭文筆,1954/11/05,1964/07/27,63657407810,http://www.fpc.com.tw,高雄市仁武區水管路100號,https://www.fpcusa.com/content/uploads/2021/04/formosa-logo-stacked.png,3617140765,,E90,"DMR, Limited - Numeric Violation",,,,,,,,,,,E,Effluent Violations,,,,,,,,,0,3600742495,201,3600742495,A,J,3605961115,243,3634830541,3619640885,,,107.598,00310,"BOD, 5-day, 20 deg. C",01,kg/d,01/31/2017,1,3,=,26,02/17/2017,,,3601385726,110.32199907,Q1,DB,A,DAILY AV
1301,台灣塑膠工業股份有限公司,Formosa Plastics Corporation,FPC,塑膠工業,,"Formosa Plastics Corporation, U.S.A.",211--美國,,FORMOSA POINT COMFORT PLANT,201 FORMOSA DRIVE,POINT COMFORT,TX,77978,28.6825,-96.545278,1600028209,TX0085570,ECHO覆蓋率稽核,100,"Formosa Plastics Corporation, U.S.A.",台塑集團關係企業 FPC USA 德州 Point Comfort 主廠,郭文筆,1954/11/05,1964/07/27,63657407810,http://www.fpc.com.tw,高雄市仁武區水管路100號,https://www.fpcusa.com/content/uploads/2021/04/formosa-logo-stacked.png,1606963018,,E90,"DMR, Limited - Numeric Violation",,,,,,,,,,,E,Effluent Violations,,,,,,,,,1,1600141665,101,1600141665,A,J,1651140986,2.16,1626012011,1610228197,,,.30872,34694,Phenol,01,kg/d,05/31/2004,1,218,,,06/22/2004,2,,1601848513,.98064,Q2,DD,N,DAILY MX
1301,台灣塑膠工業股份有限公司,Formosa Plastics Corporation,FPC,塑膠工業,,"Formosa Plastics Corporation, U.S.A.",211--美國,,FORMOSA POINT COMFORT PLANT,201 FORMOSA DRIVE,POINT COMFORT,TX,77978,28.6825,-96.545278,1600028209,TX0085570,ECHO覆蓋率稽核,100,"Formosa Plastics Corporation, U.S.A.",台塑集團關係企業 FPC USA 德州 Point Comfort 主廠,郭文筆,1954/11/05,1964/07/27,63657407810,http://www.fpc.com.tw,高雄市仁武區水管路100號,https://www.fpcusa.com/content/uploads/2021/04/formosa-logo-stacked.png,1606963307,,D90,"DMR, Limited - Overdue",,,,,N,Non-Receipt of DMR/Schedule Report,07/20/2006,2,RE - Back into Compliance,09/27/2006,E,Effluent Violations,,,,,,,,,2,1600141664,101,1600141664,Q,J,1651143150,0,1626021190,1610228630,,,.2497,34396,Hexachloroethane,01,kg/d,05/31/2006,3,,,,09/27/2006,99,,1601848532,0,Q1,DB,A,DAILY AV
1301,台灣塑膠工業股份有限公司,Formosa Plastics Corporation,FPC,塑膠工業,,"Formosa Plastics Corporation, U.S.A.",211--美國,,FORMOSA POINT COMFORT PLANT,201 FORMOSA DRIVE,POINT COMFORT,TX,77978,28.6825,-96.545278,1600028209,TX0085570,ECHO覆蓋率稽核,100,"Formosa Plastics Corporation, U.S.A.",台塑集團關係企業 FPC USA 德州 Point Comfort 主廠,郭文筆,1954/11/05,1964/07/27,63657407810,http://www.fpc.com.tw,高雄市仁武區水管路100號,https://www.fpcusa.com/content/uploads/2021/04/formosa-logo-stacked.png,3660476241,,E90,"DMR, Limited - Numeric Violation",,,,,,,,,,,E,Effluent Violations,,,,,,,,,0,3600742495,201,3600742495,A,J,3836261420,1723,3746189869,3678067621,,,215.196,00310,"BOD, 5-day, 20 deg. C",01,kg/d,07/31/2021,1,264,=,26,08/20/2021,,,3601385726,782.24199343,Q2,DD,N,DAILY MX
1301,台灣塑膠工業股份有限公司,Formosa Plastics Corporation,FPC,塑膠工業,,"Formosa Plastics Corporation, U.S.A.",211--美國,,FORMOSA POINT COMFORT PLANT,201 FORMOSA DRIVE,POINT COMFORT,TX,77978,28.6825,-96.545278,1600028209,TX0085570,ECHO覆蓋率稽核,100,"Formosa Plastics Corporation, U.S.A.",台塑集團關係企業 FPC USA 德州 Point Comfort 主廠,郭文筆,1954/11/05,1964/07/27,63657407810,http://www.fpc.com.tw,高雄市仁武區水管路100號,https://www.fpcusa.com/content/uploads/2021/04/formosa-logo-stacked.png,1606963303,,D90,"DMR, Limited - Overdue",,,,,K,"Non-receipt Violation, Non-Monthly Average",07/20/2006,2,RE - Back into Compliance,09/27/2006,E,Effluent Violations,,,,,,,,,2,1600141664,101,1600141664,Q,J,1651143056,0,1626021186,1610228611,,,.58112,34391,Hexachlorobutadiene,01,kg/d,05/31/2006,3,,,,09/27/2006,99,,1601848531,0,Q2,DD,N,DAILY MX
1301,台灣塑膠工業股份有限公司,Formosa Plastics Corporation,FPC,塑膠工業,,"Formosa Plastics Corporation, U.S.A.",211--美國,,FORMOSA POINT COMFORT PLANT,201 FORMOSA DRIVE,POINT COMFORT,TX,77978,28.6825,-96.545278,1600028209,TX0085570,ECHO覆蓋率稽核,100,"Formosa Plastics Corporation, U.S.A.",台塑集團關係企業 FPC USA 德州 Point Comfort 主廠,郭文筆,1954/11/05,1964/07/27,63657407810,http://www.fpc.com.tw,高雄市仁武區水管路100號,https://www.fpcusa.com/content/uploads/2021/04/formosa-logo-stacked.png,1606963243,,D90,"DMR, Limited - Overdue",,,,,K,"Non-receipt Violation, Non-Monthly Average",07/20/2006,2,RE - Back into Compliance,09/27/2006,E,Effluent Violations,,,,,,,,,2,1600141664,101,1600141664,Q,J,1651142011,0,1626021126,1610228402,,,2.86928,34215,Acrylonitrile,01,kg/d,05/31/2006,3,,,,09/27/2006,99,,1601848519,0,Q2,DD,N,DAILY MX
1301,台灣塑膠工業股份有限公司,Formosa Plastics Corporation,FPC,塑膠工業,,"Formosa Plastics Corporation, U.S.A.",211--美國,,FORMOSA POINT COMFORT PLANT,201 FORMOSA DRIVE,POINT COMFORT,TX,77978,28.6825,-96.545278,1600028209,TX0085570,ECHO覆蓋率稽核,100,"Formosa Plastics Corporation, U.S.A.",台塑集團關係企業 FPC USA 德州 Point Comfort 主廠,郭文筆,1954/11/05,1964/07/27,63657407810,http://www.fpc.com.tw,高雄市仁武區水管路100號,https://www.fpcusa.com/content/uploads/2021/04/formosa-logo-stacked.png,1606962751,,E90,"DMR, Limited - Numeric Violation",,,,,,,,,,,E,Effluent Violations,,,,,,,,,1,1600141665,010,1600141665,A,1,1651128164,9.7,1626005064,1610225632,,,9,00400,pH,12,SU,06/30/2004,1,,,,07/28/2004,8,,1601848466,9.7,C3,MB,N,MAXIMUM
1301,台灣塑膠工業股份有限公司,Formosa Plastics Corporation,FPC,塑膠工業,,"Formosa Plastics Corporation, U.S.A.",211--美國,,FORMOSA POINT COMFORT PLANT,201 FORMOSA DRIVE,POINT COMFORT,TX,77978,28.6825,-96.545278,1600028209,TX0085570,ECHO覆蓋率稽核,100,"Formosa Plastics Corporation, U.S.A.",台塑集團關係企業 FPC USA 德州 Point Comfort 主廠,郭文筆,1954/11/05,1964/07/27,63657407810,http://www.fpc.com.tw,高雄市仁武區水管路100號,https://www.fpcusa.com/content/uploads/2021/04/formosa-logo-stacked.png,1606963560,,D80,"DMR, Monitor Only - Overdue",,,,,,,,,,,E,Effluent Violations,,,,,,,,,2,1600141664,TX1,1600141664,Q,1,1651154773,13,1626028768,1610230954,,,,TOP3E,NOEC Lethal Static Renewal 7 Day Chronic Americamysis bahia (formerly Mysidopsis bahia),23,%,12/31/2005,3,,,,09/27/2006,99,,1601848629,13,C2,MJ,,MO AV MN
1301,台灣塑膠工業股份有限公司,Formosa Plastics Corporation,FPC,塑膠工業,,"Formosa Plastics Corporation, U.S.A.",211--美國,,FORMOSA POINT COMFORT PLANT,201 FORMOSA DRIVE,POINT COMFORT,TX,77978,28.6825,-96.545278,1600028209,TX0085570,ECHO覆蓋率稽核,100,"Formosa Plastics Corporation, U.S.A.",台塑集團關係企業 FPC USA 德州 Point Comfort 主廠,郭文筆,1954/11/05,1964/07/27,63657407810,http://www.fpc.com.tw,高雄市仁武區水管路100號,https://www.fpcusa.com/content/uploads/2021/04/formosa-logo-stacked.png,1606962821,,D80,"DMR, Monitor Only - Overdue",,,,,K,"Non-receipt Violation, Non-Monthly Average",09/19/2001,2,RE - Back into Compliance,11/02/2001,E,Effluent Violations,,,,,,,,,1,1600141665,101,1600141665,A,J,1651138069,4,1626008904,1610227613,,,,00530,"Solids, total suspended",19,mg/L,07/31/2001,1,,,,11/02/2001,74,,1601848502,4,C3,DD,N,DAILY MX
1301,台灣塑膠工業股份有限公司,Formosa Plastics Corporation,FPC,塑膠工業,,"Formosa Plastics Corporation, U.S.A.",211--美國,,FORMOSA POINT COMFORT PLANT,201 FORMOSA DRIVE,POINT COMFORT,TX,77978,28.6825,-96.545278,1600028209,TX0085570,ECHO覆蓋率稽核,100,"Formosa Plastics Corporation, U.S.A.",台塑集團關係企業 FPC USA 德州 Point Comfort 主廠,郭文筆,1954/11/05,1964/07/27,63657407810,http://www.fpc.com.tw,高雄市仁武區水管路100號,https://www.fpcusa.com/content/uploads/2021/04/formosa-logo-stacked.png,3001159608,,D90,"DMR, Limited - Overdue",,,,,K,"Non-receipt Violation, Non-Monthly Average",10/21/2012,2,RE - Back into Compliance,11/06/2012,E,Effluent Violations,,,,,,,,,2,1600141664,002,1600141664,A,1,2201922453,,3006967884,3003786902,C,,9,00400,pH,12,SU,08/31/2012,1,,,,11/06/2012,47,,1601848399,,C3,MB,N,MAXIMUM
1301,台灣塑膠工業股份有限公司,Formosa Plastics Corporation,FPC,塑膠工業,,"Formosa Plastics Corporation, U.S.A.",211--美國,,FORMOSA POINT COMFORT PLANT,201 FORMOSA DRIVE,POINT COMFORT,TX,77978,28.6825,-96.545278,1600028209,TX0085570,ECHO覆蓋率稽核,100,"Formosa Plastics Corporation, U.S.A.",台塑集團關係企業 FPC USA 德州 Point Comfort 主廠,郭文筆,1954/11/05,1964/07/27,63657407810,http://www.fpc.com.tw,高雄市仁武區水管路100號,https://www.fpcusa.com/content/uploads/2021/04/formosa-logo-stacked.png,1606962706,,D90,"DMR, Limited - Overdue",,,,,K,"Non-receipt Violation, Non-Monthly Average",08/19/2001,2,RE - Back into Compliance,11/02/2001,E,Effluent Violations,,,,,,,,,1,1600141665,003,1600141665,A,1,1651114109,7,1625991709,1610222821,,,15,00556,Oil & Grease,19,mg/L,06/30/2001,1,,,,11/02/2001,99,,1601848415,7,C3,DD,N,DAILY MX
1301,台灣塑膠工業股份有限公司,Formosa Plastics Corporation,FPC,塑膠工業,,"Formosa Plastics Corporation, U.S.A.",211--美國,,FORMOSA POINT COMFORT PLANT,201 FORMOSA DRIVE,POINT COMFORT,TX,77978,28.6825,-96.545278,1600028209,TX0085570,ECHO覆蓋率稽核,100,"Formosa Plastics Corporation, U.S.A.",台塑集團關係企業 FPC USA 德州 Point Comfort 主廠,郭文筆,1954/11/05,1964/07/27,63657407810,http://www.fpc.com.tw,高雄市仁武區水管路100號,https://www.fpcusa.com/content/uploads/2021/04/formosa-logo-stacked.png,3642423758,,E90,"DMR, Limited - Numeric Violation",,,,,,,,,,,E,Effluent Violations,,,,,,,,,0,3600742495,101,3600742495,A,J,3650131178,5561,3695917475,3651761878,,,1695.69,00530,"Solids, total suspended",01,kg/d,07/31/2019,1,49,=,26,08/20/2019,,,3601385671,2524.69397879,Q2,DD,N,DAILY MX
1301,台灣塑膠工業股份有限公司,Formosa Plastics Corporation,FPC,塑膠工業,,"Formosa Plastics Corporation, U.S.A.",211--美國,,FORMOSA POINT COMFORT PLANT,201 FORMOSA DRIVE,POINT COMFORT,TX,77978,28.6825,-96.545278,1600028209,TX0085570,ECHO覆蓋率稽核,100,"Formosa Plastics Corporation, U.S.A.",台塑集團關係企業 FPC USA 德州 Point Comfort 主廠,郭文筆,1954/11/05,1964/07/27,63657407810,http://www.fpc.com.tw,高雄市仁武區水管路100號,https://www.fpcusa.com/content/uploads/2021/04/formosa-logo-stacked.png,1606962810,,D80,"DMR, Monitor Only - Overdue",,,,,N,Non-Receipt of DMR/Schedule Report,09/19/2001,2,RE - Back into Compliance,11/02/2001,E,Effluent Violations,,,,,,,,,1,1600141665,101,1600141665,A,J,1651137568,37,1626008893,1610227513,,,,00340,"Oxygen demand, chem. [high level] [COD]",19,mg/L,07/31/2001,1,,,,11/02/2001,74,,1601848500,37,C2,DB,A,DAILY AV
1301,台灣塑膠工業股份有限公司,Formosa Plastics Corporation,FPC,塑膠工業,,"Formosa Plastics Corporation, U.S.A.",211--美國,,FORMOSA POINT COMFORT PLANT,201 FORMOSA DRIVE,POINT COMFORT,TX,77978,28.6825,-96.545278,1600028209,TX0085570,ECHO覆蓋率稽核,100,"Formosa Plastics Corporation, U.S.A.",台塑集團關係企業 FPC USA 德州 Point Comfort 主廠,郭文筆,1954/11/05,1964/07/27,63657407810,http://www.fpc.com.tw,高雄市仁武區水管路100號,https://www.fpcusa.com/content/uploads/2021/04/formosa-logo-stacked.png,3400434843,,D90,"DMR, Limited - Overdue",,,,,K,"Non-receipt Violation, Non-Monthly Average",01/20/2013,2,RE - Back into Compliance,02/28/2013,E,Effluent Violations,,,,,,,,,2,1600141664,006,1600141664,A,1,2614040036,,3403618258,3402016451,C,,55,00680,"Carbon, tot organic [TOC]",19,mg/L,11/30/2012,1,,,,02/28/2013,70,,1601848441,,C3,DD,N,DAILY MX
1301,台灣塑膠工業股份有限公司,Formosa Plastics Corporation,FPC,塑膠工業,,"Formosa Plastics Corporation, U.S.A.",211--美國,,FORMOSA POINT COMFORT PLANT,201 FORMOSA DRIVE,POINT COMFORT,TX,77978,28.6825,-96.545278,1600028209,TX0085570,ECHO覆蓋率稽核,100,"Formosa Plastics Corporation, U.S.A.",台塑集團關係企業 FPC USA 德州 Point Comfort 主廠,郭文筆,1954/11/05,1964/07/27,63657407810,http://www.fpc.com.tw,高雄市仁武區水管路100號,https://www.fpcusa.com/content/uploads/2021/04/formosa-logo-stacked.png,3637522031,,E90,"DMR, Limited - Numeric Violation",,,,,,,,,,,E,Effluent Violations,,,,,,,,,0,3600742495,001,3600742495,Q,1,3671368308,692.4,3669664181,3637427671,,,.00000008,34675,"2,3,7,8-Tetrachlorodibenzo-p-dioxin",01,kg/d,05/31/2018,3,763,=,2U,06/20/2018,,,3601386409,.00000069,Q1,DB,A,DAILY AV
1301,台灣塑膠工業股份有限公司,Formosa Plastics Corporation,FPC,塑膠工業,,"Formosa Plastics Corporation, U.S.A.",211--美國,,FORMOSA POINT COMFORT PLANT,201 FORMOSA DRIVE,POINT COMFORT,TX,77978,28.6825,-96.545278,1600028209,TX0085570,ECHO覆蓋率稽核,100,"Formosa Plastics Corporation, U.S.A.",台塑集團關係企業 FPC USA 德州 Point Comfort 主廠,郭文筆,1954/11/05,1964/07/27,63657407810,http://www.fpc.com.tw,高雄市仁武區水管路100號,https://www.fpcusa.com/content/uploads/2021/04/formosa-logo-stacked.png,1606963469,,D90,"DMR, Limited - Overdue",,,,,,,,,,,E,Effluent Violations,,,,,,,,,1,1600141665,201,1600141665,A,J,1651152737,7.1,1626023987,1610230547,,,6,00400,pH,12,SU,07/31/2001,1,,,,11/02/2001,74,,1601848619,7.1,C1,ME,,MINIMUM
1301,台灣塑膠工業股份有限公司,Formosa Plastics Corporation,FPC,塑膠工業,,"Formosa Plastics Corporation, U.S.A.",211--美國,,FORMOSA POINT COMFORT PLANT,201 FORMOSA DRIVE,POINT COMFORT,TX,77978,28.6825,-96.545278,1600028209,TX0085570,ECHO覆蓋率稽核,100,"Formosa Plastics Corporation, U.S.A.",台塑集團關係企業 FPC USA 德州 Point Comfort 主廠,郭文筆,1954/11/05,1964/07/27,63657407810,http://www.fpc.com.tw,高雄市仁武區水管路100號,https://www.fpcusa.com/content/uploads/2021/04/formosa-logo-stacked.png,1606963599,,D80,"DMR, Monitor Only - Overdue",,,,,,,,,,,E,Effluent Violations,,,,,,,,,2,1600141664,TX1,1600141664,Q,1,1651154932,,1626028807,1610230986,Q,,,TYP3E,LOEC Sub-Lethal Reproduction Static Renewal 7 Day Chronic Americamysis bahia (Mysidopsis bahia),23,%,12/31/2005,3,,,,09/27/2006,,,1601848637,,C1,7D,,7 DA MIN
1301,台灣塑膠工業股份有限公司,Formosa Plastics Corporation,FPC,塑膠工業,,"Formosa Plastics Corporation, U.S.A.",211--美國,,FORMOSA POINT COMFORT PLANT,201 FORMOSA DRIVE,POINT COMFORT,TX,77978,28.6825,-96.545278,1600028209,TX0085570,ECHO覆蓋率稽核,100,"Formosa Plastics Corporation, U.S.A.",台塑集團關係企業 FPC USA 德州 Point Comfort 主廠,郭文筆,1954/11/05,1964/07/27,63657407810,http://www.fpc.com.tw,高雄市仁武區水管路100號,https://www.fpcusa.com/content/uploads/2021/04/formosa-logo-stacked.png,1606963492,,D80,"DMR, Monitor Only - Overdue",,,,,N,Non-Receipt of DMR/Schedule Report,09/19/2001,2,RE - Back into Compliance,11/02/2001,E,Effluent Violations,,,,,,,,,1,1600141665,201,1600141665,A,J,1651153985,0,1626024010,1610230797,,,,01152,"Titanium, total [as Ti]",01,kg/d,07/31/2001,1,,,,11/02/2001,74,,1601848624,0,Q1,DB,A,DAILY AV
1301,台灣塑膠工業股份有限公司,Formosa Plastics Corporation,FPC,塑膠工業,,"Formosa Plastics Corporation, U.S.A.",211--美國,,FORMOSA POINT COMFORT PLANT,201 FORMOSA DRIVE,POINT COMFORT,TX,77978,28.6825,-96.545278,1600028209,TX0085570,ECHO覆蓋率稽核,100,"Formosa Plastics Corporation, U.S.A.",台塑集團關係企業 FPC USA 德州 Point Comfort 主廠,郭文筆,1954/11/05,1964/07/27,63657407810,http://www.fpc.com.tw,高雄市仁武區水管路100號,https://www.fpcusa.com/content/uploads/2021/04/formosa-logo-stacked.png,1606963614,,D80,"DMR, Monitor Only - Overdue",,,,,,,,,,,E,Effluent Violations,,,,,,,,,2,1600141664,TX1,1600141664,Q,1,1651154757,0,1626028822,1610230951,,,,TLP6B,Low Flow Pass/Fail Survival Test Static Renewal 7 Day Chronic Menidia menidia,9A,pass=0;fail=1,03/31/2006,3,,,,09/27/2006,99,,1601848628,0,C1,7D,,7 DA MIN
1301,台灣塑膠工業股份有限公司,Formosa Plastics Corporation,FPC,塑膠工業,,"Formosa Plastics Corporation, U.S.A.",211--美國,,FORMOSA POINT COMFORT PLANT,201 FORMOSA DRIVE,POINT COMFORT,TX,77978,28.6825,-96.545278,1600028209,TX0085570,ECHO覆蓋率稽核,100,"Formosa Plastics Corporation, U.S.A.",台塑集團關係企業 FPC USA 德州 Point Comfort 主廠,郭文筆,1954/11/05,1964/07/27,63657407810,http://www.fpc.com.tw,高雄市仁武區水管路100號,https://www.fpcusa.com/content/uploads/2021/04/formosa-logo-stacked.png,1606963282,,D90,"DMR, Limited - Overdue",,,,,N,Non-Receipt of DMR/Schedule Report,07/20/2006,2,RE - Back into Compliance,09/27/2006,E,Effluent Violations,,,,,,,,,2,1600141664,101,1600141664,Q,J,1651142675,0,1626021165,1610228535,,,.227,34341,Dimethyl phthalate,01,kg/d,05/31/2006,3,,,,09/27/2006,99,,1601848527,0,Q1,DB,A,DAILY AV
1301,台灣塑膠工業股份有限公司,Formosa Plastics Corporation,FPC,塑膠工業,,"Formosa Plastics Corporation, U.S.A.",211--美國,,FORMOSA POINT COMFORT PLANT,201 FORMOSA DRIVE,POINT COMFORT,TX,77978,28.6825,-96.545278,1600028209,TX0085570,ECHO覆蓋率稽核,100,"Formosa Plastics Corporation, U.S.A.",台塑集團關係企業 FPC USA 德州 Point Comfort 主廠,郭文筆,1954/11/05,1964/07/27,63657407810,http://www.fpc.com.tw,高雄市仁武區水管路100號,https://www.fpcusa.com/content/uploads/2021/04/formosa-logo-stacked.png,3661471130,,E90,"DMR, Limited - Numeric Violation",,,,,,,,,,,E,Effluent Violations,,,,,,,,,0,3600742495,002,3600742495,A,1,3836228330,2.2,3748755216,3679294718,,,.4,32103,"1,2-Dichloroethane",19,mg/L,08/31/2021,1,450,=,19,09/17/2021,,,3601385620,2.2,C3,DD,N,DAILY MX
1301,台灣塑膠工業股份有限公司,Formosa Plastics Corporation,FPC,塑膠工業,,"Formosa Plastics Corporation, U.S.A.",211--美國,,FORMOSA POINT COMFORT PLANT,201 FORMOSA DRIVE,POINT COMFORT,TX,77978,28.6825,-96.545278,1600028209,TX0085570,ECHO覆蓋率稽核,100,"Formosa Plastics Corporation, U.S.A.",台塑集團關係企業 FPC USA 德州 Point Comfort 主廠,郭文筆,1954/11/05,1964/07/27,63657407810,http://www.fpc.com.tw,高雄市仁武區水管路100號,https://www.fpcusa.com/content/uploads/2021/04/formosa-logo-stacked.png,1606963042,,D90,"DMR, Limited - Overdue",,,,,N,Non-Receipt of DMR/Schedule Report,04/19/2006,2,RE - Back into Compliance,04/24/2006,E,Effluent Violations,,,,,,,,,2,1600141664,101,1600141664,Q,J,1651142195,0,1626020925,1610228439,,,.2724,34230,Benzo[b]fluoranthene,01,kg/d,02/28/2006,3,,,,04/24/2006,35,,1601848521,0,Q1,DB,A,DAILY AV
1301,台灣塑膠工業股份有限公司,Formosa Plastics Corporation,FPC,塑膠工業,,"Formosa Plastics Corporation, U.S.A.",211--美國,,FORMOSA POINT COMFORT PLANT,201 FORMOSA DRIVE,POINT COMFORT,TX,77978,28.6825,-96.545278,1600028209,TX0085570,ECHO覆蓋率稽核,100,"Formosa Plastics Corporation, U.S.A.",台塑集團關係企業 FPC USA 德州 Point Comfort 主廠,郭文筆,1954/11/05,1964/07/27,63657407810,http://www.fpc.com.tw,高雄市仁武區水管路100號,https://www.fpcusa.com/content/uploads/2021/04/formosa-logo-stacked.png,1606963148,,D90,"DMR, Limited - Overdue",,,,,K,"Non-receipt Violation, Non-Monthly Average",04/19/2006,2,RE - Back into Compliance,04/24/2006,E,Effluent Violations,,,,,,,,,2,1600141664,101,1600141664,Q,J,1651144096,0,1626021031,1610228819,,,1.66164,34551,"1,2,4-Trichlorobenzene",01,kg/d,02/28/2006,3,,,,04/24/2006,35,,1601848542,0,Q2,DD,N,DAILY MX
1301,台灣塑膠工業股份有限公司,Formosa Plastics Corporation,FPC,塑膠工業,,"Formosa Plastics Corporation, U.S.A.",211--美國,,FORMOSA POINT COMFORT PLANT,201 FORMOSA DRIVE,POINT COMFORT,TX,77978,28.6825,-96.545278,1600028209,TX0085570,ECHO覆蓋率稽核,100,"Formosa Plastics Corporation, U.S.A.",台塑集團關係企業 FPC USA 德州 Point Comfort 主廠,郭文筆,1954/11/05,1964/07/27,63657407810,http://www.fpc.com.tw,高雄市仁武區水管路100號,https://www.fpcusa.com/content/uploads/2021/04/formosa-logo-stacked.png,1606963268,,D90,"DMR, Limited - Overdue",,,,,K,"Non-receipt Violation, Non-Monthly Average",07/20/2006,2,RE - Back into Compliance,09/27/2006,E,Effluent Violations,,,,,,,,,2,1600141664,101,1600141664,Q,J,1651145716,0,1626021151,1610229143,,,3.178,85811,Chloroethane,01,kg/d,05/31/2006,3,,,,09/27/2006,99,,1601848524,0,Q2,DD,N,DAILY MX
1301,台灣塑膠工業股份有限公司,Formosa Plastics Corporation,FPC,塑膠工業,,"Formosa Plastics Corporation, U.S.A.",211--美國,,FORMOSA POINT COMFORT PLANT,201 FORMOSA DRIVE,POINT COMFORT,TX,77978,28.6825,-96.545278,1600028209,TX0085570,ECHO覆蓋率稽核,100,"Formosa Plastics Corporation, U.S.A.",台塑集團關係企業 FPC USA 德州 Point Comfort 主廠,郭文筆,1954/11/05,1964/07/27,63657407810,http://www.fpc.com.tw,高雄市仁武區水管路100號,https://www.fpcusa.com/content/uploads/2021/04/formosa-logo-stacked.png,1606962568,,D90,"DMR, Limited - Overdue",,,,,K,"Non-receipt Violation, Non-Monthly Average",12/20/2001,2,RE - Back into Compliance,06/10/2002,E,Effluent Violations,,,,,,,,,1,1600141665,001,1600141665,A,1,1651109001,0,1625977911,1610221800,,,0,82581,"pH range excursions, > 60 minutes",88,occur/d,10/31/2001,1,,,,06/10/2002,99,,1601848395,0,Q2,MP,N,MO TOTAL
1301,台灣塑膠工業股份有限公司,Formosa Plastics Corporation,FPC,塑膠工業,,"Formosa Plastics Corporation, U.S.A.",211--美國,,FORMOSA POINT COMFORT PLANT,201 FORMOSA DRIVE,POINT COMFORT,TX,77978,28.6825,-96.545278,1600028209,TX0085570,ECHO覆蓋率稽核,100,"Formosa Plastics Corporation, U.S.A.",台塑集團關係企業 FPC USA 德州 Point Comfort 主廠,郭文筆,1954/11/05,1964/07/27,63657407810,http://www.fpc.com.tw,高雄市仁武區水管路100號,https://www.fpcusa.com/content/uploads/2021/04/formosa-logo-stacked.png,1606963610,,D80,"DMR, Monitor Only - Overdue",,,,,,,,,,,E,Effluent Violations,,,,,,,,,2,1600141664,TX1,1600141664,Q,1,1651154738,0,1626028818,1610230947,,,,TLP3E,Low Flow Pass/Fail Survival Test Static Renewal 7 Day Chronic Americamysis bahia (Mysidopsis bahia),9A,pass=0;fail=1,03/31/2006,3,,,,09/27/2006,99,,1601848627,0,C2,MJ,,MO AV MN
1301,台灣塑膠工業股份有限公司,Formosa Plastics Corporation,FPC,塑膠工業,,"Formosa Plastics Corporation, U.S.A.",211--美國,,FORMOSA POINT COMFORT PLANT,201 FORMOSA DRIVE,POINT COMFORT,TX,77978,28.6825,-96.545278,1600028209,TX0085570,ECHO覆蓋率稽核,100,"Formosa Plastics Corporation, U.S.A.",台塑集團關係企業 FPC USA 德州 Point Comfort 主廠,郭文筆,1954/11/05,1964/07/27,63657407810,http://www.fpc.com.tw,高雄市仁武區水管路100號,https://www.fpcusa.com/content/uploads/2021/04/formosa-logo-stacked.png,1606963312,,D90,"DMR, Limited - Overdue",,,,,N,Non-Receipt of DMR/Schedule Report,07/20/2006,2,RE - Back into Compliance,09/27/2006,E,Effluent Violations,,,,,,,,,2,1600141664,101,1600141664,Q,J,1651143245,0,1626021195,1610228649,,,.32234,34447,Nitrobenzene,01,kg/d,05/31/2006,3,,,,09/27/2006,99,,1601848533,0,Q1,DB,A,DAILY AV
1301,台灣塑膠工業股份有限公司,Formosa Plastics Corporation,FPC,塑膠工業,,"Formosa Plastics Corporation, U.S.A.",211--美國,,FORMOSA POINT COMFORT PLANT,201 FORMOSA DRIVE,POINT COMFORT,TX,77978,28.6825,-96.545278,1600028209,TX0085570,ECHO覆蓋率稽核,100,"Formosa Plastics Corporation, U.S.A.",台塑集團關係企業 FPC USA 德州 Point Comfort 主廠,郭文筆,1954/11/05,1964/07/27,63657407810,http://www.fpc.com.tw,高雄市仁武區水管路100號,https://www.fpcusa.com/content/uploads/2021/04/formosa-logo-stacked.png,1606963107,,D90,"DMR, Limited - Overdue",,,,,N,Non-Receipt of DMR/Schedule Report,04/19/2006,2,RE - Back into Compliance,04/24/2006,E,Effluent Violations,,,,,,,,,2,1600141664,101,1600141664,Q,J,1651143335,0,1626020990,1610228667,,,.24062,34461,Phenanthrene,01,kg/d,02/28/2006,3,,,,04/24/2006,35,,1601848534,0,Q1,DB,A,DAILY AV
1301,台灣塑膠工業股份有限公司,Formosa Plastics Corporation,FPC,塑膠工業,,"Formosa Plastics Corporation, U.S.A.",211--美國,,FORMOSA POINT COMFORT PLANT,201 FORMOSA DRIVE,POINT COMFORT,TX,77978,28.6825,-96.545278,1600028209,TX0085570,ECHO覆蓋率稽核,100,"Formosa Plastics Corporation, U.S.A.",台塑集團關係企業 FPC USA 德州 Point Comfort 主廠,郭文筆,1954/11/05,1964/07/27,63657407810,http://www.fpc.com.tw,高雄市仁武區水管路100號,https://www.fpcusa.com/content/uploads/2021/04/formosa-logo-stacked.png,1606963539,,E90,"DMR, Limited - Numeric Violation",,,,,,,,,,,E,Effluent Violations,,,,,,,,,1,1600141665,TX1,1600141665,Q,1,1651155037,90,1626028742,1610231007,,,100,22414,Whole effluent toxicity,23,%,12/31/2004,3,10,,,01/24/2005,4,,1601848639,90,C1,2E,,24HR MIN
1301,台灣塑膠工業股份有限公司,Formosa Plastics Corporation,FPC,塑膠工業,,"Formosa Plastics Corporation, U.S.A.",211--美國,,FORMOSA POINT COMFORT PLANT,201 FORMOSA DRIVE,POINT COMFORT,TX,77978,28.6825,-96.545278,1600028209,TX0085570,ECHO覆蓋率稽核,100,"Formosa Plastics Corporation, U.S.A.",台塑集團關係企業 FPC USA 德州 Point Comfort 主廠,郭文筆,1954/11/05,1964/07/27,63657407810,http://www.fpc.com.tw,高雄市仁武區水管路100號,https://www.fpcusa.com/content/uploads/2021/04/formosa-logo-stacked.png,1606963162,,D90,"DMR, Limited - Overdue",,,,,N,Non-Receipt of DMR/Schedule Report,04/19/2006,2,RE - Back into Compliance,04/24/2006,E,Effluent Violations,,,,,,,,,2,1600141664,101,1600141664,Q,J,1651144380,0,1626021045,1610228876,,,.36774,34586,2-Chlorophenol,01,kg/d,02/28/2006,3,,,,04/24/2006,35,,1601848545,0,Q1,DB,A,DAILY AV
1301,台灣塑膠工業股份有限公司,Formosa Plastics Corporation,FPC,塑膠工業,,"Formosa Plastics Corporation, U.S.A.",211--美國,,FORMOSA POINT COMFORT PLANT,201 FORMOSA DRIVE,POINT COMFORT,TX,77978,28.6825,-96.545278,1600028209,TX0085570,ECHO覆蓋率稽核,100,"Formosa Plastics Corporation, U.S.A.",台塑集團關係企業 FPC USA 德州 Point Comfort 主廠,郭文筆,1954/11/05,1964/07/27,63657407810,http://www.fpc.com.tw,高雄市仁武區水管路100號,https://www.fpcusa.com/content/uploads/2021/04/formosa-logo-stacked.png,1606963705,,D80,"DMR, Monitor Only - Overdue",,,,,,,,,,,E,Effluent Violations,,,,,,,,,2,1600141664,TX1,1600141664,Q,1,1651154883,0,1626028913,1610230976,,,,TWP6B,Pass/Fail Sub-Lethal Static Renewal 7 Day Chronic Menidia menidia,9A,pass=0;fail=1,06/30/2006,3,,,,09/27/2006,69,,1601848634,0,C2,MJ,,MO AV MN
1301,台灣塑膠工業股份有限公司,Formosa Plastics Corporation,FPC,塑膠工業,,"Formosa Plastics Corporation, U.S.A.",211--美國,,FORMOSA POINT COMFORT PLANT,201 FORMOSA DRIVE,POINT COMFORT,TX,77978,28.6825,-96.545278,1600028209,TX0085570,ECHO覆蓋率稽核,100,"Formosa Plastics Corporation, U.S.A.",台塑集團關係企業 FPC USA 德州 Point Comfort 主廠,郭文筆,1954/11/05,1964/07/27,63657407810,http://www.fpc.com.tw,高雄市仁武區水管路100號,https://www.fpcusa.com/content/uploads/2021/04/formosa-logo-stacked.png,3405301661,,D90,"DMR, Limited - Overdue",,,,,K,"Non-receipt Violation, Non-Monthly Average",08/20/2014,9,RE - Manual by Back into Compliance/Administratively Resolved,10/10/2014,E,Effluent Violations,,,,,,,,,2,1600141664,011,1600141664,A,1,3401036161,,3422292798,3412626145,E,,15,00556,Oil & Grease,19,mg/L,06/30/2014,1,,,,07/17/2014,,,1601848470,,C3,DD,N,DAILY MX
1301,台灣塑膠工業股份有限公司,Formosa Plastics Corporation,FPC,塑膠工業,,"Formosa Plastics Corporation, U.S.A.",211--美國,,FORMOSA POINT COMFORT PLANT,201 FORMOSA DRIVE,POINT COMFORT,TX,77978,28.6825,-96.545278,1600028209,TX0085570,ECHO覆蓋率稽核,100,"Formosa Plastics Corporation, U.S.A.",台塑集團關係企業 FPC USA 德州 Point Comfort 主廠,郭文筆,1954/11/05,1964/07/27,63657407810,http://www.fpc.com.tw,高雄市仁武區水管路100號,https://www.fpcusa.com/content/uploads/2021/04/formosa-logo-stacked.png,1606962822,,D90,"DMR, Limited - Overdue",,,,,N,Non-Receipt of DMR/Schedule Report,09/19/2001,2,RE - Back into Compliance,11/02/2001,E,Effluent Violations,,,,,,,,,1,1600141665,101,1600141665,A,J,1651138315,0,1626008905,1610227663,,,.21338,32102,Carbon tetrachloride,01,kg/d,07/31/2001,1,,,,11/02/2001,74,,1601848503,0,Q1,DB,A,DAILY AV
1301,台灣塑膠工業股份有限公司,Formosa Plastics Corporation,FPC,塑膠工業,,"Formosa Plastics Corporation, U.S.A.",211--美國,,FORMOSA POINT COMFORT PLANT,201 FORMOSA DRIVE,POINT COMFORT,TX,77978,28.6825,-96.545278,1600028209,TX0085570,ECHO覆蓋率稽核,100,"Formosa Plastics Corporation, U.S.A.",台塑集團關係企業 FPC USA 德州 Point Comfort 主廠,郭文筆,1954/11/05,1964/07/27,63657407810,http://www.fpc.com.tw,高雄市仁武區水管路100號,https://www.fpcusa.com/content/uploads/2021/04/formosa-logo-stacked.png,1606962521,,D90,"DMR, Limited - Overdue",,,,,K,"Non-receipt Violation, Non-Monthly Average",09/19/2001,2,RE - Back into Compliance,11/02/2001,E,Effluent Violations,,,,,,,,,1,1600141665,001,1600141665,A,1,1651108739,6,1625977534,1610221747,,,34,80082,"BOD, carbonaceous [5 day, 20 C]",19,mg/L,07/31/2001,1,,,,11/02/2001,74,,1601848394,6,C3,DD,N,DAILY MX
1301,台灣塑膠工業股份有限公司,Formosa Plastics Corporation,FPC,塑膠工業,,"Formosa Plastics Corporation, U.S.A.",211--美國,,FORMOSA POINT COMFORT PLANT,201 FORMOSA DRIVE,POINT COMFORT,TX,77978,28.6825,-96.545278,1600028209,TX0085570,ECHO覆蓋率稽核,100,"Formosa Plastics Corporation, U.S.A.",台塑集團關係企業 FPC USA 德州 Point Comfort 主廠,郭文筆,1954/11/05,1964/07/27,63657407810,http://www.fpc.com.tw,高雄市仁武區水管路100號,https://www.fpcusa.com/content/uploads/2021/04/formosa-logo-stacked.png,3657684106,,E90,"DMR, Limited - Numeric Violation",,,,,,,,,,,E,Effluent Violations,,,,,,,,,0,3600742495,201,3600742495,A,J,3836258383,9.4,3737420441,3673487067,,,9,00400,pH,12,SU,03/31/2021,1,,=,12,04/20/2021,,,3601385733,9.4,C3,MB,N,MAXIMUM
1301,台灣塑膠工業股份有限公司,Formosa Plastics Corporation,FPC,塑膠工業,,"Formosa Plastics Corporation, U.S.A.",211--美國,,FORMOSA POINT COMFORT PLANT,201 FORMOSA DRIVE,POINT COMFORT,TX,77978,28.6825,-96.545278,1600028209,TX0085570,ECHO覆蓋率稽核,100,"Formosa Plastics Corporation, U.S.A.",台塑集團關係企業 FPC USA 德州 Point Comfort 主廠,郭文筆,1954/11/05,1964/07/27,63657407810,http://www.fpc.com.tw,高雄市仁武區水管路100號,https://www.fpcusa.com/content/uploads/2021/04/formosa-logo-stacked.png,1606962761,,D90,"DMR, Limited - Overdue",,,,,K,"Non-receipt Violation, Non-Monthly Average",09/19/2001,2,RE - Back into Compliance,11/02/2001,E,Effluent Violations,,,,,,,,,1,1600141665,012,1600141665,A,1,1651131259,,1626007389,1610226251,C,,9,00400,pH,12,SU,07/31/2001,1,,,,11/02/2001,,,1601848478,,C3,MB,N,MAXIMUM
1301,台灣塑膠工業股份有限公司,Formosa Plastics Corporation,FPC,塑膠工業,,"Formosa Plastics Corporation, U.S.A.",211--美國,,FORMOSA POINT COMFORT PLANT,201 FORMOSA DRIVE,POINT COMFORT,TX,77978,28.6825,-96.545278,1600028209,TX0085570,ECHO覆蓋率稽核,100,"Formosa Plastics Corporation, U.S.A.",台塑集團關係企業 FPC USA 德州 Point Comfort 主廠,郭文筆,1954/11/05,1964/07/27,63657407810,http://www.fpc.com.tw,高雄市仁武區水管路100號,https://www.fpcusa.com/content/uploads/2021/04/formosa-logo-stacked.png,1606963487,,D90,"DMR, Limited - Overdue",,,,,N,Non-Receipt of DMR/Schedule Report,09/19/2001,2,RE - Back into Compliance,11/02/2001,E,Effluent Violations,,,,,,,,,1,1600141665,201,1600141665,A,J,1651153735,.27,1626024005,1610230747,,,5.8793,01067,"Nickel, total [as Ni]",01,kg/d,07/31/2001,1,,,,11/02/2001,74,,1601848623,.12258,Q1,DB,A,DAILY AV
1301,台灣塑膠工業股份有限公司,Formosa Plastics Corporation,FPC,塑膠工業,,"Formosa Plastics Corporation, U.S.A.",211--美國,,FORMOSA POINT COMFORT PLANT,201 FORMOSA DRIVE,POINT COMFORT,TX,77978,28.6825,-96.545278,1600028209,TX0085570,ECHO覆蓋率稽核,100,"Formosa Plastics Corporation, U.S.A.",台塑集團關係企業 FPC USA 德州 Point Comfort 主廠,郭文筆,1954/11/05,1964/07/27,63657407810,http://www.fpc.com.tw,高雄市仁武區水管路100號,https://www.fpcusa.com/content/uploads/2021/04/formosa-logo-stacked.png,1606963690,,D80,"DMR, Monitor Only - Overdue",,,,,,,,,,,E,Effluent Violations,,,,,,,,,2,1600141664,TX1,1600141664,Q,1,1651154823,13,1626028898,1610230964,,,,TPP3E,NOEC Sub-Lethal Static Renewal 7 Day Chronic Americamysis bahia (formerly Mysidopsis bahia),23,%,06/30/2006,3,,,,09/27/2006,69,,1601848631,13,C2,MJ,,MO AV MN
1301,台灣塑膠工業股份有限公司,Formosa Plastics Corporation,FPC,塑膠工業,,"Formosa Plastics Corporation, U.S.A.",211--美國,,FORMOSA POINT COMFORT PLANT,201 FORMOSA DRIVE,POINT COMFORT,TX,77978,28.6825,-96.545278,1600028209,TX0085570,ECHO覆蓋率稽核,100,"Formosa Plastics Corporation, U.S.A.",台塑集團關係企業 FPC USA 德州 Point Comfort 主廠,郭文筆,1954/11/05,1964/07/27,63657407810,http://www.fpc.com.tw,高雄市仁武區水管路100號,https://www.fpcusa.com/content/uploads/2021/04/formosa-logo-stacked.png,1606963072,,D90,"DMR, Limited - Overdue",,,,,N,Non-Receipt of DMR/Schedule Report,04/19/2006,2,RE - Back into Compliance,04/24/2006,E,Effluent Violations,,,,,,,,,2,1600141664,101,1600141664,Q,J,1651142670,0,1626020955,1610228534,,,.227,34341,Dimethyl phthalate,01,kg/d,02/28/2006,3,,,,04/24/2006,35,,1601848527,0,Q1,DB,A,DAILY AV
1301,台灣塑膠工業股份有限公司,Formosa Plastics Corporation,FPC,塑膠工業,,"Formosa Plastics Corporation, U.S.A.",211--美國,,FORMOSA POINT COMFORT PLANT,201 FORMOSA DRIVE,POINT COMFORT,TX,77978,28.6825,-96.545278,1600028209,TX0085570,ECHO覆蓋率稽核,100,"Formosa Plastics Corporation, U.S.A.",台塑集團關係企業 FPC USA 德州 Point Comfort 主廠,郭文筆,1954/11/05,1964/07/27,63657407810,http://www.fpc.com.tw,高雄市仁武區水管路100號,https://www.fpcusa.com/content/uploads/2021/04/formosa-logo-stacked.png,1606962898,,D90,"DMR, Limited - Overdue",,,,,K,"Non-receipt Violation, Non-Monthly Average",10/20/2001,2,RE - Back into Compliance,06/10/2002,E,Effluent Violations,,,,,,,,,1,1600141665,101,1600141665,A,J,1651141571,0,1626009061,1610228314,,,.309524,82582,"pH range excursions, monthly total accum",5A,d,08/31/2001,1,,,,06/10/2002,99,,1601848516,0,Q2,MP,N,MO TOTAL
1301,台灣塑膠工業股份有限公司,Formosa Plastics Corporation,FPC,塑膠工業,,"Formosa Plastics Corporation, U.S.A.",211--美國,,FORMOSA POINT COMFORT PLANT,201 FORMOSA DRIVE,POINT COMFORT,TX,77978,28.6825,-96.545278,1600028209,TX0085570,ECHO覆蓋率稽核,100,"Formosa Plastics Corporation, U.S.A.",台塑集團關係企業 FPC USA 德州 Point Comfort 主廠,郭文筆,1954/11/05,1964/07/27,63657407810,http://www.fpc.com.tw,高雄市仁武區水管路100號,https://www.fpcusa.com/content/uploads/2021/04/formosa-logo-stacked.png,1606963495,,D80,"DMR, Monitor Only - Overdue",,,,,N,Non-Receipt of DMR/Schedule Report,09/19/2001,2,RE - Back into Compliance,11/02/2001,E,Effluent Violations,,,,,,,,,1,1600141665,201,1600141665,A,J,1651153988,0,1626024013,1610230797,,,,01152,"Titanium, total [as Ti]",19,mg/L,07/31/2001,1,,,,11/02/2001,74,,1601848624,0,C2,DB,A,DAILY AV
1301,台灣塑膠工業股份有限公司,Formosa Plastics Corporation,FPC,塑膠工業,,"Formosa Plastics Corporation, U.S.A.",211--美國,,FORMOSA POINT COMFORT PLANT,201 FORMOSA DRIVE,POINT COMFORT,TX,77978,28.6825,-96.545278,1600028209,TX0085570,ECHO覆蓋率稽核,100,"Formosa Plastics Corporation, U.S.A.",台塑集團關係企業 FPC USA 德州 Point Comfort 主廠,郭文筆,1954/11/05,1964/07/27,63657407810,http://www.fpc.com.tw,高雄市仁武區水管路100號,https://www.fpcusa.com/content/uploads/2021/04/formosa-logo-stacked.png,3661471135,,E90,"DMR, Limited - Numeric Violation",,,,,,,,,,,E,Effluent Violations,,,,,,,,,0,3600742495,001,3600742495,Q,1,3836226986,786,3748755291,3679294759,,,.00000017,34675,"2,3,7,8-Tetrachlorodibenzo-p-dioxin",01,kg/d,08/31/2021,3,365,=,2U,09/17/2021,,,3601386409,.00000079,Q2,DD,N,DAILY MX
1301,台灣塑膠工業股份有限公司,Formosa Plastics Corporation,FPC,塑膠工業,,"Formosa Plastics Corporation, U.S.A.",211--美國,,FORMOSA POINT COMFORT PLANT,201 FORMOSA DRIVE,POINT COMFORT,TX,77978,28.6825,-96.545278,1600028209,TX0085570,ECHO覆蓋率稽核,100,"Formosa Plastics Corporation, U.S.A.",台塑集團關係企業 FPC USA 德州 Point Comfort 主廠,郭文筆,1954/11/05,1964/07/27,63657407810,http://www.fpc.com.tw,高雄市仁武區水管路100號,https://www.fpcusa.com/content/uploads/2021/04/formosa-logo-stacked.png,1606963317,,D90,"DMR, Limited - Overdue",,,,,N,Non-Receipt of DMR/Schedule Report,07/20/2006,2,RE - Back into Compliance,09/27/2006,E,Effluent Violations,,,,,,,,,2,1600141664,101,1600141664,Q,J,1651143340,0,1626021200,1610228668,,,.24062,34461,Phenanthrene,01,kg/d,05/31/2006,3,,,,09/27/2006,99,,1601848534,0,Q1,DB,A,DAILY AV
1301,台灣塑膠工業股份有限公司,Formosa Plastics Corporation,FPC,塑膠工業,,"Formosa Plastics Corporation, U.S.A.",211--美國,,FORMOSA POINT COMFORT PLANT,201 FORMOSA DRIVE,POINT COMFORT,TX,77978,28.6825,-96.545278,1600028209,TX0085570,ECHO覆蓋率稽核,100,"Formosa Plastics Corporation, U.S.A.",台塑集團關係企業 FPC USA 德州 Point Comfort 主廠,郭文筆,1954/11/05,1964/07/27,63657407810,http://www.fpc.com.tw,高雄市仁武區水管路100號,https://www.fpcusa.com/content/uploads/2021/04/formosa-logo-stacked.png,1606963480,,D80,"DMR, Monitor Only - Overdue",,,,,N,Non-Receipt of DMR/Schedule Report,09/19/2001,2,RE - Back into Compliance,11/02/2001,E,Effluent Violations,,,,,,,,,1,1600141665,201,1600141665,A,J,1651153238,.02,1626023998,1610230647,,,,01042,"Copper, total [as Cu]",19,mg/L,07/31/2001,1,,,,11/02/2001,74,,1601848621,.02,C2,DB,A,DAILY AV
1301,台灣塑膠工業股份有限公司,Formosa Plastics Corporation,FPC,塑膠工業,,"Formosa Plastics Corporation, U.S.A.",211--美國,,FORMOSA POINT COMFORT PLANT,201 FORMOSA DRIVE,POINT COMFORT,TX,77978,28.6825,-96.545278,1600028209,TX0085570,ECHO覆蓋率稽核,100,"Formosa Plastics Corporation, U.S.A.",台塑集團關係企業 FPC USA 德州 Point Comfort 主廠,郭文筆,1954/11/05,1964/07/27,63657407810,http://www.fpc.com.tw,高雄市仁武區水管路100號,https://www.fpcusa.com/content/uploads/2021/04/formosa-logo-stacked.png,1606963528,,E90,"DMR, Limited - Numeric Violation",,,,,,,,,,,E,Effluent Violations,,,,,,,,,2,1600141664,201,1600141664,A,J,1651149496,489,1626028576,1610229899,,,215.196,00310,"BOD, 5-day, 20 deg. C",01,kg/d,04/30/2009,1,3,,26,05/18/2009,,,1601848607,222.006,Q2,DD,N,DAILY MX
1301,台灣塑膠工業股份有限公司,Formosa Plastics Corporation,FPC,塑膠工業,,"Formosa Plastics Corporation, U.S.A.",211--美國,,FORMOSA POINT COMFORT PLANT,201 FORMOSA DRIVE,POINT COMFORT,TX,77978,28.6825,-96.545278,1600028209,TX0085570,ECHO覆蓋率稽核,100,"Formosa Plastics Corporation, U.S.A.",台塑集團關係企業 FPC USA 德州 Point Comfort 主廠,郭文筆,1954/11/05,1964/07/27,63657407810,http://www.fpc.com.tw,高雄市仁武區水管路100號,https://www.fpcusa.com/content/uploads/2021/04/formosa-logo-stacked.png,1606963338,,D90,"DMR, Limited - Overdue",,,,,K,"Non-receipt Violation, Non-Monthly Average",07/20/2006,2,RE - Back into Compliance,09/27/2006,E,Effluent Violations,,,,,,,,,2,1600141664,101,1600141664,Q,J,1651143721,0,1626021221,1610228744,,,.69916,34526,Benzo[a]anthracene,01,kg/d,05/31/2006,3,,,,09/27/2006,99,,1601848538,0,Q2,DD,N,DAILY MX
1301,台灣塑膠工業股份有限公司,Formosa Plastics Corporation,FPC,塑膠工業,,"Formosa Plastics Corporation, U.S.A.",211--美國,,FORMOSA POINT COMFORT PLANT,201 FORMOSA DRIVE,POINT COMFORT,TX,77978,28.6825,-96.545278,1600028209,TX0085570,ECHO覆蓋率稽核,100,"Formosa Plastics Corporation, U.S.A.",台塑集團關係企業 FPC USA 德州 Point Comfort 主廠,郭文筆,1954/11/05,1964/07/27,63657407810,http://www.fpc.com.tw,高雄市仁武區水管路100號,https://www.fpcusa.com/content/uploads/2021/04/formosa-logo-stacked.png,3639865428,,E90,"DMR, Limited - Numeric Violation",,,,,,,,,,,E,Effluent Violations,,,,,,,,,0,3600742495,001,3600742495,A,1,3650126966,8476,3680801060,3643448816,,,2940.104,00530,"Solids, total suspended",01,kg/d,11/30/2018,1,31,=,26,12/18/2018,,,3601385609,3848.10396767,Q2,DD,N,DAILY MX
1301,台灣塑膠工業股份有限公司,Formosa Plastics Corporation,FPC,塑膠工業,,"Formosa Plastics Corporation, U.S.A.",211--美國,,FORMOSA POINT COMFORT PLANT,201 FORMOSA DRIVE,POINT COMFORT,TX,77978,28.6825,-96.545278,1600028209,TX0085570,ECHO覆蓋率稽核,100,"Formosa Plastics Corporation, U.S.A.",台塑集團關係企業 FPC USA 德州 Point Comfort 主廠,郭文筆,1954/11/05,1964/07/27,63657407810,http://www.fpc.com.tw,高雄市仁武區水管路100號,https://www.fpcusa.com/content/uploads/2021/04/formosa-logo-stacked.png,1606963700,,D80,"DMR, Monitor Only - Overdue",,,,,,,,,,,E,Effluent Violations,,,,,,,,,2,1600141664,TX1,1600141664,Q,1,1651154863,0,1626028908,1610230972,,,,TWP3E,Pass/Fail Sub-Lethal Static Renewal 7 Day Chronic Americamysis bahia (formerly Mysidopsis bahia),9A,pass=0;fail=1,06/30/2006,3,,,,09/27/2006,69,,1601848633,0,C2,MJ,,MO AV MN
1301,台灣塑膠工業股份有限公司,Formosa Plastics Corporation,FPC,塑膠工業,,"Formosa Plastics Corporation, U.S.A.",211--美國,,FORMOSA POINT COMFORT PLANT,201 FORMOSA DRIVE,POINT COMFORT,TX,77978,28.6825,-96.545278,1600028209,TX0085570,ECHO覆蓋率稽核,100,"Formosa Plastics Corporation, U.S.A.",台塑集團關係企業 FPC USA 德州 Point Comfort 主廠,郭文筆,1954/11/05,1964/07/27,63657407810,http://www.fpc.com.tw,高雄市仁武區水管路100號,https://www.fpcusa.com/content/uploads/2021/04/formosa-logo-stacked.png,1606963083,,D90,"DMR, Limited - Overdue",,,,,K,"Non-receipt Violation, Non-Monthly Average",04/19/2006,2,RE - Back into Compliance,04/24/2006,E,Effluent Violations,,,,,,,,,2,1600141664,101,1600141664,Q,J,1651142861,0,1626020966,1610228572,,,.80812,34376,Fluoranthene,01,kg/d,02/28/2006,3,,,,04/24/2006,35,,1601848529,0,Q2,DD,N,DAILY MX
1301,台灣塑膠工業股份有限公司,Formosa Plastics Corporation,FPC,塑膠工業,,"Formosa Plastics Corporation, U.S.A.",211--美國,,FORMOSA POINT COMFORT PLANT,201 FORMOSA DRIVE,POINT COMFORT,TX,77978,28.6825,-96.545278,1600028209,TX0085570,ECHO覆蓋率稽核,100,"Formosa Plastics Corporation, U.S.A.",台塑集團關係企業 FPC USA 德州 Point Comfort 主廠,郭文筆,1954/11/05,1964/07/27,63657407810,http://www.fpc.com.tw,高雄市仁武區水管路100號,https://www.fpcusa.com/content/uploads/2021/04/formosa-logo-stacked.png,1606963476,,D80,"DMR, Monitor Only - Overdue",,,,,K,"Non-receipt Violation, Non-Monthly Average",09/19/2001,2,RE - Back into Compliance,11/02/2001,E,Effluent Violations,,,,,,,,,1,1600141665,201,1600141665,A,J,1651152989,12,1626023994,1610230597,,,,00530,"Solids, total suspended",19,mg/L,07/31/2001,1,,,,11/02/2001,74,,1601848620,12,C3,DD,N,DAILY MX
1301,台灣塑膠工業股份有限公司,Formosa Plastics Corporation,FPC,塑膠工業,,"Formosa Plastics Corporation, U.S.A.",211--美國,,FORMOSA POINT COMFORT PLANT,201 FORMOSA DRIVE,POINT COMFORT,TX,77978,28.6825,-96.545278,1600028209,TX0085570,ECHO覆蓋率稽核,100,"Formosa Plastics Corporation, U.S.A.",台塑集團關係企業 FPC USA 德州 Point Comfort 主廠,郭文筆,1954/11/05,1964/07/27,63657407810,http://www.fpc.com.tw,高雄市仁武區水管路100號,https://www.fpcusa.com/content/uploads/2021/04/formosa-logo-stacked.png,1606962741,,E90,"DMR, Limited - Numeric Violation",,,,,,,,,,,E,Effluent Violations,,,,,,,,,2,1600141664,006,1600141664,A,1,1651120734,9.5,1626000104,1610224146,,,9,00400,pH,12,SU,08/31/2008,1,,,12,09/19/2008,,,1601848439,9.5,C3,MB,N,MAXIMUM
1301,台灣塑膠工業股份有限公司,Formosa Plastics Corporation,FPC,塑膠工業,,"Formosa Plastics Corporation, U.S.A.",211--美國,,FORMOSA POINT COMFORT PLANT,201 FORMOSA DRIVE,POINT COMFORT,TX,77978,28.6825,-96.545278,1600028209,TX0085570,ECHO覆蓋率稽核,100,"Formosa Plastics Corporation, U.S.A.",台塑集團關係企業 FPC USA 德州 Point Comfort 主廠,郭文筆,1954/11/05,1964/07/27,63657407810,http://www.fpc.com.tw,高雄市仁武區水管路100號,https://www.fpcusa.com/content/uploads/2021/04/formosa-logo-stacked.png,1606962771,,D90,"DMR, Limited - Overdue",,,,,K,"Non-receipt Violation, Non-Monthly Average",09/19/2001,2,RE - Back into Compliance,11/02/2001,E,Effluent Violations,,,,,,,,,1,1600141665,012,1600141665,A,1,1651131759,,1626007399,1610226351,C,,55,00680,"Carbon, tot organic [TOC]",19,mg/L,07/31/2001,1,,,,11/02/2001,,,1601848480,,C3,DD,N,DAILY MX
1301,台灣塑膠工業股份有限公司,Formosa Plastics Corporation,FPC,塑膠工業,,"Formosa Plastics Corporation, U.S.A.",211--美國,,FORMOSA POINT COMFORT PLANT,201 FORMOSA DRIVE,POINT COMFORT,TX,77978,28.6825,-96.545278,1600028209,TX0085570,ECHO覆蓋率稽核,100,"Formosa Plastics Corporation, U.S.A.",台塑集團關係企業 FPC USA 德州 Point Comfort 主廠,郭文筆,1954/11/05,1964/07/27,63657407810,http://www.fpc.com.tw,高雄市仁武區水管路100號,https://www.fpcusa.com/content/uploads/2021/04/formosa-logo-stacked.png,3001159332,,D90,"DMR, Limited - Overdue",,,,,,,,,,,E,Effluent Violations,,,,,,,,,2,1600141664,004,1600141664,A,1,2201923757,,3006967890,3003786907,C,,6,00400,pH,12,SU,08/31/2012,1,,,,11/06/2012,47,,1601848419,,C1,ME,,MINIMUM
1301,台灣塑膠工業股份有限公司,Formosa Plastics Corporation,FPC,塑膠工業,,"Formosa Plastics Corporation, U.S.A.",211--美國,,FORMOSA POINT COMFORT PLANT,201 FORMOSA DRIVE,POINT COMFORT,TX,77978,28.6825,-96.545278,1600028209,TX0085570,ECHO覆蓋率稽核,100,"Formosa Plastics Corporation, U.S.A.",台塑集團關係企業 FPC USA 德州 Point Comfort 主廠,郭文筆,1954/11/05,1964/07/27,63657407810,http://www.fpc.com.tw,高雄市仁武區水管路100號,https://www.fpcusa.com/content/uploads/2021/04/formosa-logo-stacked.png,1606963377,,D90,"DMR, Limited - Overdue",,,,,N,Non-Receipt of DMR/Schedule Report,07/20/2006,2,RE - Back into Compliance,09/27/2006,E,Effluent Violations,,,,,,,,,2,1600141664,101,1600141664,Q,J,1651144480,0,1626021260,1610228896,,,.48578,34591,2-Nitrophenol,01,kg/d,05/31/2006,3,,,,09/27/2006,99,,1601848546,0,Q1,DB,A,DAILY AV
1301,台灣塑膠工業股份有限公司,Formosa Plastics Corporation,FPC,塑膠工業,,"Formosa Plastics Corporation, U.S.A.",211--美國,,FORMOSA POINT COMFORT PLANT,201 FORMOSA DRIVE,POINT COMFORT,TX,77978,28.6825,-96.545278,1600028209,TX0085570,ECHO覆蓋率稽核,100,"Formosa Plastics Corporation, U.S.A.",台塑集團關係企業 FPC USA 德州 Point Comfort 主廠,郭文筆,1954/11/05,1964/07/27,63657407810,http://www.fpc.com.tw,高雄市仁武區水管路100號,https://www.fpcusa.com/content/uploads/2021/04/formosa-logo-stacked.png,1606962583,,D90,"DMR, Limited - Overdue",,,,,K,"Non-receipt Violation, Non-Monthly Average",01/19/2002,2,RE - Back into Compliance,06/10/2002,E,Effluent Violations,,,,,,,,,1,1600141665,001,1600141665,A,1,1651109256,0,1625978041,1610221851,,,.309524,82582,"pH range excursions, monthly total accum",5A,d,11/30/2001,1,,,,06/10/2002,99,,1601848396,0,Q2,MP,N,MO TOTAL
1301,台灣塑膠工業股份有限公司,Formosa Plastics Corporation,FPC,塑膠工業,,"Formosa Plastics Corporation, U.S.A.",211--美國,,FORMOSA POINT COMFORT PLANT,201 FORMOSA DRIVE,POINT COMFORT,TX,77978,28.6825,-96.545278,1600028209,TX0085570,ECHO覆蓋率稽核,100,"Formosa Plastics Corporation, U.S.A.",台塑集團關係企業 FPC USA 德州 Point Comfort 主廠,郭文筆,1954/11/05,1964/07/27,63657407810,http://www.fpc.com.tw,高雄市仁武區水管路100號,https://www.fpcusa.com/content/uploads/2021/04/formosa-logo-stacked.png,1606962573,,D90,"DMR, Limited - Overdue",,,,,K,"Non-receipt Violation, Non-Monthly Average",12/20/2001,2,RE - Back into Compliance,06/10/2002,E,Effluent Violations,,,,,,,,,1,1600141665,001,1600141665,A,1,1651109251,0,1625977916,1610221850,,,.309524,82582,"pH range excursions, monthly total accum",5A,d,10/31/2001,1,,,,06/10/2002,99,,1601848396,0,Q2,MP,N,MO TOTAL
1301,台灣塑膠工業股份有限公司,Formosa Plastics Corporation,FPC,塑膠工業,,"Formosa Plastics Corporation, U.S.A.",211--美國,,FORMOSA POINT COMFORT PLANT,201 FORMOSA DRIVE,POINT COMFORT,TX,77978,28.6825,-96.545278,1600028209,TX0085570,ECHO覆蓋率稽核,100,"Formosa Plastics Corporation, U.S.A.",台塑集團關係企業 FPC USA 德州 Point Comfort 主廠,郭文筆,1954/11/05,1964/07/27,63657407810,http://www.fpc.com.tw,高雄市仁武區水管路100號,https://www.fpcusa.com/content/uploads/2021/04/formosa-logo-stacked.png,1606963559,,D80,"DMR, Monitor Only - Overdue",,,,,,,,,,,E,Effluent Violations,,,,,,,,,2,1600141664,TX1,1600141664,Q,1,1651154772,13,1626028767,1610230954,,,,TOP3E,NOEC Lethal Static Renewal 7 Day Chronic Americamysis bahia (formerly Mysidopsis bahia),23,%,12/31/2005,3,,,,09/27/2006,99,,1601848629,13,C1,7D,,7 DA MIN
1301,台灣塑膠工業股份有限公司,Formosa Plastics Corporation,FPC,塑膠工業,,"Formosa Plastics Corporation, U.S.A.",211--美國,,FORMOSA POINT COMFORT PLANT,201 FORMOSA DRIVE,POINT COMFORT,TX,77978,28.6825,-96.545278,1600028209,TX0085570,ECHO覆蓋率稽核,100,"Formosa Plastics Corporation, U.S.A.",台塑集團關係企業 FPC USA 德州 Point Comfort 主廠,郭文筆,1954/11/05,1964/07/27,63657407810,http://www.fpc.com.tw,高雄市仁武區水管路100號,https://www.fpcusa.com/content/uploads/2021/04/formosa-logo-stacked.png,1606963665,,D80,"DMR, Monitor Only - Overdue",,,,,,,,,,,E,Effluent Violations,,,,,,,,,2,1600141664,TX1,1600141664,Q,1,1651154958,,1626028873,1610230991,Q,,,TYP6B,LOEC Sub-Lethal Reproduction Static Renewal 7 Day Chronic Menidia menidia,23,%,03/31/2006,3,,,,09/27/2006,,,1601848638,,C2,MJ,,MO AV MN
1301,台灣塑膠工業股份有限公司,Formosa Plastics Corporation,FPC,塑膠工業,,"Formosa Plastics Corporation, U.S.A.",211--美國,,FORMOSA POINT COMFORT PLANT,201 FORMOSA DRIVE,POINT COMFORT,TX,77978,28.6825,-96.545278,1600028209,TX0085570,ECHO覆蓋率稽核,100,"Formosa Plastics Corporation, U.S.A.",台塑集團關係企業 FPC USA 德州 Point Comfort 主廠,郭文筆,1954/11/05,1964/07/27,63657407810,http://www.fpc.com.tw,高雄市仁武區水管路100號,https://www.fpcusa.com/content/uploads/2021/04/formosa-logo-stacked.png,1606963432,,D90,"DMR, Limited - Overdue",,,,,N,Non-Receipt of DMR/Schedule Report,07/20/2006,2,RE - Back into Compliance,09/27/2006,E,Effluent Violations,,,,,,,,,2,1600141664,101,1600141664,Q,J,1651145525,0,1626021315,1610229105,,,.005448,39700,Hexachlorobenzene,01,kg/d,05/31/2006,3,,,,09/27/2006,99,,1601848557,0,Q1,DB,A,DAILY AV
2383,台光電子材料股份有限公司,"ELITE  MATERIAL CO., LTD.",EMC,電子零組件業,EMC SPECIAL APPLICATION INCORPORATED,"EMD SPECIALTY MATERIALS,LLC",211--美國,100.00%,ARLON EMD,9433 HYSSOP DRIVE,RANCHO CUCAMONGA,CA,91730,34.08237,-117.54354,3600734765,CAZ469513,ECHO覆蓋率稽核,100,"EMD SPECIALTY MATERIALS,LLC",MOPS：台光電 → EMC International Holding → EMC Special Application → EMD Specialty Materials,董定宇,1992/03/24,1998/11/27,3524741420,http://www.emctw.com,桃園巿觀音區觀音工業區大同一路18號,,3671030922,S,E0N16,WW Storm Water Non-Construction - Failure to submit required report (non-DMR),07/16/2023,07/16/2023,Failure to submit 2022 - 2023 Annual Report by due date,ST6,,,,,,,S,Single Event Violations,,,,,,,,,,,,,,,,,,,,,,,,,,,,,,,,,,,,,,,
2908,特力股份有限公司,"Test Rite International Co., Ltd.",Test Rite,貿易百貨,特力股份有限公司,"Test-Rite International (U.S.) Co., Ltd.",211--美國,100.00%,TEST RITE PRODUCTS CORP,1900 S BURGUNDY PL,ONTARIO,CA,91761,34.03989,-117.54789,3600825999,CAZ494423,ECHO覆蓋率稽核,100,"Test-Rite International (U.S.) Co., Ltd.",MOPS：特力 → Test-Rite International (U.S.),李麗秋,1978/08/10,1993/02/18,5098875580,www.testritegroup.com,台北市內湖區新湖三路23號6樓,,3665128197,S,D0N12,WW Storm Water Non-Construction - CWA Â§308 Failure to submit required permit application info,10/02/2021,10/02/2021,"Discharger failed to recertify the NEC by October 1, 2021",ST6,,,,,,,S,Single Event Violations,,,,,,,,,,,,,,,,,,,,,,,,,,,,,,,,,,,,,,,
2908,特力股份有限公司,"Test Rite International Co., Ltd.",Test Rite,貿易百貨,特力股份有限公司,"Test-Rite International (U.S.) Co., Ltd.",211--美國,100.00%,TEST RITE PRODUCTS CORP,1900 S BURGUNDY PL,ONTARIO,CA,91761,34.03989,-117.54789,3600825999,CAZ494423,ECHO覆蓋率稽核,100,"Test-Rite International (U.S.) Co., Ltd.",MOPS：特力 → Test-Rite International (U.S.),李麗秋,1978/08/10,1993/02/18,5098875580,www.testritegroup.com,台北市內湖區新湖三路23號6樓,,3668343381,S,D0N12,WW Storm Water Non-Construction - CWA Â§308 Failure to submit required permit application info,10/02/2022,10/02/2022,"Discharger failed to recertify NEC by October 1, 2022",ST6,,,,,,,S,Single Event Violations,,,,,,,,,,,,,,,,,,,,,,,,,,,,,,,,,,,,,,,
2723,開曼美食達人股份有限公司,Gourmet Master Co. Ltd.,Gourmet,觀光餐旅,開曼美食達人股份有限公司,"Perfect 85 Degrees C, Inc.",211--美國,100.00%,PERFECT 85 DEGREES C INC,1415 MOONSTONE,BREA,CA,92821,33.92221,-117.92069,3600995140,CAZ502731,ECHO覆蓋率稽核,100,"Perfect 85 Degrees C, Inc.",MOPS：美食-KY → Perfect 85 Degrees C,吳政學,2008/09/26,2010/11/22,1800000000,http://www.85cafe.com,台中市南屯區工業23路35號,https://www.moneydj.com/kmdj/GetWikiFile.axd?file=217fb84c-437e-4c64-9a74-47415b028298/2723.gif,3643675729,S,D0N12,WW Storm Water Non-Construction - CWA Â§308 Failure to submit required permit application info,10/02/2019,10/02/2019,"Discharger failed to recertify the NEC by October 1, 2019",ST6,,,,,,,S,Single Event Violations,,,,,,,,,,,,,,,,,,,,,,,,,,,,,,,,,,,,,,,
2723,開曼美食達人股份有限公司,Gourmet Master Co. Ltd.,Gourmet,觀光餐旅,開曼美食達人股份有限公司,"Perfect 85 Degrees C, Inc.",211--美國,100.00%,PERFECT 85 DEGREES C INC,1415 MOONSTONE,BREA,CA,92821,33.92221,-117.92069,3600995140,CAZ502731,ECHO覆蓋率稽核,100,"Perfect 85 Degrees C, Inc.",MOPS：美食-KY → Perfect 85 Degrees C,吳政學,2008/09/26,2010/11/22,1800000000,http://www.85cafe.com,台中市南屯區工業23路35號,https://www.moneydj.com/kmdj/GetWikiFile.axd?file=217fb84c-437e-4c64-9a74-47415b028298/2723.gif,3668343417,S,D0N12,WW Storm Water Non-Construction - CWA Â§308 Failure to submit required permit application info,10/02/2022,10/02/2022,"Discharger failed to recertify NEC by October 1, 2022",ST6,,,,,,,S,Single Event Violations,,,,,,,,,,,,,,,,,,,,,,,,,,,,,,,,,,,,,,,
1515,力山工業股份有限公司,"REXON INDUSTRIAL CORP.,LTD",REXON,電機機械,力山工業股份有限公司,Power Tool Specialists Inc.,211--美國,96.00%,AIR & POWER TOOL SPECIALISTS,12027 170TH STREET,ARTESIA,CA,90701,33.87696,-118.07569,3601151380,CAZ513140,ECHO覆蓋率稽核,100,Power Tool Specialists Inc.,MOPS：力山 → Power Tool Specialists（96%）,王冠祥,1973/04/30,1995/02/04,1814735000,http://www.rexon.net,台中市大里區仁化路261號,https://images.1111.com.tw/oad/2785029.jpg,3660185418,S,D0N12,WW Storm Water Non-Construction - CWA Â§308 Failure to submit required permit application info,05/17/2021,05/17/2021,The facility does not meet NEC criteria.,ST6,,,,,,,S,Single Event Violations,,,,,,,,,,,,,,,,,,,,,,,,,,,,,,,,,,,,,,,
2027,大成不銹鋼工業股份有限公司,"TA CHEN STAINLESS PIPE CO., LTD.",TC,鋼鐵工業,"Primus Pipe and Tube Holdings, Inc.","Primus Pipe and Tube, Inc.",211--美國,100.00%,PRIMUS PIPE & TUBE BUILDING ADDITION,241 W CLARKE ST,WILDWOOD,FL,34785,28.8769444,-82.0388889,3601061039,FLR10SJ36,ECHO覆蓋率稽核,100,"Primus Pipe and Tube, Inc.",MOPS：大成不銹鋼 → Ta Chen International → Primus Pipe and Tube,謝麗雲,1986/11/27,1996/10/24,24342606150,www.tachen.com.tw,台南市仁德區新田二街125號,https://www.fastener-world.com/data/article/Ta_Chen_International_8179_0.png,3642406278,S,B0C17,WW Storm Water Construction - Failure to develop any or adequate SWPPP/SWMP,07/12/2019,07/12/2019,,ST6,,,,,,,S,Single Event Violations,,,,,,,,,,,,,,,,,,,,,,,,,,,,,,,,,,,,,,,
2027,大成不銹鋼工業股份有限公司,"TA CHEN STAINLESS PIPE CO., LTD.",TC,鋼鐵工業,"Primus Pipe and Tube Holdings, Inc.","Primus Pipe and Tube, Inc.",211--美國,100.00%,PRIMUS PIPE & TUBE BUILDING ADDITION,241 W CLARKE ST,WILDWOOD,FL,34785,28.8769444,-82.0388889,3601061039,FLR10SJ36,ECHO覆蓋率稽核,100,"Primus Pipe and Tube, Inc.",MOPS：大成不銹鋼 → Ta Chen International → Primus Pipe and Tube,謝麗雲,1986/11/27,1996/10/24,24342606150,www.tachen.com.tw,台南市仁德區新田二街125號,https://www.fastener-world.com/data/article/Ta_Chen_International_8179_0.png,3642406280,S,B0R12,WW Storm Water Construction - Failure to Conduct Inspections,07/12/2019,07/12/2019,,ST6,,,,,,,S,Single Event Violations,,,,,,,,,,,,,,,,,,,,,,,,,,,,,,,,,,,,,,,
1301,台灣塑膠工業股份有限公司,Formosa Plastics Corporation,FPC,塑膠工業,,"Formosa Plastics Corporation, U.S.A.",211--美國,,FORMOSA POINT COMFORT PLANT,201 FORMOSA DRIVE,POINT COMFORT,TX,77978,28.6825,-96.545278,1600028209,TX0085570,ECHO覆蓋率稽核,100,"Formosa Plastics Corporation, U.S.A.",台塑集團關係企業 FPC USA 德州 Point Comfort 主廠,郭文筆,1954/11/05,1964/07/27,63657407810,http://www.fpc.com.tw,高雄市仁武區水管路100號,https://www.fpcusa.com/content/uploads/2021/04/formosa-logo-stacked.png,1600016736,S,D0017,Permit Violations - Violation Specified in Comment,02/26/1992,02/26/1992,Violation Detected During Inspection,ST6,,,,,,,S,Single Event Violations,,,,,,,,,,,,,,,,,,,,,,,,,,,,,,,,,,,,,,,
1301,台灣塑膠工業股份有限公司,Formosa Plastics Corporation,FPC,塑膠工業,,"Formosa Plastics Corporation, U.S.A.",211--美國,,FORMOSA POINT COMFORT PLANT,201 FORMOSA DRIVE,POINT COMFORT,TX,77978,28.6825,-96.545278,1600028209,TX0085570,ECHO覆蓋率稽核,100,"Formosa Plastics Corporation, U.S.A.",台塑集團關係企業 FPC USA 德州 Point Comfort 主廠,郭文筆,1954/11/05,1964/07/27,63657407810,http://www.fpc.com.tw,高雄市仁武區水管路100號,https://www.fpcusa.com/content/uploads/2021/04/formosa-logo-stacked.png,1600016737,S,A0013,Effluent Violations - Failed Toxicity Test,05/18/1992,05/18/1992,,ST6,,,,,,,S,Single Event Violations,,,,,,,,,,,,,,,,,,,,,,,,,,,,,,,,,,,,,,,
1301,台灣塑膠工業股份有限公司,Formosa Plastics Corporation,FPC,塑膠工業,,"Formosa Plastics Corporation, U.S.A.",211--美國,,FORMOSA POINT COMFORT PLANT,201 FORMOSA DRIVE,POINT COMFORT,TX,77978,28.6825,-96.545278,1600028209,TX0085570,ECHO覆蓋率稽核,100,"Formosa Plastics Corporation, U.S.A.",台塑集團關係企業 FPC USA 德州 Point Comfort 主廠,郭文筆,1954/11/05,1964/07/27,63657407810,http://www.fpc.com.tw,高雄市仁武區水管路100號,https://www.fpcusa.com/content/uploads/2021/04/formosa-logo-stacked.png,1600016738,S,D0011,Permit Violations - Discharge Without a Valid Permit,08/30/1988,08/30/1988,,ST6,,,,,,,S,Single Event Violations,,,,,,,,,,,,,,,,,,,,,,,,,,,,,,,,,,,,,,,
1301,台灣塑膠工業股份有限公司,Formosa Plastics Corporation,FPC,塑膠工業,,"Formosa Plastics Corporation, U.S.A.",211--美國,,FORMOSA POINT COMFORT PLANT,201 FORMOSA DRIVE,POINT COMFORT,TX,77978,28.6825,-96.545278,1600028209,TX0085570,ECHO覆蓋率稽核,100,"Formosa Plastics Corporation, U.S.A.",台塑集團關係企業 FPC USA 德州 Point Comfort 主廠,郭文筆,1954/11/05,1964/07/27,63657407810,http://www.fpc.com.tw,高雄市仁武區水管路100號,https://www.fpcusa.com/content/uploads/2021/04/formosa-logo-stacked.png,3405545263,S,D0017,Permit Violations - Violation Specified in Comment,08/11/2014,08/12/2014,Please see the TCEQ for details on the Violations covered by this summary Single Event Violation.,ST6,,,,,,,S,Single Event Violations,,,,,,,,,,,,,,,,,,,,,,,,,,,,,,,,,,,,,,,
1301,台灣塑膠工業股份有限公司,Formosa Plastics Corporation,FPC,塑膠工業,,"Formosa Plastics Corporation, U.S.A.",211--美國,,FORMOSA POINT COMFORT PLANT,201 FORMOSA DRIVE,POINT COMFORT,TX,77978,28.6825,-96.545278,1600028209,TX0085570,ECHO覆蓋率稽核,100,"Formosa Plastics Corporation, U.S.A.",台塑集團關係企業 FPC USA 德州 Point Comfort 主廠,郭文筆,1954/11/05,1964/07/27,63657407810,http://www.fpc.com.tw,高雄市仁武區水管路100號,https://www.fpcusa.com/content/uploads/2021/04/formosa-logo-stacked.png,3603287312,S,D0017,Permit Violations - Violation Specified in Comment,07/10/2015,07/10/2015,Please see the TCEQ for details on the Violations covered by this summary Single Event Violation.,ST6,,,,,,,S,Single Event Violations,,,,,,,,,,,,,,,,,,,,,,,,,,,,,,,,,,,,,,,
1301,台灣塑膠工業股份有限公司,Formosa Plastics Corporation,FPC,塑膠工業,,"Formosa Plastics Corporation, U.S.A.",211--美國,,FORMOSA POINT COMFORT PLANT,201 FORMOSA DRIVE,POINT COMFORT,TX,77978,28.6825,-96.545278,1600028209,TX0085570,ECHO覆蓋率稽核,100,"Formosa Plastics Corporation, U.S.A.",台塑集團關係企業 FPC USA 德州 Point Comfort 主廠,郭文筆,1954/11/05,1964/07/27,63657407810,http://www.fpc.com.tw,高雄市仁武區水管路100號,https://www.fpcusa.com/content/uploads/2021/04/formosa-logo-stacked.png,3603931541,S,D0017,Permit Violations - Violation Specified in Comment,03/10/2016,03/14/2016,Please see the TCEQ for details on the Violations covered by this summary Single Event Violation.,ST6,,,,,,,S,Single Event Violations,,,,,,,,,,,,,,,,,,,,,,,,,,,,,,,,,,,,,,,
1301,台灣塑膠工業股份有限公司,Formosa Plastics Corporation,FPC,塑膠工業,,"Formosa Plastics Corporation, U.S.A.",211--美國,,FORMOSA POINT COMFORT PLANT,201 FORMOSA DRIVE,POINT COMFORT,TX,77978,28.6825,-96.545278,1600028209,TX0085570,ECHO覆蓋率稽核,100,"Formosa Plastics Corporation, U.S.A.",台塑集團關係企業 FPC USA 德州 Point Comfort 主廠,郭文筆,1954/11/05,1964/07/27,63657407810,http://www.fpc.com.tw,高雄市仁武區水管路100號,https://www.fpcusa.com/content/uploads/2021/04/formosa-logo-stacked.png,3636405037,S,D0017,Permit Violations - Violation Specified in Comment,01/25/2018,01/25/2018,Please see the TCEQ for details on the Violations covered by this summary Single Event Violation.,ST6,,,,,,,S,Single Event Violations,,,,,,,,,,,,,,,,,,,,,,,,,,,,,,,,,,,,,,,
1301,台灣塑膠工業股份有限公司,Formosa Plastics Corporation,FPC,塑膠工業,,"Formosa Plastics Corporation, U.S.A.",211--美國,,FORMOSA POINT COMFORT PLANT,201 FORMOSA DRIVE,POINT COMFORT,TX,77978,28.6825,-96.545278,1600028209,TX0085570,ECHO覆蓋率稽核,100,"Formosa Plastics Corporation, U.S.A.",台塑集團關係企業 FPC USA 德州 Point Comfort 主廠,郭文筆,1954/11/05,1964/07/27,63657407810,http://www.fpc.com.tw,高雄市仁武區水管路100號,https://www.fpcusa.com/content/uploads/2021/04/formosa-logo-stacked.png,3666507539,S,D0017,Permit Violations - Violation Specified in Comment,08/03/2022,08/03/2022,Please see the TCEQ for details on the Violations covered by this summary Single Event Violation.,ST6,,,,,,,S,Single Event Violations,,,,,,,,,,,,,,,,,,,,,,,,,,,,,,,,,,,,,,,
1301,台灣塑膠工業股份有限公司,Formosa Plastics Corporation,FPC,塑膠工業,,"Formosa Plastics Corporation, U.S.A.",211--美國,,FORMOSA POINT COMFORT PLANT,201 FORMOSA DRIVE,POINT COMFORT,TX,77978,28.6825,-96.545278,1600028209,TX0085570,ECHO覆蓋率稽核,100,"Formosa Plastics Corporation, U.S.A.",台塑集團關係企業 FPC USA 德州 Point Comfort 主廠,郭文筆,1954/11/05,1964/07/27,63657407810,http://www.fpc.com.tw,高雄市仁武區水管路100號,https://www.fpcusa.com/content/uploads/2021/04/formosa-logo-stacked.png,3679111259,S,D0017,Permit Violations - Violation Specified in Comment,09/23/2024,09/23/2024,Please see the TCEQ for details on the Violations covered by this summary Single Event Violation.,ST6,,,,,,,S,Single Event Violations,,,,,,,,,,,,,,,,,,,,,,,,,,,,,,,,,,,,,,,
1301,台灣塑膠工業股份有限公司,Formosa Plastics Corporation,FPC,塑膠工業,,"Formosa Plastics Corporation, U.S.A.",211--美國,,FORMOSA POINT COMFORT PLANT,201 FORMOSA DRIVE,POINT COMFORT,TX,77978,28.6825,-96.545278,1600028209,TX0085570,ECHO覆蓋率稽核,100,"Formosa Plastics Corporation, U.S.A.",台塑集團關係企業 FPC USA 德州 Point Comfort 主廠,郭文筆,1954/11/05,1964/07/27,63657407810,http://www.fpc.com.tw,高雄市仁武區水管路100號,https://www.fpcusa.com/content/uploads/2021/04/formosa-logo-stacked.png,3673763881,S,D0017,Permit Violations - Violation Specified in Comment,11/15/2023,11/15/2023,Please see the TCEQ for details on the Violations covered by this summary Single Event Violation.,ST6,,,,,,,S,Single Event Violations,,,,,,,,,,,,,,,,,,,,,,,,,,,,,,,,,,,,,,,
1301,台灣塑膠工業股份有限公司,Formosa Plastics Corporation,FPC,塑膠工業,,"Formosa Plastics Corporation, U.S.A.",211--美國,,FORMOSA POINT COMFORT PLANT,201 FORMOSA DRIVE,POINT COMFORT,TX,77978,28.6825,-96.545278,1600028209,TX0085570,ECHO覆蓋率稽核,100,"Formosa Plastics Corporation, U.S.A.",台塑集團關係企業 FPC USA 德州 Point Comfort 主廠,郭文筆,1954/11/05,1964/07/27,63657407810,http://www.fpc.com.tw,高雄市仁武區水管路100號,https://www.fpcusa.com/content/uploads/2021/04/formosa-logo-stacked.png,1600034232,C,C20,Schedule Event achieved late but reported,,,,,,,,,,,C,Compliance Schedule Violations,1600017920,1,CS031,Achieve Final Compliance With All Obligations Under This order,07/30/1992,08/05/1992,08/05/1992,,,,,,,,,,,,,,,,,,,,,,,,,,,,,,,,
1301,台灣塑膠工業股份有限公司,Formosa Plastics Corporation,FPC,塑膠工業,,"Formosa Plastics Corporation, U.S.A.",211--美國,,FORMOSA POINT COMFORT PLANT,201 FORMOSA DRIVE,POINT COMFORT,TX,77978,28.6825,-96.545278,1600028209,TX0085570,ECHO覆蓋率稽核,100,"Formosa Plastics Corporation, U.S.A.",台塑集團關係企業 FPC USA 德州 Point Comfort 主廠,郭文筆,1954/11/05,1964/07/27,63657407810,http://www.fpc.com.tw,高雄市仁武區水管路100號,https://www.fpcusa.com/content/uploads/2021/04/formosa-logo-stacked.png,1600044363,C,C20,Schedule Event achieved late but reported,,,,,,,,,,,C,Compliance Schedule Violations,1600016278,1,CS016,Complete Required Work or On-Site Construction,03/01/1987,04/30/1987,05/11/1987,,,,,,,,,,,,,,,,,,,,,,,,,,,,,,,,
1301,台灣塑膠工業股份有限公司,Formosa Plastics Corporation,FPC,塑膠工業,,"Formosa Plastics Corporation, U.S.A.",211--美國,,FORMOSA POINT COMFORT PLANT,201 FORMOSA DRIVE,POINT COMFORT,TX,77978,28.6825,-96.545278,1600028209,TX0085570,ECHO覆蓋率稽核,100,"Formosa Plastics Corporation, U.S.A.",台塑集團關係企業 FPC USA 德州 Point Comfort 主廠,郭文筆,1954/11/05,1964/07/27,63657407810,http://www.fpc.com.tw,高雄市仁武區水管路100號,https://www.fpcusa.com/content/uploads/2021/04/formosa-logo-stacked.png,3674913484,C,C20,Schedule Event achieved late but reported,,,,,,,,,,,C,Compliance Schedule Violations,3600103152,4,CS032,Other (See Comments),01/17/2024,02/15/2024,02/15/2024,,,,,,,,,,,,,,,,,,,,,,,,,,,,,,,,
1301,台灣塑膠工業股份有限公司,Formosa Plastics Corporation,FPC,塑膠工業,,"Formosa Plastics Corporation, U.S.A.",211--美國,,FORMOSA POINT COMFORT PLANT,201 FORMOSA DRIVE,POINT COMFORT,TX,77978,28.6825,-96.545278,1600028209,TX0085570,ECHO覆蓋率稽核,100,"Formosa Plastics Corporation, U.S.A.",台塑集團關係企業 FPC USA 德州 Point Comfort 主廠,郭文筆,1954/11/05,1964/07/27,63657407810,http://www.fpc.com.tw,高雄市仁武區水管路100號,https://www.fpcusa.com/content/uploads/2021/04/formosa-logo-stacked.png,1600037408,C,C30,Schedule Event unachieved but reported,,,,,S,Schedule Violation,05/30/1987,2,RE - Back into Compliance,05/30/1987,C,Compliance Schedule Violations,1600016278,1,CS016,Complete Required Work or On-Site Construction,03/01/1987,04/30/1987,05/11/1987,,,,,,,,,,,,,,,,,,,,,,,,,,,,,,,,
1301,台灣塑膠工業股份有限公司,Formosa Plastics Corporation,FPC,塑膠工業,,"Formosa Plastics Corporation, U.S.A.",211--美國,,FORMOSA POINT COMFORT PLANT,201 FORMOSA DRIVE,POINT COMFORT,TX,77978,28.6825,-96.545278,1600028209,TX0085570,ECHO覆蓋率稽核,100,"Formosa Plastics Corporation, U.S.A.",台塑集團關係企業 FPC USA 德州 Point Comfort 主廠,郭文筆,1954/11/05,1964/07/27,63657407810,http://www.fpc.com.tw,高雄市仁武區水管路100號,https://www.fpcusa.com/content/uploads/2021/04/formosa-logo-stacked.png,1600032923,C,C20,Schedule Event achieved late but reported,,,,,,,,,,,C,Compliance Schedule Violations,1600015698,1,CS031,Achieve Final Compliance With All Obligations Under This order,06/05/1989,08/14/1989,08/17/1989,,,,,,,,,,,,,,,,,,,,,,,,,,,,,,,,
1301,台灣塑膠工業股份有限公司,Formosa Plastics Corporation,FPC,塑膠工業,,"Formosa Plastics Corporation, U.S.A.",211--美國,,FORMOSA POINT COMFORT PLANT,201 FORMOSA DRIVE,POINT COMFORT,TX,77978,28.6825,-96.545278,1600028209,TX0085570,ECHO覆蓋率稽核,100,"Formosa Plastics Corporation, U.S.A.",台塑集團關係企業 FPC USA 德州 Point Comfort 主廠,郭文筆,1954/11/05,1964/07/27,63657407810,http://www.fpc.com.tw,高雄市仁武區水管路100號,https://www.fpcusa.com/content/uploads/2021/04/formosa-logo-stacked.png,1600034748,C,C20,Schedule Event achieved late but reported,,,,,,,,,,,C,Compliance Schedule Violations,1600017290,1,CS031,Achieve Final Compliance With All Obligations Under This order,06/23/1991,07/04/1991,07/04/1991,,,,,,,,,,,,,,,,,,,,,,,,,,,,,,,,
1301,台灣塑膠工業股份有限公司,Formosa Plastics Corporation,FPC,塑膠工業,,"Formosa Plastics Corporation, U.S.A.",211--美國,,FORMOSA POINT COMFORT PLANT,201 FORMOSA DRIVE,POINT COMFORT,TX,77978,28.6825,-96.545278,1600028209,TX0085570,ECHO覆蓋率稽核,100,"Formosa Plastics Corporation, U.S.A.",台塑集團關係企業 FPC USA 德州 Point Comfort 主廠,郭文筆,1954/11/05,1964/07/27,63657407810,http://www.fpc.com.tw,高雄市仁武區水管路100號,https://www.fpcusa.com/content/uploads/2021/04/formosa-logo-stacked.png,3674913483,C,C10,Schedule Event reported late,,,,,,,,,,,C,Compliance Schedule Violations,3600103152,4,CS032,Other (See Comments),01/17/2024,02/15/2024,02/15/2024,,,,,,,,,,,,,,,,,,,,,,,,,,,,,,,,
1301,台灣塑膠工業股份有限公司,Formosa Plastics Corporation,FPC,塑膠工業,,"Formosa Plastics Corporation, U.S.A.",211--美國,,FORMOSA POINT COMFORT PLANT,201 FORMOSA DRIVE,POINT COMFORT,TX,77978,28.6825,-96.545278,1600028209,TX0085570,ECHO覆蓋率稽核,100,"Formosa Plastics Corporation, U.S.A.",台塑集團關係企業 FPC USA 德州 Point Comfort 主廠,郭文筆,1954/11/05,1964/07/27,63657407810,http://www.fpc.com.tw,高雄市仁武區水管路100號,https://www.fpcusa.com/content/uploads/2021/04/formosa-logo-stacked.png,3642266978,P,C40,Schedule Event unachieved and not reported,,,,,,,,,,,P,Permit Schedule Violations,,,CS017,Achieve Final Compliance With Emission or Discharge Limits,06/24/2019,09/09/2019,09/09/2019,3600145261,,,,,,,,,,,,,,,,,,,,,,,,,,,,,,,
1301,台灣塑膠工業股份有限公司,Formosa Plastics Corporation,FPC,塑膠工業,,"Formosa Plastics Corporation, U.S.A.",211--美國,,FORMOSA POINT COMFORT PLANT,201 FORMOSA DRIVE,POINT COMFORT,TX,77978,28.6825,-96.545278,1600028209,TX0085570,ECHO覆蓋率稽核,100,"Formosa Plastics Corporation, U.S.A.",台塑集團關係企業 FPC USA 德州 Point Comfort 主廠,郭文筆,1954/11/05,1964/07/27,63657407810,http://www.fpc.com.tw,高雄市仁武區水管路100號,https://www.fpcusa.com/content/uploads/2021/04/formosa-logo-stacked.png,3640633920,P,C10,Schedule Event reported late,,,,,,,,,,,P,Permit Schedule Violations,,,CS010,Status/Progress Report,01/15/2019,01/17/2019,02/26/2019,3600145259,,,,,,,,,,,,,,,,,,,,,,,,,,,,,,,
1301,台灣塑膠工業股份有限公司,Formosa Plastics Corporation,FPC,塑膠工業,,"Formosa Plastics Corporation, U.S.A.",211--美國,,FORMOSA POINT COMFORT PLANT,201 FORMOSA DRIVE,POINT COMFORT,TX,77978,28.6825,-96.545278,1600028209,TX0085570,ECHO覆蓋率稽核,100,"Formosa Plastics Corporation, U.S.A.",台塑集團關係企業 FPC USA 德州 Point Comfort 主廠,郭文筆,1954/11/05,1964/07/27,63657407810,http://www.fpc.com.tw,高雄市仁武區水管路100號,https://www.fpcusa.com/content/uploads/2021/04/formosa-logo-stacked.png,3640633921,P,C20,Schedule Event achieved late but reported,,,,,,,,,,,P,Permit Schedule Violations,,,CS010,Status/Progress Report,01/15/2019,01/17/2019,02/26/2019,3600145259,,,,,,,,,,,,,,,,,,,,,,,,,,,,,,,
1301,台灣塑膠工業股份有限公司,Formosa Plastics Corporation,FPC,塑膠工業,,"Formosa Plastics Corporation, U.S.A.",211--美國,,FORMOSA POINT COMFORT PLANT,201 FORMOSA DRIVE,POINT COMFORT,TX,77978,28.6825,-96.545278,1600028209,TX0085570,ECHO覆蓋率稽核,100,"Formosa Plastics Corporation, U.S.A.",台塑集團關係企業 FPC USA 德州 Point Comfort 主廠,郭文筆,1954/11/05,1964/07/27,63657407810,http://www.fpc.com.tw,高雄市仁武區水管路100號,https://www.fpcusa.com/content/uploads/2021/04/formosa-logo-stacked.png,3643044531,P,C20,Schedule Event achieved late but reported,,,,,,,,,,,P,Permit Schedule Violations,,,CS017,Achieve Final Compliance With Emission or Discharge Limits,06/24/2019,09/09/2019,09/09/2019,3600145261,,,,,,,,,,,,,,,,,,,,,,,,,,,,,,,
1301,台灣塑膠工業股份有限公司,Formosa Plastics Corporation,FPC,塑膠工業,,"Formosa Plastics Corporation, U.S.A.",211--美國,,FORMOSA POINT COMFORT PLANT,201 FORMOSA DRIVE,POINT COMFORT,TX,77978,28.6825,-96.545278,1600028209,TX0085570,ECHO覆蓋率稽核,100,"Formosa Plastics Corporation, U.S.A.",台塑集團關係企業 FPC USA 德州 Point Comfort 主廠,郭文筆,1954/11/05,1964/07/27,63657407810,http://www.fpc.com.tw,高雄市仁武區水管路100號,https://www.fpcusa.com/content/uploads/2021/04/formosa-logo-stacked.png,3643044532,P,C30,Schedule Event unachieved but reported,,,,,,,,,,,P,Permit Schedule Violations,,,CS017,Achieve Final Compliance With Emission or Discharge Limits,06/24/2019,09/09/2019,09/09/2019,3600145261,,,,,,,,,,,,,,,,,,,,,,,,,,,,,,,
1301,台灣塑膠工業股份有限公司,Formosa Plastics Corporation,FPC,塑膠工業,,"Formosa Plastics Corporation, U.S.A.",211--美國,,FORMOSA POINT COMFORT PLANT,201 FORMOSA DRIVE,POINT COMFORT,TX,77978,28.6825,-96.545278,1600028209,TX0085570,ECHO覆蓋率稽核,100,"Formosa Plastics Corporation, U.S.A.",台塑集團關係企業 FPC USA 德州 Point Comfort 主廠,郭文筆,1954/11/05,1964/07/27,63657407810,http://www.fpc.com.tw,高雄市仁武區水管路100號,https://www.fpcusa.com/content/uploads/2021/04/formosa-logo-stacked.png,3608944208,P,C10,Schedule Event reported late,,,,,,,,,,,P,Permit Schedule Violations,,,CS010,Status/Progress Report,10/15/2016,10/05/2016,02/02/2017,3600145262,,,,,,,,,,,,,,,,,,,,,,,,,,,,,,,
1301,台灣塑膠工業股份有限公司,Formosa Plastics Corporation,FPC,塑膠工業,,"Formosa Plastics Corporation, U.S.A.",211--美國,,FORMOSA POINT COMFORT PLANT,201 FORMOSA DRIVE,POINT COMFORT,TX,77978,28.6825,-96.545278,1600028209,TX0085570,ECHO覆蓋率稽核,100,"Formosa Plastics Corporation, U.S.A.",台塑集團關係企業 FPC USA 德州 Point Comfort 主廠,郭文筆,1954/11/05,1964/07/27,63657407810,http://www.fpc.com.tw,高雄市仁武區水管路100號,https://www.fpcusa.com/content/uploads/2021/04/formosa-logo-stacked.png,3608943211,P,C10,Schedule Event reported late,,,,,,,,,,,P,Permit Schedule Violations,,,CS017,Achieve Final Compliance With Emission or Discharge Limits,12/24/2016,01/06/2017,01/09/2017,3600145263,,,,,,,,,,,,,,,,,,,,,,,,,,,,,,,
1301,台灣塑膠工業股份有限公司,Formosa Plastics Corporation,FPC,塑膠工業,,"Formosa Plastics Corporation, U.S.A.",211--美國,,FORMOSA POINT COMFORT PLANT,201 FORMOSA DRIVE,POINT COMFORT,TX,77978,28.6825,-96.545278,1600028209,TX0085570,ECHO覆蓋率稽核,100,"Formosa Plastics Corporation, U.S.A.",台塑集團關係企業 FPC USA 德州 Point Comfort 主廠,郭文筆,1954/11/05,1964/07/27,63657407810,http://www.fpc.com.tw,高雄市仁武區水管路100號,https://www.fpcusa.com/content/uploads/2021/04/formosa-logo-stacked.png,3643044530,P,C10,Schedule Event reported late,,,,,,,,,,,P,Permit Schedule Violations,,,CS017,Achieve Final Compliance With Emission or Discharge Limits,06/24/2019,09/09/2019,09/09/2019,3600145261,,,,,,,,,,,,,,,,,,,,,,,,,,,,,,,
1301,台灣塑膠工業股份有限公司,Formosa Plastics Corporation,FPC,塑膠工業,,"Formosa Plastics Corporation, U.S.A.",211--美國,,FORMOSA POINT COMFORT PLANT,201 FORMOSA DRIVE,POINT COMFORT,TX,77978,28.6825,-96.545278,1600028209,TX0085570,ECHO覆蓋率稽核,100,"Formosa Plastics Corporation, U.S.A.",台塑集團關係企業 FPC USA 德州 Point Comfort 主廠,郭文筆,1954/11/05,1964/07/27,63657407810,http://www.fpc.com.tw,高雄市仁武區水管路100號,https://www.fpcusa.com/content/uploads/2021/04/formosa-logo-stacked.png,3608943212,P,C20,Schedule Event achieved late but reported,,,,,,,,,,,P,Permit Schedule Violations,,,CS017,Achieve Final Compliance With Emission or Discharge Limits,12/24/2016,01/06/2017,01/09/2017,3600145263,,,,,,,,,,,,,,,,,,,,,,,,,,,,,,,
1301,台灣塑膠工業股份有限公司,Formosa Plastics Corporation,FPC,塑膠工業,,"Formosa Plastics Corporation, U.S.A.",211--美國,,FORMOSA POINT COMFORT PLANT,201 FORMOSA DRIVE,POINT COMFORT,TX,77978,28.6825,-96.545278,1600028209,TX0085570,ECHO覆蓋率稽核,100,"Formosa Plastics Corporation, U.S.A.",台塑集團關係企業 FPC USA 德州 Point Comfort 主廠,郭文筆,1954/11/05,1964/07/27,63657407810,http://www.fpc.com.tw,高雄市仁武區水管路100號,https://www.fpcusa.com/content/uploads/2021/04/formosa-logo-stacked.png,3684448069,P,C20,Schedule Event achieved late but reported,,,,,,,,,,,P,Permit Schedule Violations,,,CPREA,Complete Permit Renewal Application,07/05/2019,07/08/2019,07/08/2019,3601293991,,,,,,,,,,,,,,,,,,,,,,,,,,,,,,,
